Id,Season,Week,Season Type,Start Date,Start Time Tbd,Completed,Neutral Site,Conference Game,Attendance,Venue Id,Venue,Home Id,Home Team,Home Conference,Home Division,Home Points,Home Line Scores,Home Post Win Prob,Home Pregame Elo,Home Postgame Elo,Away Id,Away Team,Away Conference,Away Division,Away Points,Away Line Scores,Away Post Win Prob,Away Pregame Elo,Away Postgame Elo,Excitement Index,Highlights,Notes
57196,1991,1,regular,1991-08-28T00:00:00.000Z,,True,False,,,,,213,Penn State,FBS Independents,fbs,34,,,1714.0,1739.0,59,Georgia Tech,ACC,fbs,22,,,1740.0,1715.0,,,
57197,1991,1,regular,1991-08-29T00:00:00.000Z,,True,False,,,,,52,Florida State,FBS Independents,fbs,44,,,1909.0,1918.0,252,BYU,Western Athletic,fbs,28,,,1623.0,1614.0,,,
57199,1991,1,regular,1991-08-31T00:00:00.000Z,,True,False,,,,,2,Auburn,SEC,fbs,32,,,1675.0,1687.0,290,Georgia Southern,,,17,,,1453.0,1441.0,,,
57202,1991,1,regular,1991-08-31T00:00:00.000Z,,True,False,,,,,36,Colorado State,Western Athletic,fbs,38,,,1569.0,1578.0,2032,Arkansas State,FBS Independents,fbs,24,,,1337.0,1328.0,,,
57203,1991,1,regular,1991-08-31T00:00:00.000Z,,True,False,,,,,61,Georgia,SEC,fbs,48,,,,,2717,Western Carolina,,,0,,,,,,,
57205,1991,1,regular,1991-08-31T00:00:00.000Z,,True,False,,,,,248,Houston,Southwest,fbs,73,,,1808.0,2005.0,2348,Louisiana Tech,FBS Independents,fbs,3,,,1591.0,1394.0,,,
57206,1991,1,regular,1991-08-31T00:00:00.000Z,,True,False,,,,,356,Illinois,Big Ten,fbs,38,,,1571.0,1574.0,151,East Carolina,FBS Independents,fbs,31,,,1454.0,1451.0,,,
57220,1991,1,regular,1991-08-31T00:00:00.000Z,,True,False,,,,,259,Virginia Tech,Big East,fbs,41,,,1605.0,1665.0,256,James Madison,,,12,,,1464.0,1404.0,,,
57219,1991,1,regular,1991-08-31T00:00:00.000Z,,True,False,,,,,254,Utah,Western Athletic,fbs,12,,,1271.0,1280.0,328,Utah State,Big West,fbs,7,,,1365.0,1356.0,,,
57217,1991,1,regular,1991-08-31T00:00:00.000Z,,True,False,True,,,,2638,UTEP,Western Athletic,fbs,35,,,1259.0,1296.0,167,New Mexico,Western Athletic,fbs,19,,,1293.0,1256.0,,,
57200,1991,1,regular,1991-08-31T00:00:00.000Z,,True,False,True,,,,189,Bowling Green,Mid-American,fbs,17,,,1349.0,1369.0,2199,Eastern Michigan,Mid-American,fbs,6,,,1347.0,1327.0,,,
57201,1991,1,regular,1991-08-31T00:00:00.000Z,,True,False,True,,,,2117,Central Michigan,Mid-American,fbs,17,,,1558.0,1541.0,195,Ohio,Mid-American,fbs,17,,,1165.0,1182.0,,,
57204,1991,1,regular,1991-08-31T00:00:00.000Z,,True,False,True,,,,2751,Wyoming,Western Athletic,fbs,17,,,1507.0,1489.0,62,Hawai'i,Western Athletic,fbs,32,,,1685.0,1703.0,,,
57210,1991,1,regular,1991-08-31T00:00:00.000Z,,True,False,True,,,,193,Miami (OH),Mid-American,fbs,15,,,1363.0,1381.0,2050,Ball State,Mid-American,fbs,7,,,1463.0,1445.0,,,
57213,1991,1,regular,1991-08-31T00:00:00.000Z,,True,False,True,,,,277,West Virginia,Big East,fbs,3,,,1521.0,1429.0,221,Pittsburgh,Big East,fbs,34,,,1489.0,1581.0,,,
57214,1991,1,regular,1991-08-31T00:00:00.000Z,,True,False,True,,,,164,Rutgers,Big East,fbs,20,,,1325.0,1340.0,103,Boston College,Big East,fbs,13,,,1414.0,1399.0,,,
57221,1991,1,regular,1991-08-31T00:00:00.000Z,,True,False,True,,,,2711,Western Michigan,Mid-American,fbs,13,,,1431.0,1429.0,2309,Kent State,Mid-American,fbs,10,,,1217.0,1219.0,,,
57218,1991,1,regular,1991-08-31T00:00:00.000Z,,True,False,,,,,202,Tulsa,FBS Independents,fbs,34,,,,,2623,Missouri State,,,13,,,,,,,
57216,1991,1,regular,1991-08-31T00:00:00.000Z,,True,False,,,,,2572,Southern Mississippi,FBS Independents,fbs,25,,,,,2170,Delta State,,,7,,,,,,,
57208,1991,1,regular,1991-08-31T00:00:00.000Z,,True,False,,,,,97,Louisville,FBS Independents,fbs,24,,,,,2198,Eastern Kentucky,,,14,,,,,,,
57198,1991,1,regular,1991-08-31T00:00:00.000Z,,True,False,,,,,2005,Air Force,Western Athletic,fbs,48,,,,,2692,Weber State,,,31,,,,,,,
57209,1991,1,regular,1991-08-31T00:00:00.000Z,,True,False,,,,,8,Arkansas,Southwest,fbs,3,,,1438.0,1423.0,2390,Miami,Big East,fbs,31,,,1980.0,1995.0,,,
57207,1991,1,regular,1991-08-31T00:00:00.000Z,,True,False,,,,,309,Louisiana,FBS Independents,fbs,10,,,1440.0,1412.0,2433,Louisiana Monroe,,,21,,,1392.0,1420.0,,,
57215,1991,1,regular,1991-08-31T00:00:00.000Z,,True,False,,,,,1000044,Pacific,Big West,fbs,40,,,,,16,Sacramento State,,,43,,,,,,,
57212,1991,1,regular,1991-08-31T00:00:00.000Z,,True,False,,,,,344,Mississippi State,SEC,fbs,47,,,1503.0,1576.0,1000012,Cal State Fullerton,Big West,fbs,3,,,1078.0,1005.0,,,
57211,1991,1,regular,1991-08-31T00:00:00.000Z,,True,False,,,,,2655,Tulane,FBS Independents,fbs,3,,,1471.0,1434.0,145,Ole Miss,SEC,fbs,22,,,1562.0,1599.0,,,
57222,1991,1,regular,1991-09-02T00:00:00.000Z,,True,False,,,,,30,USC,Pac-10,fbs,10,,,1699.0,1638.0,235,Memphis,FBS Independents,fbs,24,,,1430.0,1491.0,,,
57223,1991,2,regular,1991-09-05T00:00:00.000Z,,True,False,,,,,97,Louisville,FBS Independents,fbs,11,,,1674.0,1645.0,2633,Tennessee,SEC,fbs,28,,,1793.0,1822.0,,,
57258,1991,2,regular,1991-09-07T00:00:00.000Z,,True,False,,,,,2628,TCU,Southwest,fbs,60,,,1423.0,1563.0,167,New Mexico,Western Athletic,fbs,7,,,1256.0,1116.0,,,
57263,1991,2,regular,1991-09-07T00:00:00.000Z,,True,False,True,,,,24,Stanford,Pac-10,fbs,7,,,1535.0,1480.0,264,Washington,Pac-10,fbs,42,,,1900.0,1955.0,,,
57254,1991,2,regular,1991-09-07T00:00:00.000Z,,True,False,True,,,,213,Penn State,FBS Independents,fbs,81,,,1739.0,1905.0,2132,Cincinnati,FBS Independents,fbs,0,,,1094.0,928.0,,,
57237,1991,2,regular,1991-09-07T00:00:00.000Z,,True,False,True,,,,61,Georgia,SEC,fbs,31,,,1469.0,1523.0,99,LSU,SEC,fbs,10,,,1505.0,1451.0,,,
57226,1991,2,regular,1991-09-07T00:00:00.000Z,,True,False,True,,,,8,Arkansas,Southwest,fbs,17,,,1423.0,1425.0,2567,SMU,Southwest,fbs,6,,,1173.0,1171.0,,,
57224,1991,2,regular,1991-09-07T00:00:00.000Z,,True,False,True,,,,36,Colorado State,Western Athletic,fbs,26,,,1578.0,1564.0,2005,Air Force,Western Athletic,fbs,31,,,1504.0,1518.0,,,
57235,1991,2,regular,1991-09-07T00:00:00.000Z,,True,False,True,,,,52,Florida State,FBS Independents,fbs,38,,,1918.0,1936.0,2655,Tulane,FBS Independents,fbs,11,,,1434.0,1416.0,,,
57243,1991,2,regular,1991-09-07T00:00:00.000Z,,True,False,True,,,,120,Maryland,ACC,fbs,17,,,1498.0,1536.0,258,Virginia,ACC,fbs,6,,,1723.0,1685.0,,,
57253,1991,2,regular,1991-09-07T00:00:00.000Z,,True,False,True,,,,2483,Oregon,Pac-10,fbs,40,,,1609.0,1655.0,265,Washington State,Pac-10,fbs,14,,,1431.0,1385.0,,,
57225,1991,2,regular,1991-09-07T00:00:00.000Z,,True,False,,,,,333,Alabama,SEC,fbs,41,,,1657.0,1733.0,218,Temple,Big East,fbs,3,,,1411.0,1335.0,,,
57227,1991,2,regular,1991-09-07T00:00:00.000Z,,True,False,,,,,2426,Navy,FBS Independents,fbs,10,,,1357.0,1307.0,2050,Ball State,Mid-American,fbs,33,,,1445.0,1495.0,,,
57228,1991,2,regular,1991-09-07T00:00:00.000Z,,True,False,,,,,239,Baylor,Southwest,fbs,27,,,1631.0,1645.0,2638,UTEP,Western Athletic,fbs,7,,,1296.0,1282.0,,,
57229,1991,2,regular,1991-09-07T00:00:00.000Z,,True,False,,,,,25,California,Pac-10,fbs,86,,,1547.0,1707.0,1000044,Pacific,Big West,fbs,24,,,1291.0,1131.0,,,
57230,1991,2,regular,1991-09-07T00:00:00.000Z,,True,False,,,,,2117,Central Michigan,Mid-American,fbs,27,,,1541.0,1540.0,309,Louisiana,FBS Independents,fbs,24,,,1412.0,1413.0,,,
57231,1991,2,regular,1991-09-07T00:00:00.000Z,,True,False,,,,,228,Clemson,ACC,fbs,34,,,1832.0,1864.0,2026,Appalachian State,,,0,,,1305.0,1273.0,,,
57232,1991,2,regular,1991-09-07T00:00:00.000Z,,True,False,,,,,38,Colorado,Big 8,fbs,30,,,1844.0,1850.0,2751,Wyoming,Western Athletic,fbs,13,,,1489.0,1483.0,,,
57233,1991,2,regular,1991-09-07T00:00:00.000Z,,True,False,,,,,150,Duke,ACC,fbs,24,,,1467.0,1471.0,2579,South Carolina,FBS Independents,fbs,24,,,1569.0,1565.0,,,
57234,1991,2,regular,1991-09-07T00:00:00.000Z,,True,False,,,,,57,Florida,SEC,fbs,59,,,1837.0,1924.0,23,San José State,Big West,fbs,21,,,1671.0,1584.0,,,
57236,1991,2,regular,1991-09-07T00:00:00.000Z,,True,False,,,,,278,Fresno State,Big West,fbs,55,,,1484.0,1648.0,2459,Northern Illinois,FBS Independents,fbs,7,,,1583.0,1419.0,,,
57238,1991,2,regular,1991-09-07T00:00:00.000Z,,True,False,,,,,2294,Iowa,Big Ten,fbs,53,,,1647.0,1784.0,62,Hawai'i,Western Athletic,fbs,10,,,1703.0,1566.0,,,
57239,1991,2,regular,1991-09-07T00:00:00.000Z,,True,False,,,,,66,Iowa State,Big 8,fbs,42,,,,,2197,Eastern Illinois,,,13,,,,,,,
57240,1991,2,regular,1991-09-07T00:00:00.000Z,,True,False,,,,,2649,Toledo,Mid-American,fbs,7,,,1524.0,1438.0,2305,Kansas,Big 8,fbs,30,,,1324.0,1410.0,,,
57241,1991,2,regular,1991-09-07T00:00:00.000Z,,True,False,,,,,2306,Kansas State,Big 8,fbs,26,,,,,282,Indiana State,,,25,,,,,,,
57242,1991,2,regular,1991-09-07T00:00:00.000Z,,True,False,,,,,96,Kentucky,SEC,fbs,23,,,1451.0,1451.0,193,Miami (OH),Mid-American,fbs,20,,,1381.0,1381.0,,,
57244,1991,2,regular,1991-09-07T00:00:00.000Z,,True,False,,,,,103,Boston College,Big East,fbs,13,,,1399.0,1386.0,130,Michigan,Big Ten,fbs,35,,,1813.0,1826.0,,,
57245,1991,2,regular,1991-09-07T00:00:00.000Z,,True,False,,,,,235,Memphis,FBS Independents,fbs,0,,,1491.0,1479.0,145,Ole Miss,SEC,fbs,10,,,1599.0,1611.0,,,
57246,1991,2,regular,1991-09-07T00:00:00.000Z,,True,False,,,,,344,Mississippi State,SEC,fbs,13,,,1576.0,1592.0,251,Texas,Southwest,fbs,6,,,1679.0,1663.0,,,
57247,1991,2,regular,1991-09-07T00:00:00.000Z,,True,False,,,,,158,Nebraska,Big 8,fbs,59,,,1737.0,1776.0,328,Utah State,Big West,fbs,28,,,1356.0,1317.0,,,
57248,1991,2,regular,1991-09-07T00:00:00.000Z,,True,False,,,,,2440,Nevada,,,50,,,1551.0,1635.0,2439,UNLV,Big West,fbs,8,,,1259.0,1175.0,,,
57249,1991,2,regular,1991-09-07T00:00:00.000Z,,True,False,,,,,152,NC State,ACC,fbs,7,,,1623.0,1635.0,259,Virginia Tech,Big East,fbs,0,,,1665.0,1653.0,,,
57255,1991,2,regular,1991-09-07T00:00:00.000Z,,True,False,,,,,221,Pittsburgh,Big East,fbs,35,,,1581.0,1629.0,2572,Southern Mississippi,FBS Independents,fbs,14,,,1567.0,1519.0,,,
57250,1991,2,regular,1991-09-07T00:00:00.000Z,,True,False,,,,,2032,Arkansas State,FBS Independents,fbs,3,,,,,2466,Northwestern State,,,28,,,,,,,
57251,1991,2,regular,1991-09-07T00:00:00.000Z,,True,False,,,,,87,Notre Dame,FBS Independents,fbs,49,,,1774.0,1806.0,84,Indiana,Big Ten,fbs,27,,,1571.0,1539.0,,,
57252,1991,2,regular,1991-09-07T00:00:00.000Z,,True,False,,,,,194,Ohio State,Big Ten,fbs,38,,,1645.0,1687.0,12,Arizona,Pac-10,fbs,14,,,1487.0,1445.0,,,
57256,1991,2,regular,1991-09-07T00:00:00.000Z,,True,False,,,,,2509,Purdue,Big Ten,fbs,49,,,1319.0,1460.0,2199,Eastern Michigan,Mid-American,fbs,3,,,1327.0,1186.0,,,
57257,1991,2,regular,1991-09-07T00:00:00.000Z,,True,False,,,,,183,Syracuse,Big East,fbs,37,,,1721.0,1738.0,238,Vanderbilt,SEC,fbs,10,,,1232.0,1215.0,,,
57259,1991,2,regular,1991-09-07T00:00:00.000Z,,True,False,,,,,2641,Texas Tech,Southwest,fbs,41,,,1577.0,1604.0,1000012,Cal State Fullerton,Big West,fbs,7,,,1005.0,978.0,,,
57260,1991,2,regular,1991-09-07T00:00:00.000Z,,True,False,,,,,202,Tulsa,FBS Independents,fbs,13,,,1361.0,1374.0,197,Oklahoma State,Big 8,fbs,7,,,1466.0,1453.0,,,
57261,1991,2,regular,1991-09-07T00:00:00.000Z,,True,False,,,,,26,UCLA,Pac-10,fbs,27,,,1566.0,1570.0,252,BYU,Western Athletic,fbs,23,,,1614.0,1610.0,,,
57262,1991,2,regular,1991-09-07T00:00:00.000Z,,True,False,,,,,204,Oregon State,Pac-10,fbs,10,,,1253.0,1229.0,254,Utah,Western Athletic,fbs,22,,,1280.0,1304.0,,,
57264,1991,2,regular,1991-09-07T00:00:00.000Z,,True,False,,,,,277,West Virginia,Big East,fbs,24,,,1429.0,1435.0,189,Bowling Green,Mid-American,fbs,17,,,1369.0,1363.0,,,
57265,1991,2,regular,1991-09-07T00:00:00.000Z,,True,False,,,,,2711,Western Michigan,Mid-American,fbs,35,,,1429.0,1482.0,2006,Akron,FBS Independents,fbs,12,,,1398.0,1345.0,,,
57266,1991,2,regular,1991-09-08T00:00:00.000Z,,True,False,,,,,21,San Diego State,Western Athletic,fbs,49,,,1588.0,1648.0,1000006,Long Beach State,Big West,fbs,13,,,1261.0,1201.0,,,
57267,1991,3,regular,1991-09-12T00:00:00.000Z,,True,False,,,,,2390,Miami,Big East,fbs,40,,,1995.0,2077.0,248,Houston,Southwest,fbs,10,,,2005.0,1923.0,,,
57305,1991,3,regular,1991-09-14T00:00:00.000Z,,True,False,,,,,21,San Diego State,Western Athletic,fbs,55,,,1648.0,1649.0,1000044,Pacific,Big West,fbs,34,,,1131.0,1130.0,,,
57306,1991,3,regular,1991-09-14T00:00:00.000Z,,True,False,,,,,30,USC,Pac-10,fbs,21,,,1638.0,1680.0,213,Penn State,FBS Independents,fbs,10,,,1905.0,1863.0,,,
57307,1991,3,regular,1991-09-14T00:00:00.000Z,,True,False,,,,,120,Maryland,ACC,fbs,17,,,1536.0,1523.0,183,Syracuse,Big East,fbs,31,,,1738.0,1751.0,,,
57308,1991,3,regular,1991-09-14T00:00:00.000Z,,True,False,,,,,2633,Tennessee,SEC,fbs,30,,,1822.0,1829.0,26,UCLA,Pac-10,fbs,16,,,1570.0,1563.0,,,
57315,1991,3,regular,1991-09-14T00:00:00.000Z,,True,False,,,,,277,West Virginia,Big East,fbs,21,,,1435.0,1446.0,2579,South Carolina,FBS Independents,fbs,16,,,1565.0,1554.0,,,
57309,1991,3,regular,1991-09-14T00:00:00.000Z,,True,False,,,,,245,Texas A&M,Southwest,fbs,45,,,1887.0,1940.0,99,LSU,SEC,fbs,7,,,1451.0,1398.0,,,
57310,1991,3,regular,1991-09-14T00:00:00.000Z,,True,False,,,,,2628,TCU,Southwest,fbs,22,,,1563.0,1567.0,2050,Ball State,Mid-American,fbs,16,,,1495.0,1491.0,,,
57311,1991,3,regular,1991-09-14T00:00:00.000Z,,True,False,,,,,166,New Mexico State,Big West,fbs,21,,,1081.0,1089.0,2638,UTEP,Western Athletic,fbs,22,,,1282.0,1274.0,,,
57312,1991,3,regular,1991-09-14T00:00:00.000Z,,True,False,,,,,238,Vanderbilt,SEC,fbs,14,,,1215.0,1215.0,2567,SMU,Southwest,fbs,11,,,1171.0,1171.0,,,
57313,1991,3,regular,1991-09-14T00:00:00.000Z,,True,False,,,,,258,Virginia,ACC,fbs,17,,,1685.0,1675.0,2426,Navy,FBS Independents,fbs,10,,,1307.0,1317.0,,,
57314,1991,3,regular,1991-09-14T00:00:00.000Z,,True,False,,,,,154,Wake Forest,ACC,fbs,40,,,,,2717,Western Carolina,,,24,,,,,,,
57270,1991,3,regular,1991-09-14T00:00:00.000Z,,True,False,,,,,197,Oklahoma State,Big 8,fbs,3,,,1453.0,1389.0,9,Arizona State,Pac-10,fbs,30,,,1529.0,1593.0,,,
57271,1991,3,regular,1991-09-14T00:00:00.000Z,,True,False,,,,,349,Army,FBS Independents,fbs,51,,,,,2142,Colgate,,,22,,,,,,,
57273,1991,3,regular,1991-09-14T00:00:00.000Z,,True,False,,,,,38,Colorado,Big 8,fbs,14,,,1850.0,1835.0,239,Baylor,Southwest,fbs,16,,,1645.0,1660.0,,,
57274,1991,3,regular,1991-09-14T00:00:00.000Z,,True,False,,,,,68,Boise State,,,48,,,1463.0,1524.0,1000006,Long Beach State,Big West,fbs,14,,,1201.0,1140.0,,,
57275,1991,3,regular,1991-09-14T00:00:00.000Z,,True,False,,,,,25,California,Pac-10,fbs,42,,,1707.0,1740.0,2509,Purdue,Big Ten,fbs,18,,,1460.0,1427.0,,,
57301,1991,3,regular,1991-09-14T00:00:00.000Z,,True,False,,,,,201,Oklahoma,Big 8,fbs,40,,,1867.0,1918.0,249,North Texas,,,2,,,1413.0,1362.0,,,
57304,1991,3,regular,1991-09-14T00:00:00.000Z,,True,False,,,,,77,Northwestern,Big Ten,fbs,7,,,1227.0,1174.0,242,Rice,Southwest,fbs,36,,,1451.0,1504.0,,,
57302,1991,3,regular,1991-09-14T00:00:00.000Z,,True,False,,,,,2641,Texas Tech,Southwest,fbs,13,,,1604.0,1574.0,2483,Oregon,Pac-10,fbs,28,,,1655.0,1685.0,,,
57298,1991,3,regular,1991-09-14T00:00:00.000Z,,True,False,True,,,,2459,Northern Illinois,FBS Independents,fbs,22,,,1419.0,1417.0,2032,Arkansas State,FBS Independents,fbs,21,,,1328.0,1330.0,,,
57283,1991,3,regular,1991-09-14T00:00:00.000Z,,True,False,True,,,,62,Hawai'i,Western Athletic,fbs,35,,,1566.0,1575.0,167,New Mexico,Western Athletic,fbs,13,,,1116.0,1107.0,,,
57272,1991,3,regular,1991-09-14T00:00:00.000Z,,True,False,True,,,,2,Auburn,SEC,fbs,23,,,1687.0,1699.0,145,Ole Miss,SEC,fbs,13,,,1611.0,1599.0,,,
57269,1991,3,regular,1991-09-14T00:00:00.000Z,,True,False,True,,,,12,Arizona,Pac-10,fbs,28,,,1445.0,1451.0,24,Stanford,Pac-10,fbs,23,,,1480.0,1474.0,,,
57268,1991,3,regular,1991-09-14T00:00:00.000Z,,True,False,True,,,,254,Utah,Western Athletic,fbs,21,,,1304.0,1312.0,2005,Air Force,Western Athletic,fbs,24,,,1518.0,1510.0,,,
57278,1991,3,regular,1991-09-14T00:00:00.000Z,,True,False,True,,,,151,East Carolina,FBS Independents,fbs,20,,,1451.0,1462.0,235,Memphis,FBS Independents,fbs,13,,,1479.0,1468.0,,,
57279,1991,3,regular,1991-09-14T00:00:00.000Z,,True,False,True,,,,57,Florida,SEC,fbs,35,,,1924.0,1997.0,333,Alabama,SEC,fbs,0,,,1733.0,1660.0,,,
57289,1991,3,regular,1991-09-14T00:00:00.000Z,,True,False,True,,,,193,Miami (OH),Mid-American,fbs,29,,,1381.0,1425.0,2199,Eastern Michigan,Mid-American,fbs,3,,,1186.0,1142.0,,,
57303,1991,3,regular,1991-09-14T00:00:00.000Z,,True,False,True,,,,221,Pittsburgh,Big East,fbs,26,,,1629.0,1644.0,218,Temple,Big East,fbs,7,,,1335.0,1320.0,,,
57317,1991,3,regular,1991-09-14T00:00:00.000Z,,True,False,,,,,2751,Wyoming,Western Athletic,fbs,28,,,1483.0,1503.0,309,Louisiana,FBS Independents,fbs,15,,,1413.0,1393.0,,,
57316,1991,3,regular,1991-09-14T00:00:00.000Z,,True,False,,,,,275,Wisconsin,Big Ten,fbs,31,,,,,2710,Western Illinois,,,13,,,,,,,
57276,1991,3,regular,1991-09-14T00:00:00.000Z,,True,False,,,,,127,Michigan State,Big Ten,fbs,3,,,1686.0,1629.0,2117,Central Michigan,Mid-American,fbs,20,,,1540.0,1597.0,,,
57277,1991,3,regular,1991-09-14T00:00:00.000Z,,True,False,,,,,150,Duke,ACC,fbs,42,,,1471.0,1504.0,164,Rutgers,Big East,fbs,22,,,1340.0,1307.0,,,
57280,1991,3,regular,1991-09-14T00:00:00.000Z,,True,False,,,,,52,Florida State,FBS Independents,fbs,58,,,1936.0,2051.0,2711,Western Michigan,Mid-American,fbs,0,,,1482.0,1367.0,,,
57281,1991,3,regular,1991-09-14T00:00:00.000Z,,True,False,,,,,265,Washington State,Pac-10,fbs,30,,,1385.0,1395.0,278,Fresno State,Big West,fbs,34,,,1648.0,1638.0,,,
57282,1991,3,regular,1991-09-14T00:00:00.000Z,,True,False,,,,,103,Boston College,Big East,fbs,14,,,1386.0,1380.0,59,Georgia Tech,ACC,fbs,30,,,1715.0,1721.0,,,
57284,1991,3,regular,1991-09-14T00:00:00.000Z,,True,False,,,,,2006,Akron,FBS Independents,fbs,3,,,,,2287,Illinois State,,,25,,,,,,,
57285,1991,3,regular,1991-09-14T00:00:00.000Z,,True,False,,,,,66,Iowa State,Big 8,fbs,10,,,1445.0,1433.0,2294,Iowa,Big Ten,fbs,29,,,1784.0,1796.0,,,
57286,1991,3,regular,1991-09-14T00:00:00.000Z,,True,False,,,,,2305,Kansas,Big 8,fbs,23,,,1410.0,1415.0,202,Tulsa,FBS Independents,fbs,17,,,1374.0,1369.0,,,
57287,1991,3,regular,1991-09-14T00:00:00.000Z,,True,False,,,,,2306,Kansas State,Big 8,fbs,41,,,,,304,Idaho State,,,7,,,,,,,
57288,1991,3,regular,1991-09-14T00:00:00.000Z,,True,False,,,,,2348,Louisiana Tech,FBS Independents,fbs,21,,,,,149,Montana,,,11,,,,,,,
57290,1991,3,regular,1991-09-14T00:00:00.000Z,,True,False,,,,,130,Michigan,Big Ten,fbs,24,,,1826.0,1842.0,87,Notre Dame,FBS Independents,fbs,14,,,1806.0,1790.0,,,
57291,1991,3,regular,1991-09-14T00:00:00.000Z,,True,False,,,,,135,Minnesota,Big Ten,fbs,26,,,1481.0,1493.0,23,San José State,Big West,fbs,20,,,1584.0,1572.0,,,
57292,1991,3,regular,1991-09-14T00:00:00.000Z,,True,False,,,,,344,Mississippi State,SEC,fbs,48,,,1592.0,1713.0,2655,Tulane,FBS Independents,fbs,0,,,1416.0,1295.0,,,
57293,1991,3,regular,1991-09-14T00:00:00.000Z,,True,False,,,,,142,Missouri,Big 8,fbs,23,,,1360.0,1370.0,356,Illinois,Big Ten,fbs,19,,,1574.0,1564.0,,,
57294,1991,3,regular,1991-09-14T00:00:00.000Z,,True,False,,,,,158,Nebraska,Big 8,fbs,71,,,1776.0,1924.0,36,Colorado State,Western Athletic,fbs,14,,,1564.0,1416.0,,,
57295,1991,3,regular,1991-09-14T00:00:00.000Z,,True,False,,,,,2439,UNLV,Big West,fbs,23,,,1175.0,1208.0,204,Oregon State,Pac-10,fbs,9,,,1229.0,1196.0,,,
57296,1991,3,regular,1991-09-14T00:00:00.000Z,,True,False,,,,,153,North Carolina,ACC,fbs,51,,,1507.0,1536.0,2132,Cincinnati,FBS Independents,fbs,16,,,928.0,899.0,,,
57297,1991,3,regular,1991-09-14T00:00:00.000Z,,True,False,,,,,152,NC State,ACC,fbs,47,,,1635.0,1719.0,2309,Kent State,Mid-American,fbs,0,,,1219.0,1135.0,,,
57299,1991,3,regular,1991-09-14T00:00:00.000Z,,True,False,,,,,195,Ohio,Mid-American,fbs,35,,,,,2635,Tennessee Tech,,,14,,,,,,,
57300,1991,3,regular,1991-09-14T00:00:00.000Z,,True,False,,,,,194,Ohio State,Big Ten,fbs,23,,,1687.0,1696.0,97,Louisville,FBS Independents,fbs,15,,,1645.0,1636.0,,,
57318,1991,4,regular,1991-09-19T00:00:00.000Z,,True,False,True,,,,59,Georgia Tech,ACC,fbs,24,,,1721.0,1721.0,258,Virginia,ACC,fbs,21,,,1675.0,1675.0,,,
57324,1991,4,regular,1991-09-21T00:00:00.000Z,,True,False,True,,,,2050,Ball State,Mid-American,fbs,28,,,1491.0,1480.0,2309,Kent State,Mid-American,fbs,27,,,1135.0,1146.0,,,
57353,1991,4,regular,1991-09-21T00:00:00.000Z,,True,False,True,,,,1000006,Long Beach State,Big West,fbs,20,,,1140.0,1150.0,23,San José State,Big West,fbs,32,,,1572.0,1562.0,,,
57357,1991,4,regular,1991-09-21T00:00:00.000Z,,True,False,True,,,,2633,Tennessee,SEC,fbs,26,,,1829.0,1828.0,344,Mississippi State,SEC,fbs,24,,,1713.0,1714.0,,,
57367,1991,4,regular,1991-09-21T00:00:00.000Z,,True,False,,,,,2751,Wyoming,Western Athletic,fbs,22,,,1503.0,1511.0,2641,Texas Tech,Southwest,fbs,17,,,1574.0,1566.0,,,
57366,1991,4,regular,1991-09-21T00:00:00.000Z,,True,False,,,,,275,Wisconsin,Big Ten,fbs,7,,,1317.0,1321.0,66,Iowa State,Big 8,fbs,6,,,1433.0,1429.0,,,
57365,1991,4,regular,1991-09-21T00:00:00.000Z,,True,False,,,,,2426,Navy,FBS Independents,fbs,21,,,,,2729,William & Mary,,,26,,,,,,,
57364,1991,4,regular,1991-09-21T00:00:00.000Z,,True,False,,,,,120,Maryland,ACC,fbs,7,,,1523.0,1428.0,277,West Virginia,Big East,fbs,37,,,1446.0,1541.0,,,
57363,1991,4,regular,1991-09-21T00:00:00.000Z,,True,False,,,,,158,Nebraska,Big 8,fbs,21,,,1924.0,1892.0,264,Washington,Pac-10,fbs,36,,,1955.0,1987.0,,,
57362,1991,4,regular,1991-09-21T00:00:00.000Z,,True,False,,,,,254,Utah,Western Athletic,fbs,24,,,1312.0,1345.0,2483,Oregon,Pac-10,fbs,17,,,1685.0,1652.0,,,
57361,1991,4,regular,1991-09-21T00:00:00.000Z,,True,False,,,,,202,Tulsa,FBS Independents,fbs,35,,,1369.0,1384.0,245,Texas A&M,Southwest,fbs,34,,,1940.0,1925.0,,,
57359,1991,4,regular,1991-09-21T00:00:00.000Z,,True,False,,,,,2638,UTEP,Western Athletic,fbs,14,,,,,2466,Northwestern State,,,0,,,,,,,
57358,1991,4,regular,1991-09-21T00:00:00.000Z,,True,False,,,,,197,Oklahoma State,Big 8,fbs,21,,,1389.0,1395.0,2628,TCU,Southwest,fbs,24,,,1567.0,1561.0,,,
57356,1991,4,regular,1991-09-21T00:00:00.000Z,,True,False,,,,,183,Syracuse,Big East,fbs,38,,,1751.0,1814.0,57,Florida,SEC,fbs,21,,,1997.0,1934.0,,,
57355,1991,4,regular,1991-09-21T00:00:00.000Z,,True,False,,,,,2572,Southern Mississippi,FBS Independents,fbs,39,,,1519.0,1593.0,36,Colorado State,Western Athletic,fbs,7,,,1416.0,1342.0,,,
57354,1991,4,regular,1991-09-21T00:00:00.000Z,,True,False,,,,,2579,South Carolina,FBS Independents,fbs,28,,,1554.0,1569.0,259,Virginia Tech,Big East,fbs,21,,,1653.0,1638.0,,,
57352,1991,4,regular,1991-09-21T00:00:00.000Z,,True,False,,,,,164,Rutgers,Big East,fbs,22,,,1307.0,1306.0,77,Northwestern,Big Ten,fbs,18,,,1174.0,1175.0,,,
57351,1991,4,regular,1991-09-21T00:00:00.000Z,,True,False,,,,,2655,Tulane,FBS Independents,fbs,19,,,1295.0,1294.0,242,Rice,Southwest,fbs,28,,,1504.0,1505.0,,,
57350,1991,4,regular,1991-09-21T00:00:00.000Z,,True,False,,,,,213,Penn State,FBS Independents,fbs,33,,,1863.0,1901.0,252,BYU,Western Athletic,fbs,7,,,1610.0,1572.0,,,
57349,1991,4,regular,1991-09-21T00:00:00.000Z,,True,False,,,,,201,Oklahoma,Big 8,fbs,55,,,1918.0,1942.0,328,Utah State,Big West,fbs,21,,,1317.0,1293.0,,,
57348,1991,4,regular,1991-09-21T00:00:00.000Z,,True,False,,,,,194,Ohio State,Big Ten,fbs,33,,,1696.0,1700.0,265,Washington State,Pac-10,fbs,19,,,1395.0,1391.0,,,
57347,1991,4,regular,1991-09-21T00:00:00.000Z,,True,False,,,,,87,Notre Dame,FBS Independents,fbs,49,,,1790.0,1881.0,127,Michigan State,Big Ten,fbs,10,,,1629.0,1538.0,,,
57345,1991,4,regular,1991-09-21T00:00:00.000Z,,True,False,,,,,349,Army,FBS Independents,fbs,12,,,1377.0,1374.0,153,North Carolina,ACC,fbs,20,,,1536.0,1539.0,,,
57344,1991,4,regular,1991-09-21T00:00:00.000Z,,True,False,,,,,167,New Mexico,Western Athletic,fbs,22,,,1107.0,1111.0,2439,UNLV,Big West,fbs,23,,,1208.0,1204.0,,,
57343,1991,4,regular,1991-09-21T00:00:00.000Z,,True,False,,,,,145,Ole Miss,SEC,fbs,38,,,1599.0,1616.0,195,Ohio,Mid-American,fbs,14,,,1182.0,1165.0,,,
57341,1991,4,regular,1991-09-21T00:00:00.000Z,,True,False,,,,,2199,Eastern Michigan,Mid-American,fbs,14,,,1142.0,1152.0,2348,Louisiana Tech,FBS Independents,fbs,17,,,1394.0,1384.0,,,
57339,1991,4,regular,1991-09-21T00:00:00.000Z,,True,False,,,,,2306,Kansas State,Big 8,fbs,34,,,1323.0,1370.0,2459,Northern Illinois,FBS Independents,fbs,17,,,1417.0,1370.0,,,
57338,1991,4,regular,1991-09-21T00:00:00.000Z,,True,False,,,,,2305,Kansas,Big 8,fbs,54,,,1415.0,1488.0,166,New Mexico State,Big West,fbs,14,,,1089.0,1016.0,,,
57337,1991,4,regular,1991-09-21T00:00:00.000Z,,True,False,,,,,84,Indiana,Big Ten,fbs,13,,,1539.0,1539.0,96,Kentucky,SEC,fbs,10,,,1451.0,1451.0,,,
57336,1991,4,regular,1991-09-21T00:00:00.000Z,,True,False,,,,,356,Illinois,Big Ten,fbs,51,,,1564.0,1743.0,248,Houston,Southwest,fbs,10,,,1923.0,1744.0,,,
57335,1991,4,regular,1991-09-21T00:00:00.000Z,,True,False,,,,,62,Hawai'i,Western Athletic,fbs,30,,,1575.0,1562.0,1000044,Pacific,Big West,fbs,21,,,1130.0,1143.0,,,
57334,1991,4,regular,1991-09-21T00:00:00.000Z,,True,False,,,,,204,Oregon State,Pac-10,fbs,20,,,1196.0,1216.0,278,Fresno State,Big West,fbs,24,,,1638.0,1618.0,,,
57333,1991,4,regular,1991-09-21T00:00:00.000Z,,True,False,,,,,2116,UCF,,,25,,,1464.0,1407.0,151,East Carolina,FBS Independents,fbs,47,,,1462.0,1519.0,,,
57332,1991,4,regular,1991-09-21T00:00:00.000Z,,True,False,,,,,150,Duke,ACC,fbs,42,,,,,2142,Colgate,,,14,,,,,,,
57331,1991,4,regular,1991-09-21T00:00:00.000Z,,True,False,,,,,38,Colorado,Big 8,fbs,58,,,1835.0,1967.0,135,Minnesota,Big Ten,fbs,0,,,1493.0,1361.0,,,
57330,1991,4,regular,1991-09-21T00:00:00.000Z,,True,False,,,,,228,Clemson,ACC,fbs,37,,,1864.0,1883.0,218,Temple,Big East,fbs,7,,,1320.0,1301.0,,,
57329,1991,4,regular,1991-09-21T00:00:00.000Z,,True,False,,,,,2117,Central Michigan,Mid-American,fbs,31,,,1597.0,1594.0,2006,Akron,FBS Independents,fbs,29,,,1345.0,1348.0,,,
57327,1991,4,regular,1991-09-21T00:00:00.000Z,,True,False,,,,,1000012,Cal State Fullerton,Big West,fbs,17,,,,,1000887,Cal State Northridge,,,10,,,,,,,
57326,1991,4,regular,1991-09-21T00:00:00.000Z,,True,False,,,,,189,Bowling Green,Mid-American,fbs,20,,,1363.0,1353.0,2132,Cincinnati,FBS Independents,fbs,16,,,899.0,909.0,,,
57325,1991,4,regular,1991-09-21T00:00:00.000Z,,True,False,,,,,239,Baylor,Southwest,fbs,47,,,1660.0,1694.0,142,Missouri,Big 8,fbs,21,,,1370.0,1336.0,,,
57323,1991,4,regular,1991-09-21T00:00:00.000Z,,True,False,,,,,251,Texas,Southwest,fbs,10,,,1663.0,1659.0,2,Auburn,SEC,fbs,14,,,1699.0,1703.0,,,
57322,1991,4,regular,1991-09-21T00:00:00.000Z,,True,False,,,,,8,Arkansas,Southwest,fbs,9,,,1425.0,1425.0,309,Louisiana,FBS Independents,fbs,7,,,1393.0,1393.0,,,
57360,1991,4,regular,1991-09-21T00:00:00.000Z,,True,False,True,,,,2711,Western Michigan,Mid-American,fbs,13,,,1367.0,1352.0,2649,Toledo,Mid-American,fbs,23,,,1438.0,1453.0,,,
57342,1991,4,regular,1991-09-21T00:00:00.000Z,,True,False,True,,,,235,Memphis,FBS Independents,fbs,31,,,1468.0,1475.0,2032,Arkansas State,FBS Independents,fbs,21,,,1330.0,1323.0,,,
57340,1991,4,regular,1991-09-21T00:00:00.000Z,,True,False,True,,,,99,LSU,SEC,fbs,16,,,1398.0,1396.0,238,Vanderbilt,SEC,fbs,14,,,1215.0,1217.0,,,
57328,1991,4,regular,1991-09-21T00:00:00.000Z,,True,False,True,,,,12,Arizona,Pac-10,fbs,21,,,1451.0,1463.0,25,California,Pac-10,fbs,23,,,1740.0,1728.0,,,
57320,1991,4,regular,1991-09-21T00:00:00.000Z,,True,False,True,,,,333,Alabama,SEC,fbs,10,,,1660.0,1667.0,61,Georgia,SEC,fbs,0,,,1523.0,1516.0,,,
57319,1991,4,regular,1991-09-21T00:00:00.000Z,,True,False,True,,,,2005,Air Force,Western Athletic,fbs,21,,,1510.0,1515.0,21,San Diego State,Western Athletic,fbs,20,,,1649.0,1644.0,,,
57321,1991,4,regular,1991-09-21T00:00:00.000Z,,True,False,True,,,,30,USC,Pac-10,fbs,25,,,1680.0,1660.0,9,Arizona State,Pac-10,fbs,32,,,1593.0,1613.0,,,
57346,1991,4,regular,1991-09-21T00:00:00.000Z,,True,False,True,,,,154,Wake Forest,ACC,fbs,3,,,1361.0,1329.0,152,NC State,ACC,fbs,30,,,1719.0,1751.0,,,
57368,1991,5,regular,1991-09-26T00:00:00.000Z,,True,False,,,,,21,San Diego State,Western Athletic,fbs,12,,,1644.0,1567.0,26,UCLA,Pac-10,fbs,37,,,1563.0,1640.0,,,
57402,1991,5,regular,1991-09-28T00:00:00.000Z,,True,False,True,,,,328,Utah State,Big West,fbs,7,,,1293.0,1281.0,23,San José State,Big West,fbs,23,,,1562.0,1574.0,,,
57403,1991,5,regular,1991-09-28T00:00:00.000Z,,True,False,True,,,,2483,Oregon,Pac-10,fbs,14,,,1652.0,1615.0,30,USC,Pac-10,fbs,30,,,1660.0,1697.0,,,
57375,1991,5,regular,1991-09-28T00:00:00.000Z,,True,False,,,,,2426,Navy,FBS Independents,fbs,19,,,1317.0,1315.0,189,Bowling Green,Mid-American,fbs,22,,,1353.0,1355.0,,,
57371,1991,5,regular,1991-09-28T00:00:00.000Z,,True,False,,,,,12,Arizona,Pac-10,fbs,45,,,1463.0,1490.0,1000006,Long Beach State,Big West,fbs,21,,,1150.0,1123.0,,,
57369,1991,5,regular,1991-09-28T00:00:00.000Z,,True,False,,,,,2006,Akron,FBS Independents,fbs,49,,,,,2464,Northern Arizona,,,14,,,,,,,
57396,1991,5,regular,1991-09-28T00:00:00.000Z,,True,False,,,,,77,Northwestern,Big Ten,fbs,41,,,1175.0,1264.0,154,Wake Forest,ACC,fbs,14,,,1329.0,1240.0,,,
57397,1991,5,regular,1991-09-28T00:00:00.000Z,,True,False,,,,,2509,Purdue,Big Ten,fbs,20,,,1427.0,1411.0,87,Notre Dame,FBS Independents,fbs,45,,,1881.0,1897.0,,,
57398,1991,5,regular,1991-09-28T00:00:00.000Z,,True,False,,,,,201,Oklahoma,Big 8,fbs,27,,,1942.0,1939.0,259,Virginia Tech,Big East,fbs,17,,,1638.0,1641.0,,,
57399,1991,5,regular,1991-09-28T00:00:00.000Z,,True,False,,,,,213,Penn State,FBS Independents,fbs,28,,,1901.0,1884.0,103,Boston College,Big East,fbs,21,,,1380.0,1397.0,,,
57400,1991,5,regular,1991-09-28T00:00:00.000Z,,True,False,,,,,135,Minnesota,Big Ten,fbs,13,,,1361.0,1373.0,221,Pittsburgh,Big East,fbs,14,,,1644.0,1632.0,,,
57401,1991,5,regular,1991-09-28T00:00:00.000Z,,True,False,,,,,127,Michigan State,Big Ten,fbs,7,,,1538.0,1505.0,164,Rutgers,Big East,fbs,14,,,1306.0,1339.0,,,
57404,1991,5,regular,1991-09-28T00:00:00.000Z,,True,False,,,,,24,Stanford,Pac-10,fbs,28,,,1474.0,1516.0,38,Colorado,Big 8,fbs,21,,,1967.0,1925.0,,,
57405,1991,5,regular,1991-09-28T00:00:00.000Z,,True,False,,,,,2655,Tulane,FBS Independents,fbs,0,,,1294.0,1286.0,183,Syracuse,Big East,fbs,24,,,1814.0,1822.0,,,
57406,1991,5,regular,1991-09-28T00:00:00.000Z,,True,False,,,,,218,Temple,Big East,fbs,40,,,,,47,Howard,,,0,,,,,,,
57408,1991,5,regular,1991-09-28T00:00:00.000Z,,True,False,,,,,245,Texas A&M,Southwest,fbs,34,,,1925.0,1938.0,309,Louisiana,FBS Independents,fbs,7,,,1393.0,1380.0,,,
57380,1991,5,regular,1991-09-28T00:00:00.000Z,,True,False,True,,,,151,East Carolina,FBS Independents,fbs,31,,,1519.0,1543.0,2579,South Carolina,FBS Independents,fbs,20,,,1569.0,1545.0,,,
57410,1991,5,regular,1991-09-28T00:00:00.000Z,,True,False,True,,,,2638,UTEP,Western Athletic,fbs,28,,,1274.0,1283.0,2751,Wyoming,Western Athletic,fbs,28,,,1511.0,1502.0,,,
57412,1991,5,regular,1991-09-28T00:00:00.000Z,,True,False,,,,,264,Washington,Pac-10,fbs,56,,,1987.0,2064.0,2306,Kansas State,Big 8,fbs,3,,,1370.0,1293.0,,,
57413,1991,5,regular,1991-09-28T00:00:00.000Z,,True,False,,,,,2439,UNLV,Big West,fbs,13,,,1204.0,1153.0,265,Washington State,Pac-10,fbs,40,,,1391.0,1442.0,,,
57415,1991,5,regular,1991-09-28T00:00:00.000Z,,True,False,,,,,275,Wisconsin,Big Ten,fbs,21,,,1321.0,1337.0,2199,Eastern Michigan,Mid-American,fbs,6,,,1152.0,1136.0,,,
57387,1991,5,regular,1991-09-28T00:00:00.000Z,,True,False,,,,,96,Kentucky,SEC,fbs,24,,,1451.0,1463.0,2309,Kent State,Mid-American,fbs,6,,,1146.0,1134.0,,,
57390,1991,5,regular,1991-09-28T00:00:00.000Z,,True,False,,,,,202,Tulsa,FBS Independents,fbs,10,,,1384.0,1392.0,2390,Miami,Big East,fbs,34,,,2077.0,2069.0,,,
57391,1991,5,regular,1991-09-28T00:00:00.000Z,,True,False,,,,,2132,Cincinnati,FBS Independents,fbs,9,,,909.0,924.0,193,Miami (OH),Mid-American,fbs,22,,,1425.0,1410.0,,,
57392,1991,5,regular,1991-09-28T00:00:00.000Z,,True,False,,,,,145,Ole Miss,SEC,fbs,24,,,1616.0,1615.0,8,Arkansas,Southwest,fbs,17,,,1425.0,1426.0,,,
57393,1991,5,regular,1991-09-28T00:00:00.000Z,,True,False,,,,,9,Arizona State,Pac-10,fbs,9,,,1613.0,1617.0,158,Nebraska,Big 8,fbs,18,,,1892.0,1888.0,,,
57394,1991,5,regular,1991-09-28T00:00:00.000Z,,True,False,,,,,167,New Mexico,Western Athletic,fbs,17,,,1111.0,1115.0,166,New Mexico State,Big West,fbs,10,,,1016.0,1012.0,,,
57385,1991,5,regular,1991-09-28T00:00:00.000Z,,True,False,,,,,2294,Iowa,Big Ten,fbs,58,,,1796.0,1892.0,2459,Northern Illinois,FBS Independents,fbs,7,,,1370.0,1274.0,,,
57384,1991,5,regular,1991-09-28T00:00:00.000Z,,True,False,,,,,84,Indiana,Big Ten,fbs,27,,,1539.0,1530.0,142,Missouri,Big 8,fbs,27,,,1336.0,1345.0,,,
57383,1991,5,regular,1991-09-28T00:00:00.000Z,,True,False,,,,,61,Georgia,SEC,fbs,27,,,1516.0,1501.0,1000012,Cal State Fullerton,Big West,fbs,14,,,978.0,993.0,,,
57382,1991,5,regular,1991-09-28T00:00:00.000Z,,True,False,,,,,130,Michigan,Big Ten,fbs,31,,,1842.0,1814.0,52,Florida State,FBS Independents,fbs,51,,,2051.0,2079.0,,,
57374,1991,5,regular,1991-09-28T00:00:00.000Z,,True,False,True,,,,2567,SMU,Southwest,fbs,7,,,1171.0,1126.0,239,Baylor,Southwest,fbs,45,,,1694.0,1739.0,,,
57379,1991,5,regular,1991-09-28T00:00:00.000Z,,True,False,True,,,,36,Colorado State,Western Athletic,fbs,28,,,1342.0,1383.0,62,Hawai'i,Western Athletic,fbs,16,,,1562.0,1521.0,,,
57381,1991,5,regular,1991-09-28T00:00:00.000Z,,True,False,True,,,,57,Florida,SEC,fbs,29,,,1934.0,1964.0,344,Mississippi State,SEC,fbs,7,,,1714.0,1684.0,,,
57388,1991,5,regular,1991-09-28T00:00:00.000Z,,True,False,True,,,,2032,Arkansas State,FBS Independents,fbs,10,,,1323.0,1240.0,2348,Louisiana Tech,FBS Independents,fbs,42,,,1384.0,1467.0,,,
57389,1991,5,regular,1991-09-28T00:00:00.000Z,,True,False,True,,,,97,Louisville,FBS Independents,fbs,28,,,1636.0,1661.0,2572,Southern Mississippi,FBS Independents,fbs,14,,,1593.0,1568.0,,,
57395,1991,5,regular,1991-09-28T00:00:00.000Z,,True,False,True,,,,152,NC State,ACC,fbs,24,,,1751.0,1769.0,153,North Carolina,ACC,fbs,7,,,1539.0,1521.0,,,
57407,1991,5,regular,1991-09-28T00:00:00.000Z,,True,False,True,,,,2633,Tennessee,SEC,fbs,30,,,1828.0,1834.0,2,Auburn,SEC,fbs,21,,,1703.0,1697.0,,,
57409,1991,5,regular,1991-09-28T00:00:00.000Z,,True,False,True,,,,2641,Texas Tech,Southwest,fbs,16,,,1566.0,1533.0,2628,TCU,Southwest,fbs,30,,,1561.0,1594.0,,,
57411,1991,5,regular,1991-09-28T00:00:00.000Z,,True,False,True,,,,258,Virginia,ACC,fbs,34,,,1675.0,1738.0,150,Duke,ACC,fbs,3,,,1504.0,1441.0,,,
57414,1991,5,regular,1991-09-28T00:00:00.000Z,,True,False,True,,,,2711,Western Michigan,Mid-American,fbs,35,,,1352.0,1397.0,195,Ohio,Mid-American,fbs,9,,,1165.0,1120.0,,,
57386,1991,5,regular,1991-09-28T00:00:00.000Z,,True,False,,,,,242,Rice,Southwest,fbs,27,,,1505.0,1500.0,66,Iowa State,Big 8,fbs,28,,,1429.0,1434.0,,,
57372,1991,5,regular,1991-09-28T00:00:00.000Z,,True,False,,,,,349,Army,FBS Independents,fbs,21,,,,,108,Harvard,Ivy,fcs,20,,,,,,,
57373,1991,5,regular,1991-09-28T00:00:00.000Z,,True,False,,,,,282,Indiana State,,,10,,,,,2050,Ball State,Mid-American,fbs,14,,,,,,,
57370,1991,5,regular,1991-09-28T00:00:00.000Z,,True,False,True,,,,238,Vanderbilt,SEC,fbs,17,,,1217.0,1184.0,333,Alabama,SEC,fbs,48,,,1667.0,1700.0,,,
57376,1991,5,regular,1991-09-28T00:00:00.000Z,,True,False,True,,,,252,BYU,Western Athletic,fbs,21,,,1572.0,1595.0,2005,Air Force,Western Athletic,fbs,7,,,1515.0,1492.0,,,
57377,1991,5,regular,1991-09-28T00:00:00.000Z,,True,False,True,,,,2117,Central Michigan,Mid-American,fbs,16,,,1594.0,1588.0,2649,Toledo,Mid-American,fbs,16,,,1453.0,1459.0,,,
57378,1991,5,regular,1991-09-28T00:00:00.000Z,,True,False,True,,,,228,Clemson,ACC,fbs,9,,,1883.0,1881.0,59,Georgia Tech,ACC,fbs,7,,,1721.0,1723.0,,,
57416,1991,6,regular,1991-10-04T00:00:00.000Z,,True,False,,,,,252,BYU,Western Athletic,fbs,38,,,1595.0,1627.0,328,Utah State,Big West,fbs,12,,,1281.0,1249.0,,,
57448,1991,6,regular,1991-10-05T00:00:00.000Z,,True,False,True,,,,66,Iowa State,Big 8,fbs,8,,,1434.0,1432.0,201,Oklahoma,Big 8,fbs,29,,,1939.0,1941.0,,,
57459,1991,6,regular,1991-10-05T00:00:00.000Z,,True,False,True,,,,251,Texas,Southwest,fbs,28,,,1659.0,1692.0,242,Rice,Southwest,fbs,7,,,1500.0,1467.0,,,
57460,1991,6,regular,1991-10-05T00:00:00.000Z,,True,False,True,,,,2641,Texas Tech,Southwest,fbs,14,,,1533.0,1517.0,245,Texas A&M,Southwest,fbs,37,,,1938.0,1954.0,,,
57465,1991,6,regular,1991-10-05T00:00:00.000Z,,True,False,True,,,,265,Washington State,Pac-10,fbs,55,,,1442.0,1555.0,204,Oregon State,Pac-10,fbs,7,,,1216.0,1103.0,,,
57417,1991,6,regular,1991-10-05T00:00:00.000Z,,True,False,True,,,,2005,Air Force,Western Athletic,fbs,51,,,1492.0,1550.0,2751,Wyoming,Western Athletic,fbs,28,,,1502.0,1444.0,,,
57421,1991,6,regular,1991-10-05T00:00:00.000Z,,True,False,True,,,,2628,TCU,Southwest,fbs,21,,,1594.0,1584.0,8,Arkansas,Southwest,fbs,22,,,1426.0,1436.0,,,
57422,1991,6,regular,1991-10-05T00:00:00.000Z,,True,False,True,,,,248,Houston,Southwest,fbs,21,,,1744.0,1702.0,239,Baylor,Southwest,fbs,38,,,1739.0,1781.0,,,
57423,1991,6,regular,1991-10-05T00:00:00.000Z,,True,False,True,,,,189,Bowling Green,Mid-American,fbs,17,,,1355.0,1379.0,2117,Central Michigan,Mid-American,fbs,10,,,1588.0,1564.0,,,
57443,1991,6,regular,1991-10-05T00:00:00.000Z,,True,False,,,,,142,Missouri,Big 8,fbs,31,,,1345.0,1372.0,235,Memphis,FBS Independents,fbs,21,,,1475.0,1448.0,,,
57444,1991,6,regular,1991-10-05T00:00:00.000Z,,True,False,,,,,153,North Carolina,ACC,fbs,59,,,,,2729,William & Mary,,,36,,,,,,,
57446,1991,6,regular,1991-10-05T00:00:00.000Z,,True,False,,,,,24,Stanford,Pac-10,fbs,26,,,1516.0,1514.0,87,Notre Dame,FBS Independents,fbs,42,,,1897.0,1899.0,,,
57449,1991,6,regular,1991-10-05T00:00:00.000Z,,True,False,,,,,2483,Oregon,Pac-10,fbs,29,,,1615.0,1613.0,166,New Mexico State,Big West,fbs,6,,,1012.0,1014.0,,,
57451,1991,6,regular,1991-10-05T00:00:00.000Z,,True,False,,,,,218,Temple,Big East,fbs,7,,,1301.0,1314.0,213,Penn State,FBS Independents,fbs,24,,,1884.0,1871.0,,,
57452,1991,6,regular,1991-10-05T00:00:00.000Z,,True,False,,,,,221,Pittsburgh,Big East,fbs,24,,,1632.0,1629.0,120,Maryland,ACC,fbs,20,,,1428.0,1431.0,,,
57454,1991,6,regular,1991-10-05T00:00:00.000Z,,True,False,,,,,164,Rutgers,Big East,fbs,14,,,1339.0,1340.0,349,Army,FBS Independents,fbs,12,,,1374.0,1373.0,,,
57456,1991,6,regular,1991-10-05T00:00:00.000Z,,True,False,,,,,2579,South Carolina,FBS Independents,fbs,55,,,,,2193,East Tennessee State,,,7,,,,,,,
57457,1991,6,regular,1991-10-05T00:00:00.000Z,,True,False,,,,,2655,Tulane,FBS Independents,fbs,17,,,1286.0,1237.0,2567,SMU,Southwest,fbs,31,,,1126.0,1175.0,,,
57458,1991,6,regular,1991-10-05T00:00:00.000Z,,True,False,,,,,2,Auburn,SEC,fbs,9,,,1697.0,1689.0,2572,Southern Mississippi,FBS Independents,fbs,10,,,1568.0,1576.0,,,
57462,1991,6,regular,1991-10-05T00:00:00.000Z,,True,False,,,,,258,Virginia,ACC,fbs,31,,,1738.0,1742.0,2305,Kansas,Big 8,fbs,19,,,1488.0,1484.0,,,
57466,1991,6,regular,1991-10-05T00:00:00.000Z,,True,False,True,,,,2050,Ball State,Mid-American,fbs,16,,,1480.0,1455.0,2711,Western Michigan,Mid-American,fbs,25,,,1397.0,1422.0,,,
57464,1991,6,regular,1991-10-05T00:00:00.000Z,,True,False,True,,,,264,Washington,Pac-10,fbs,54,,,2064.0,2150.0,12,Arizona,Pac-10,fbs,0,,,1490.0,1404.0,,,
57463,1991,6,regular,1991-10-05T00:00:00.000Z,,True,False,True,,,,277,West Virginia,Big East,fbs,14,,,1541.0,1537.0,259,Virginia Tech,Big East,fbs,20,,,1641.0,1645.0,,,
57461,1991,6,regular,1991-10-05T00:00:00.000Z,,True,False,True,,,,2649,Toledo,Mid-American,fbs,17,,,1459.0,1453.0,195,Ohio,Mid-American,fbs,13,,,1120.0,1126.0,,,
57455,1991,6,regular,1991-10-05T00:00:00.000Z,,True,False,True,,,,62,Hawai'i,Western Athletic,fbs,21,,,1521.0,1456.0,21,San Diego State,Western Athletic,fbs,47,,,1567.0,1632.0,,,
57453,1991,6,regular,1991-10-05T00:00:00.000Z,,True,False,True,,,,77,Northwestern,Big Ten,fbs,14,,,1264.0,1268.0,2509,Purdue,Big Ten,fbs,17,,,1411.0,1407.0,,,
57450,1991,6,regular,1991-10-05T00:00:00.000Z,,True,False,True,,,,1000044,Pacific,Big West,fbs,56,,,1143.0,1199.0,1000012,Cal State Fullerton,Big West,fbs,28,,,993.0,937.0,,,
57447,1991,6,regular,1991-10-05T00:00:00.000Z,,True,False,True,,,,194,Ohio State,Big Ten,fbs,31,,,1700.0,1701.0,275,Wisconsin,Big Ten,fbs,16,,,1337.0,1336.0,,,
57442,1991,6,regular,1991-10-05T00:00:00.000Z,,True,False,True,,,,96,Kentucky,SEC,fbs,14,,,1463.0,1426.0,145,Ole Miss,SEC,fbs,35,,,1615.0,1652.0,,,
57438,1991,6,regular,1991-10-05T00:00:00.000Z,,True,False,True,,,,2459,Northern Illinois,FBS Independents,fbs,3,,,1274.0,1201.0,2348,Louisiana Tech,FBS Independents,fbs,37,,,1467.0,1540.0,,,
57437,1991,6,regular,1991-10-05T00:00:00.000Z,,True,False,True,,,,2439,UNLV,Big West,fbs,19,,,1153.0,1124.0,1000006,Long Beach State,Big West,fbs,31,,,1123.0,1152.0,,,
57435,1991,6,regular,1991-10-05T00:00:00.000Z,,True,False,True,,,,356,Illinois,Big Ten,fbs,24,,,1743.0,1756.0,135,Minnesota,Big Ten,fbs,3,,,1373.0,1360.0,,,
57429,1991,6,regular,1991-10-05T00:00:00.000Z,,True,False,True,,,,151,East Carolina,FBS Independents,fbs,56,,,1543.0,1619.0,2006,Akron,FBS Independents,fbs,20,,,1348.0,1272.0,,,
57426,1991,6,regular,1991-10-05T00:00:00.000Z,,True,False,True,,,,97,Louisville,FBS Independents,fbs,7,,,1661.0,1492.0,2132,Cincinnati,FBS Independents,fbs,30,,,924.0,1093.0,,,
57424,1991,6,regular,1991-10-05T00:00:00.000Z,,True,False,True,,,,26,UCLA,Pac-10,fbs,24,,,1640.0,1641.0,25,California,Pac-10,fbs,27,,,1728.0,1727.0,,,
57427,1991,6,regular,1991-10-05T00:00:00.000Z,,True,False,True,,,,2638,UTEP,Western Athletic,fbs,18,,,1283.0,1281.0,36,Colorado State,Western Athletic,fbs,23,,,1383.0,1385.0,,,
57430,1991,6,regular,1991-10-05T00:00:00.000Z,,True,False,True,,,,2309,Kent State,Mid-American,fbs,20,,,1134.0,1133.0,2199,Eastern Michigan,Mid-American,fbs,21,,,1136.0,1137.0,,,
57431,1991,6,regular,1991-10-05T00:00:00.000Z,,True,False,True,,,,99,LSU,SEC,fbs,0,,,1396.0,1410.0,57,Florida,SEC,fbs,16,,,1964.0,1950.0,,,
57436,1991,6,regular,1991-10-05T00:00:00.000Z,,True,False,True,,,,84,Indiana,Big Ten,fbs,31,,,1530.0,1611.0,127,Michigan State,Big Ten,fbs,0,,,1505.0,1424.0,,,
57418,1991,6,regular,1991-10-05T00:00:00.000Z,,True,False,,,,,333,Alabama,SEC,fbs,53,,,,,236,Chattanooga,,,7,,,,,,,
57419,1991,6,regular,1991-10-05T00:00:00.000Z,,True,False,,,,,154,Wake Forest,ACC,fbs,3,,,1240.0,1211.0,2026,Appalachian State,,,17,,,1273.0,1302.0,,,
57420,1991,6,regular,1991-10-05T00:00:00.000Z,,True,False,,,,,9,Arizona State,Pac-10,fbs,21,,,1617.0,1612.0,254,Utah,Western Athletic,fbs,15,,,1345.0,1350.0,,,
57425,1991,6,regular,1991-10-05T00:00:00.000Z,,True,False,,,,,2032,Arkansas State,FBS Independents,fbs,20,,,1240.0,1231.0,2116,UCF,,,31,,,1407.0,1416.0,,,
57428,1991,6,regular,1991-10-05T00:00:00.000Z,,True,False,,,,,150,Duke,ACC,fbs,17,,,1441.0,1437.0,238,Vanderbilt,SEC,fbs,13,,,1184.0,1188.0,,,
57432,1991,6,regular,1991-10-05T00:00:00.000Z,,True,False,,,,,52,Florida State,FBS Independents,fbs,46,,,2079.0,2135.0,183,Syracuse,Big East,fbs,14,,,1822.0,1766.0,,,
57433,1991,6,regular,1991-10-05T00:00:00.000Z,,True,False,,,,,278,Fresno State,Big West,fbs,94,,,1618.0,1793.0,167,New Mexico,Western Athletic,fbs,17,,,1115.0,940.0,,,
57434,1991,6,regular,1991-10-05T00:00:00.000Z,,True,False,,,,,61,Georgia,SEC,fbs,27,,,1501.0,1570.0,228,Clemson,ACC,fbs,12,,,1881.0,1812.0,,,
57439,1991,6,regular,1991-10-05T00:00:00.000Z,,True,False,,,,,2390,Miami,Big East,fbs,40,,,2069.0,2094.0,197,Oklahoma State,Big 8,fbs,3,,,1395.0,1370.0,,,
57440,1991,6,regular,1991-10-05T00:00:00.000Z,,True,False,,,,,309,Louisiana,FBS Independents,fbs,14,,,1380.0,1354.0,193,Miami (OH),Mid-American,fbs,27,,,1410.0,1436.0,,,
57445,1991,6,regular,1991-10-05T00:00:00.000Z,,True,False,True,,,,152,NC State,ACC,fbs,28,,,1769.0,1776.0,59,Georgia Tech,ACC,fbs,21,,,1723.0,1716.0,,,
57441,1991,6,regular,1991-10-05T00:00:00.000Z,,True,False,True,,,,2294,Iowa,Big Ten,fbs,24,,,1892.0,1836.0,130,Michigan,Big Ten,fbs,43,,,1814.0,1870.0,,,
57486,1991,7,regular,1991-10-12T00:00:00.000Z,,True,False,True,,,,59,Georgia Tech,ACC,fbs,34,,,1716.0,1745.0,120,Maryland,ACC,fbs,10,,,1431.0,1402.0,,,
57501,1991,7,regular,1991-10-12T00:00:00.000Z,,True,False,True,,,,153,North Carolina,ACC,fbs,24,,,1521.0,1524.0,154,Wake Forest,ACC,fbs,10,,,1211.0,1208.0,,,
57507,1991,7,regular,1991-10-12T00:00:00.000Z,,True,False,True,,,,166,New Mexico State,Big West,fbs,13,,,1014.0,1005.0,23,San José State,Big West,fbs,39,,,1574.0,1583.0,,,
57508,1991,7,regular,1991-10-12T00:00:00.000Z,,True,False,True,,,,265,Washington State,Pac-10,fbs,27,,,1555.0,1553.0,30,USC,Pac-10,fbs,34,,,1697.0,1699.0,,,
57511,1991,7,regular,1991-10-12T00:00:00.000Z,,True,False,True,,,,2567,SMU,Southwest,fbs,14,,,1175.0,1150.0,2641,Texas Tech,Southwest,fbs,38,,,1517.0,1542.0,,,
57512,1991,7,regular,1991-10-12T00:00:00.000Z,,True,False,True,,,,309,Louisiana,FBS Independents,fbs,20,,,1354.0,1326.0,202,Tulsa,FBS Independents,fbs,34,,,1392.0,1420.0,,,
57513,1991,7,regular,1991-10-12T00:00:00.000Z,,True,False,True,,,,26,UCLA,Pac-10,fbs,54,,,1641.0,1725.0,12,Arizona,Pac-10,fbs,14,,,1404.0,1320.0,,,
57514,1991,7,regular,1991-10-12T00:00:00.000Z,,True,False,True,,,,2751,Wyoming,Western Athletic,fbs,42,,,1444.0,1399.0,254,Utah,Western Athletic,fbs,57,,,1350.0,1395.0,,,
57515,1991,7,regular,1991-10-12T00:00:00.000Z,,True,False,True,,,,258,Virginia,ACC,fbs,20,,,1742.0,1745.0,228,Clemson,ACC,fbs,20,,,1812.0,1809.0,,,
57483,1991,7,regular,1991-10-12T00:00:00.000Z,,True,False,,,,,52,Florida State,FBS Independents,fbs,33,,,2135.0,2124.0,259,Virginia Tech,Big East,fbs,20,,,1645.0,1656.0,,,
57491,1991,7,regular,1991-10-12T00:00:00.000Z,,True,False,,,,,99,LSU,SEC,fbs,70,,,1410.0,1560.0,2032,Arkansas State,FBS Independents,fbs,14,,,1231.0,1081.0,,,
57494,1991,7,regular,1991-10-12T00:00:00.000Z,,True,False,,,,,2390,Miami,Big East,fbs,26,,,2094.0,2091.0,213,Penn State,FBS Independents,fbs,20,,,1871.0,1874.0,,,
57502,1991,7,regular,1991-10-12T00:00:00.000Z,,True,False,,,,,87,Notre Dame,FBS Independents,fbs,42,,,1899.0,1963.0,221,Pittsburgh,Big East,fbs,7,,,1629.0,1565.0,,,
57503,1991,7,regular,1991-10-12T00:00:00.000Z,,True,False,,,,,1000044,Pacific,Big West,fbs,63,,,,,13,Cal Poly,,,28,,,,,,,
57505,1991,7,regular,1991-10-12T00:00:00.000Z,,True,False,,,,,164,Rutgers,Big East,fbs,40,,,,,311,Maine,,,17,,,,,,,
57509,1991,7,regular,1991-10-12T00:00:00.000Z,,True,False,,,,,24,Stanford,Pac-10,fbs,56,,,,,172,Cornell,Ivy,fcs,6,,,,,,,
57510,1991,7,regular,1991-10-12T00:00:00.000Z,,True,False,,,,,251,Texas,Southwest,fbs,10,,,1692.0,1696.0,201,Oklahoma,Big 8,fbs,7,,,1941.0,1937.0,,,
57516,1991,7,regular,1991-10-12T00:00:00.000Z,,True,False,,,,,264,Washington,Pac-10,fbs,48,,,2150.0,2203.0,2649,Toledo,Mid-American,fbs,0,,,1453.0,1400.0,,,
57518,1991,7,regular,1991-10-12T00:00:00.000Z,,True,False,,,,,2459,Northern Illinois,FBS Independents,fbs,10,,,1201.0,1194.0,2711,Western Michigan,Mid-American,fbs,22,,,1422.0,1429.0,,,
57469,1991,7,regular,1991-10-12T00:00:00.000Z,,True,False,,,,,333,Alabama,SEC,fbs,62,,,1700.0,1828.0,2655,Tulane,FBS Independents,fbs,0,,,1237.0,1109.0,,,
57474,1991,7,regular,1991-10-12T00:00:00.000Z,,True,False,,,,,103,Boston College,Big East,fbs,33,,,1397.0,1490.0,97,Louisville,FBS Independents,fbs,3,,,1492.0,1399.0,,,
57498,1991,7,regular,1991-10-12T00:00:00.000Z,,True,False,True,,,,344,Mississippi State,SEC,fbs,31,,,1684.0,1719.0,96,Kentucky,SEC,fbs,6,,,1426.0,1391.0,,,
57496,1991,7,regular,1991-10-12T00:00:00.000Z,,True,False,True,,,,127,Michigan State,Big Ten,fbs,28,,,1424.0,1426.0,130,Michigan,Big Ten,fbs,45,,,1870.0,1868.0,,,
57495,1991,7,regular,1991-10-12T00:00:00.000Z,,True,False,True,,,,193,Miami (OH),Mid-American,fbs,10,,,1436.0,1441.0,2117,Central Michigan,Mid-American,fbs,10,,,1564.0,1559.0,,,
57493,1991,7,regular,1991-10-12T00:00:00.000Z,,True,False,True,,,,235,Memphis,FBS Independents,fbs,17,,,1448.0,1458.0,2572,Southern Mississippi,FBS Independents,fbs,12,,,1576.0,1566.0,,,
57492,1991,7,regular,1991-10-12T00:00:00.000Z,,True,False,True,,,,2348,Louisiana Tech,FBS Independents,fbs,12,,,1540.0,1540.0,2579,South Carolina,FBS Independents,fbs,12,,,1545.0,1545.0,,,
57490,1991,7,regular,1991-10-12T00:00:00.000Z,,True,False,True,,,,2306,Kansas State,Big 8,fbs,16,,,1293.0,1302.0,2305,Kansas,Big 8,fbs,12,,,1484.0,1475.0,,,
57489,1991,7,regular,1991-10-12T00:00:00.000Z,,True,False,True,,,,275,Wisconsin,Big Ten,fbs,6,,,1336.0,1359.0,2294,Iowa,Big Ten,fbs,10,,,1836.0,1813.0,,,
57488,1991,7,regular,1991-10-12T00:00:00.000Z,,True,False,True,,,,84,Indiana,Big Ten,fbs,44,,,1611.0,1675.0,77,Northwestern,Big Ten,fbs,6,,,1268.0,1204.0,,,
57484,1991,7,regular,1991-10-12T00:00:00.000Z,,True,False,True,,,,278,Fresno State,Big West,fbs,42,,,1793.0,1798.0,1000006,Long Beach State,Big West,fbs,14,,,1152.0,1147.0,,,
57480,1991,7,regular,1991-10-12T00:00:00.000Z,,True,False,True,,,,38,Colorado,Big 8,fbs,55,,,1925.0,1995.0,142,Missouri,Big 8,fbs,7,,,1372.0,1302.0,,,
57472,1991,7,regular,1991-10-12T00:00:00.000Z,,True,False,True,,,,238,Vanderbilt,SEC,fbs,22,,,1188.0,1210.0,2,Auburn,SEC,fbs,24,,,1689.0,1667.0,,,
57471,1991,7,regular,1991-10-12T00:00:00.000Z,,True,False,True,,,,8,Arkansas,Southwest,fbs,29,,,1436.0,1482.0,248,Houston,Southwest,fbs,17,,,1702.0,1656.0,,,
57517,1991,7,regular,1991-10-12T00:00:00.000Z,,True,False,True,,,,277,West Virginia,Big East,fbs,10,,,1537.0,1531.0,218,Temple,Big East,fbs,9,,,1314.0,1320.0,,,
57506,1991,7,regular,1991-10-12T00:00:00.000Z,,True,False,True,,,,21,San Diego State,Western Athletic,fbs,38,,,1632.0,1608.0,167,New Mexico,Western Athletic,fbs,24,,,940.0,964.0,,,
57504,1991,7,regular,1991-10-12T00:00:00.000Z,,True,False,True,,,,239,Baylor,Southwest,fbs,17,,,1781.0,1756.0,242,Rice,Southwest,fbs,20,,,1467.0,1492.0,,,
57500,1991,7,regular,1991-10-12T00:00:00.000Z,,True,False,True,,,,1000012,Cal State Fullerton,Big West,fbs,3,,,937.0,901.0,2439,UNLV,Big West,fbs,25,,,1124.0,1160.0,,,
57499,1991,7,regular,1991-10-12T00:00:00.000Z,,True,False,True,,,,197,Oklahoma State,Big 8,fbs,15,,,1370.0,1336.0,158,Nebraska,Big 8,fbs,49,,,1888.0,1922.0,,,
57497,1991,7,regular,1991-10-12T00:00:00.000Z,,True,False,True,,,,135,Minnesota,Big Ten,fbs,6,,,1360.0,1362.0,2509,Purdue,Big Ten,fbs,3,,,1407.0,1405.0,,,
57487,1991,7,regular,1991-10-12T00:00:00.000Z,,True,False,True,,,,356,Illinois,Big Ten,fbs,10,,,1756.0,1756.0,194,Ohio State,Big Ten,fbs,7,,,1701.0,1701.0,,,
57485,1991,7,regular,1991-10-12T00:00:00.000Z,,True,False,True,,,,145,Ole Miss,SEC,fbs,17,,,1652.0,1592.0,61,Georgia,SEC,fbs,37,,,1570.0,1630.0,,,
57482,1991,7,regular,1991-10-12T00:00:00.000Z,,True,False,True,,,,57,Florida,SEC,fbs,35,,,1950.0,1976.0,2633,Tennessee,SEC,fbs,18,,,1834.0,1808.0,,,
57477,1991,7,regular,1991-10-12T00:00:00.000Z,,True,False,True,,,,25,California,Pac-10,fbs,45,,,1727.0,1821.0,2483,Oregon,Pac-10,fbs,7,,,1613.0,1519.0,,,
57476,1991,7,regular,1991-10-12T00:00:00.000Z,,True,False,True,,,,252,BYU,Western Athletic,fbs,31,,,1627.0,1623.0,2638,UTEP,Western Athletic,fbs,29,,,1281.0,1285.0,,,
57475,1991,7,regular,1991-10-12T00:00:00.000Z,,True,False,True,,,,195,Ohio,Mid-American,fbs,14,,,1126.0,1070.0,189,Bowling Green,Mid-American,fbs,45,,,1379.0,1435.0,,,
57473,1991,7,regular,1991-10-12T00:00:00.000Z,,True,False,True,,,,2199,Eastern Michigan,Mid-American,fbs,8,,,1137.0,1151.0,2050,Ball State,Mid-American,fbs,10,,,1455.0,1441.0,,,
57470,1991,7,regular,1991-10-12T00:00:00.000Z,,True,False,True,,,,204,Oregon State,Pac-10,fbs,7,,,1103.0,1110.0,9,Arizona State,Pac-10,fbs,24,,,1612.0,1605.0,,,
57481,1991,7,regular,1991-10-12T00:00:00.000Z,,True,False,,,,,183,Syracuse,Big East,fbs,20,,,1766.0,1752.0,151,East Carolina,FBS Independents,fbs,23,,,1619.0,1633.0,,,
57479,1991,7,regular,1991-10-12T00:00:00.000Z,,True,False,,,,,349,Army,FBS Independents,fbs,14,,,,,2643,The Citadel,,,20,,,,,,,
57478,1991,7,regular,1991-10-12T00:00:00.000Z,,True,False,,,,,2309,Kent State,Mid-American,fbs,19,,,1133.0,1081.0,2132,Cincinnati,FBS Independents,fbs,38,,,1093.0,1145.0,,,
57468,1991,7,regular,1991-10-12T00:00:00.000Z,,True,False,,,,,2006,Akron,FBS Independents,fbs,38,,,,,2754,Youngstown State,,,24,,,,,,,
57467,1991,7,regular,1991-10-12T00:00:00.000Z,,True,False,,,,,2426,Navy,FBS Independents,fbs,6,,,1315.0,1228.0,2005,Air Force,Western Athletic,fbs,46,,,1550.0,1637.0,,,
57566,1991,8,regular,1991-10-19T00:00:00.000Z,,True,False,True,,,,167,New Mexico,Western Athletic,fbs,19,,,964.0,958.0,2751,Wyoming,Western Athletic,fbs,39,,,1399.0,1405.0,,,
57564,1991,8,regular,1991-10-19T00:00:00.000Z,,True,False,True,,,,9,Arizona State,Pac-10,fbs,3,,,1605.0,1568.0,265,Washington State,Pac-10,fbs,17,,,1553.0,1590.0,,,
57553,1991,8,regular,1991-10-19T00:00:00.000Z,,True,False,True,,,,221,Pittsburgh,Big East,fbs,27,,,1565.0,1570.0,183,Syracuse,Big East,fbs,31,,,1752.0,1747.0,,,
57548,1991,8,regular,1991-10-19T00:00:00.000Z,,True,False,True,,,,2638,UTEP,Western Athletic,fbs,21,,,1285.0,1295.0,21,San Diego State,Western Athletic,fbs,28,,,1608.0,1598.0,,,
57547,1991,8,regular,1991-10-19T00:00:00.000Z,,True,False,True,,,,2509,Purdue,Big Ten,fbs,28,,,1405.0,1450.0,275,Wisconsin,Big Ten,fbs,7,,,1359.0,1314.0,,,
57545,1991,8,regular,1991-10-19T00:00:00.000Z,,True,False,True,,,,194,Ohio State,Big Ten,fbs,34,,,1701.0,1728.0,77,Northwestern,Big Ten,fbs,3,,,1204.0,1177.0,,,
57534,1991,8,regular,1991-10-19T00:00:00.000Z,,True,False,True,,,,96,Kentucky,SEC,fbs,26,,,1391.0,1396.0,99,LSU,SEC,fbs,29,,,1560.0,1555.0,,,
57533,1991,8,regular,1991-10-19T00:00:00.000Z,,True,False,True,,,,2305,Kansas,Big 8,fbs,41,,,1475.0,1589.0,66,Iowa State,Big 8,fbs,0,,,1432.0,1318.0,,,
57541,1991,8,regular,1991-10-19T00:00:00.000Z,,True,False,True,,,,142,Missouri,Big 8,fbs,41,,,1302.0,1401.0,197,Oklahoma State,Big 8,fbs,7,,,1336.0,1237.0,,,
57540,1991,8,regular,1991-10-19T00:00:00.000Z,,True,False,True,,,,127,Michigan State,Big Ten,fbs,20,,,1426.0,1434.0,135,Minnesota,Big Ten,fbs,12,,,1362.0,1354.0,,,
57527,1991,8,regular,1991-10-19T00:00:00.000Z,,True,False,True,,,,2199,Eastern Michigan,Mid-American,fbs,42,,,1151.0,1221.0,2711,Western Michigan,Mid-American,fbs,24,,,1429.0,1359.0,,,
57525,1991,8,regular,1991-10-19T00:00:00.000Z,,True,False,True,,,,2309,Kent State,Mid-American,fbs,7,,,1081.0,1088.0,2117,Central Michigan,Mid-American,fbs,23,,,1559.0,1552.0,,,
57524,1991,8,regular,1991-10-19T00:00:00.000Z,,True,False,True,,,,252,BYU,Western Athletic,fbs,35,,,1623.0,1645.0,62,Hawai'i,Western Athletic,fbs,18,,,1456.0,1434.0,,,
57544,1991,8,regular,1991-10-19T00:00:00.000Z,,True,False,,,,,2005,Air Force,Western Athletic,fbs,15,,,1637.0,1637.0,87,Notre Dame,FBS Independents,fbs,28,,,1963.0,1963.0,,,
57543,1991,8,regular,1991-10-19T00:00:00.000Z,,True,False,,,,,152,NC State,ACC,fbs,15,,,1776.0,1768.0,276,Marshall,,,14,,,1489.0,1497.0,,,
57537,1991,8,regular,1991-10-19T00:00:00.000Z,,True,False,,,,,2390,Miami,Big East,fbs,55,,,2091.0,2135.0,1000006,Long Beach State,Big West,fbs,0,,,1147.0,1103.0,,,
57536,1991,8,regular,1991-10-19T00:00:00.000Z,,True,False,,,,,344,Mississippi State,SEC,fbs,23,,,1719.0,1691.0,235,Memphis,FBS Independents,fbs,28,,,1458.0,1486.0,,,
57529,1991,8,regular,1991-10-19T00:00:00.000Z,,True,False,,,,,52,Florida State,FBS Independents,fbs,39,,,2124.0,2132.0,2393,Middle Tennessee,,,10,,,1483.0,1475.0,,,
57528,1991,8,regular,1991-10-19T00:00:00.000Z,,True,False,,,,,57,Florida,SEC,fbs,41,,,1976.0,1975.0,2459,Northern Illinois,FBS Independents,fbs,10,,,1194.0,1195.0,,,
57535,1991,8,regular,1991-10-19T00:00:00.000Z,,True,False,True,,,,154,Wake Forest,ACC,fbs,22,,,1208.0,1216.0,120,Maryland,ACC,fbs,23,,,1402.0,1394.0,,,
57532,1991,8,regular,1991-10-19T00:00:00.000Z,,True,False,True,,,,2294,Iowa,Big Ten,fbs,24,,,1813.0,1813.0,356,Illinois,Big Ten,fbs,21,,,1756.0,1756.0,,,
57539,1991,8,regular,1991-10-19T00:00:00.000Z,,True,False,True,,,,130,Michigan,Big Ten,fbs,24,,,1868.0,1868.0,84,Indiana,Big Ten,fbs,16,,,1675.0,1675.0,,,
57563,1991,8,regular,1991-10-19T00:00:00.000Z,,True,False,True,,,,25,California,Pac-10,fbs,17,,,1821.0,1835.0,264,Washington,Pac-10,fbs,24,,,2203.0,2189.0,,,
57565,1991,8,regular,1991-10-19T00:00:00.000Z,,True,False,True,,,,103,Boston College,Big East,fbs,24,,,1490.0,1480.0,277,West Virginia,Big East,fbs,31,,,1531.0,1541.0,,,
57531,1991,8,regular,1991-10-19T00:00:00.000Z,,True,False,True,,,,248,Houston,Southwest,fbs,49,,,1656.0,1677.0,2567,SMU,Southwest,fbs,20,,,1150.0,1129.0,,,
57557,1991,8,regular,1991-10-19T00:00:00.000Z,,True,False,True,,,,204,Oregon State,Pac-10,fbs,7,,,1110.0,1078.0,26,UCLA,Pac-10,fbs,44,,,1725.0,1757.0,,,
57556,1991,8,regular,1991-10-19T00:00:00.000Z,,True,False,True,,,,242,Rice,Southwest,fbs,28,,,1492.0,1477.0,2628,TCU,Southwest,fbs,39,,,1584.0,1599.0,,,
57555,1991,8,regular,1991-10-19T00:00:00.000Z,,True,False,True,,,,239,Baylor,Southwest,fbs,12,,,1756.0,1721.0,245,Texas A&M,Southwest,fbs,34,,,1954.0,1989.0,,,
57552,1991,8,regular,1991-10-19T00:00:00.000Z,,True,False,True,,,,30,USC,Pac-10,fbs,21,,,1699.0,1683.0,24,Stanford,Pac-10,fbs,24,,,1514.0,1530.0,,,
57551,1991,8,regular,1991-10-19T00:00:00.000Z,,True,False,True,,,,2572,Southern Mississippi,FBS Independents,fbs,47,,,1566.0,1602.0,2655,Tulane,FBS Independents,fbs,14,,,1109.0,1073.0,,,
57546,1991,8,regular,1991-10-19T00:00:00.000Z,,True,False,,,,,213,Penn State,FBS Independents,fbs,37,,,1874.0,1871.0,164,Rutgers,Big East,fbs,17,,,1340.0,1343.0,,,
57550,1991,8,regular,1991-10-19T00:00:00.000Z,,True,False,,,,,2579,South Carolina,FBS Independents,fbs,23,,,1545.0,1574.0,59,Georgia Tech,ACC,fbs,14,,,1745.0,1716.0,,,
57554,1991,8,regular,1991-10-19T00:00:00.000Z,,True,False,,,,,218,Temple,Big East,fbs,21,,,1320.0,1324.0,2426,Navy,FBS Independents,fbs,14,,,1228.0,1224.0,,,
57562,1991,8,regular,1991-10-19T00:00:00.000Z,,True,False,,,,,259,Virginia Tech,Big East,fbs,56,,,1656.0,1728.0,2132,Cincinnati,FBS Independents,fbs,9,,,1145.0,1073.0,,,
57530,1991,8,regular,1991-10-19T00:00:00.000Z,,True,False,True,,,,166,New Mexico State,Big West,fbs,28,,,1005.0,1039.0,278,Fresno State,Big West,fbs,42,,,1798.0,1764.0,,,
57526,1991,8,regular,1991-10-19T00:00:00.000Z,,True,False,True,,,,201,Oklahoma,Big 8,fbs,17,,,1937.0,1902.0,38,Colorado,Big 8,fbs,34,,,1995.0,2030.0,,,
57538,1991,8,regular,1991-10-19T00:00:00.000Z,,True,False,True,,,,193,Miami (OH),Mid-American,fbs,34,,,1441.0,1490.0,195,Ohio,Mid-American,fbs,0,,,1070.0,1021.0,,,
57558,1991,8,regular,1991-10-19T00:00:00.000Z,,True,False,True,,,,254,Utah,Western Athletic,fbs,21,,,1395.0,1400.0,36,Colorado State,Western Athletic,fbs,16,,,1385.0,1380.0,,,
57559,1991,8,regular,1991-10-19T00:00:00.000Z,,True,False,True,,,,328,Utah State,Big West,fbs,26,,,1249.0,1270.0,1000012,Cal State Fullerton,Big West,fbs,3,,,901.0,880.0,,,
57560,1991,8,regular,1991-10-19T00:00:00.000Z,,True,False,True,,,,238,Vanderbilt,SEC,fbs,27,,,1210.0,1216.0,61,Georgia,SEC,fbs,25,,,1630.0,1624.0,,,
57561,1991,8,regular,1991-10-19T00:00:00.000Z,,True,False,True,,,,258,Virginia,ACC,fbs,14,,,1745.0,1741.0,153,North Carolina,ACC,fbs,9,,,1524.0,1528.0,,,
57523,1991,8,regular,1991-10-19T00:00:00.000Z,,True,False,True,,,,189,Bowling Green,Mid-American,fbs,24,,,1435.0,1436.0,2649,Toledo,Mid-American,fbs,21,,,1400.0,1399.0,,,
57521,1991,8,regular,1991-10-19T00:00:00.000Z,,True,False,True,,,,8,Arkansas,Southwest,fbs,14,,,1482.0,1489.0,251,Texas,Southwest,fbs,13,,,1696.0,1689.0,,,
57522,1991,8,regular,1991-10-19T00:00:00.000Z,,True,False,True,,,,97,Louisville,FBS Independents,fbs,12,,,1399.0,1329.0,349,Army,FBS Independents,fbs,37,,,1373.0,1443.0,,,
57520,1991,8,regular,1991-10-19T00:00:00.000Z,,True,False,True,,,,333,Alabama,SEC,fbs,24,,,1828.0,1832.0,2633,Tennessee,SEC,fbs,19,,,1808.0,1804.0,,,
57519,1991,8,regular,1991-10-19T00:00:00.000Z,,True,False,True,,,,2006,Akron,FBS Independents,fbs,28,,,1272.0,1269.0,2032,Arkansas State,FBS Independents,fbs,23,,,1081.0,1084.0,,,
57549,1991,8,regular,1991-10-19T00:00:00.000Z,,True,False,True,,,,23,San José State,Big West,fbs,64,,,1583.0,1586.0,1000044,Pacific,Big West,fbs,47,,,1199.0,1196.0,,,
57542,1991,8,regular,1991-10-19T00:00:00.000Z,,True,False,True,,,,158,Nebraska,Big 8,fbs,38,,,1922.0,1901.0,2306,Kansas State,Big 8,fbs,31,,,1302.0,1323.0,,,
57567,1991,9,regular,1991-10-25T00:00:00.000Z,,True,False,True,,,,135,Minnesota,Big Ten,fbs,6,,,1354.0,1284.0,130,Michigan,Big Ten,fbs,52,,,1868.0,1938.0,,,
57579,1991,9,regular,1991-10-26T00:00:00.000Z,,True,False,,,,,2426,Navy,FBS Independents,fbs,25,,,,,48,Delaware,,,29,,,,,,,
57590,1991,9,regular,1991-10-26T00:00:00.000Z,,True,False,,,,,12,Arizona,Pac-10,fbs,9,,,1320.0,1333.0,2390,Miami,Big East,fbs,36,,,2135.0,2122.0,,,
57602,1991,9,regular,1991-10-26T00:00:00.000Z,,True,False,True,,,,254,Utah,Western Athletic,fbs,21,,,1400.0,1407.0,21,San Diego State,Western Athletic,fbs,24,,,1598.0,1591.0,,,
57592,1991,9,regular,1991-10-26T00:00:00.000Z,,True,False,,,,,2032,Arkansas State,FBS Independents,fbs,20,,,,,2623,Missouri State,,,37,,,,,,,
57595,1991,9,regular,1991-10-26T00:00:00.000Z,,True,False,,,,,87,Notre Dame,FBS Independents,fbs,24,,,1963.0,1958.0,30,USC,Pac-10,fbs,20,,,1683.0,1688.0,,,
57612,1991,9,regular,1991-10-26T00:00:00.000Z,,True,False,True,,,,258,Virginia,ACC,fbs,48,,,1741.0,1793.0,154,Wake Forest,ACC,fbs,7,,,1216.0,1164.0,,,
57609,1991,9,regular,1991-10-26T00:00:00.000Z,,True,False,True,,,,235,Memphis,FBS Independents,fbs,28,,,1486.0,1473.0,202,Tulsa,FBS Independents,fbs,33,,,1420.0,1433.0,,,
57606,1991,9,regular,1991-10-26T00:00:00.000Z,,True,False,True,,,,245,Texas A&M,Southwest,fbs,27,,,1989.0,1984.0,248,Houston,Southwest,fbs,18,,,1677.0,1682.0,,,
57605,1991,9,regular,1991-10-26T00:00:00.000Z,,True,False,True,,,,2567,SMU,Southwest,fbs,0,,,1129.0,1099.0,251,Texas,Southwest,fbs,34,,,1689.0,1719.0,,,
57600,1991,9,regular,1991-10-26T00:00:00.000Z,,True,False,True,,,,1000044,Pacific,Big West,fbs,27,,,1196.0,1197.0,166,New Mexico State,Big West,fbs,20,,,1039.0,1038.0,,,
57599,1991,9,regular,1991-10-26T00:00:00.000Z,,True,False,True,,,,197,Oklahoma State,Big 8,fbs,6,,,1237.0,1240.0,66,Iowa State,Big 8,fbs,6,,,1318.0,1315.0,,,
57598,1991,9,regular,1991-10-26T00:00:00.000Z,,True,False,True,,,,201,Oklahoma,Big 8,fbs,41,,,1902.0,1970.0,2305,Kansas,Big 8,fbs,3,,,1589.0,1521.0,,,
57596,1991,9,regular,1991-10-26T00:00:00.000Z,,True,False,True,,,,195,Ohio,Mid-American,fbs,45,,,1021.0,1029.0,2309,Kent State,Mid-American,fbs,40,,,1088.0,1080.0,,,
57588,1991,9,regular,1991-10-26T00:00:00.000Z,,True,False,True,,,,1000006,Long Beach State,Big West,fbs,7,,,1103.0,1108.0,328,Utah State,Big West,fbs,6,,,1270.0,1265.0,,,
57587,1991,9,regular,1991-10-26T00:00:00.000Z,,True,False,True,,,,2509,Purdue,Big Ten,fbs,21,,,1450.0,1459.0,2294,Iowa,Big Ten,fbs,31,,,1813.0,1804.0,,,
57584,1991,9,regular,1991-10-26T00:00:00.000Z,,True,False,True,,,,61,Georgia,SEC,fbs,49,,,1624.0,1653.0,96,Kentucky,SEC,fbs,27,,,1396.0,1367.0,,,
57578,1991,9,regular,1991-10-26T00:00:00.000Z,,True,False,True,,,,2306,Kansas State,Big 8,fbs,0,,,1323.0,1355.0,38,Colorado,Big 8,fbs,10,,,2030.0,1998.0,,,
57576,1991,9,regular,1991-10-26T00:00:00.000Z,,True,False,True,,,,2132,Cincinnati,FBS Independents,fbs,17,,,1073.0,1134.0,2572,Southern Mississippi,FBS Independents,fbs,7,,,1602.0,1541.0,,,
57575,1991,9,regular,1991-10-26T00:00:00.000Z,,True,False,True,,,,2117,Central Michigan,Mid-American,fbs,10,,,1552.0,1555.0,2050,Ball State,Mid-American,fbs,3,,,1441.0,1438.0,,,
57568,1991,9,regular,1991-10-26T00:00:00.000Z,,True,False,True,,,,2005,Air Force,Western Athletic,fbs,20,,,1637.0,1629.0,2638,UTEP,Western Athletic,fbs,13,,,1295.0,1303.0,,,
57610,1991,9,regular,1991-10-26T00:00:00.000Z,,True,False,True,,,,9,Arizona State,Pac-10,fbs,16,,,1568.0,1572.0,26,UCLA,Pac-10,fbs,21,,,1757.0,1753.0,,,
57611,1991,9,regular,1991-10-26T00:00:00.000Z,,True,False,True,,,,145,Ole Miss,SEC,fbs,27,,,1592.0,1562.0,238,Vanderbilt,SEC,fbs,30,,,1216.0,1246.0,,,
57614,1991,9,regular,1991-10-26T00:00:00.000Z,,True,False,True,,,,264,Washington,Pac-10,fbs,29,,,2189.0,2179.0,2483,Oregon,Pac-10,fbs,7,,,1519.0,1529.0,,,
57615,1991,9,regular,1991-10-26T00:00:00.000Z,,True,False,True,,,,2751,Wyoming,Western Athletic,fbs,35,,,1405.0,1413.0,36,Colorado State,Western Athletic,fbs,28,,,1380.0,1372.0,,,
57569,1991,9,regular,1991-10-26T00:00:00.000Z,,True,False,True,,,,2006,Akron,FBS Independents,fbs,17,,,1269.0,1281.0,2459,Northern Illinois,FBS Independents,fbs,7,,,1195.0,1183.0,,,
57570,1991,9,regular,1991-10-26T00:00:00.000Z,,True,False,True,,,,239,Baylor,Southwest,fbs,26,,,1721.0,1747.0,2628,TCU,Southwest,fbs,9,,,1599.0,1573.0,,,
57572,1991,9,regular,1991-10-26T00:00:00.000Z,,True,False,True,,,,2711,Western Michigan,Mid-American,fbs,10,,,1359.0,1337.0,189,Bowling Green,Mid-American,fbs,23,,,1436.0,1458.0,,,
57573,1991,9,regular,1991-10-26T00:00:00.000Z,,True,False,True,,,,167,New Mexico,Western Athletic,fbs,23,,,958.0,978.0,252,BYU,Western Athletic,fbs,41,,,1645.0,1625.0,,,
57577,1991,9,regular,1991-10-26T00:00:00.000Z,,True,False,True,,,,228,Clemson,ACC,fbs,29,,,1809.0,1823.0,152,NC State,ACC,fbs,19,,,1768.0,1754.0,,,
57580,1991,9,regular,1991-10-26T00:00:00.000Z,,True,False,True,,,,120,Maryland,ACC,fbs,13,,,1394.0,1390.0,150,Duke,ACC,fbs,17,,,1437.0,1441.0,,,
57583,1991,9,regular,1991-10-26T00:00:00.000Z,,True,False,True,,,,278,Fresno State,Big West,fbs,48,,,1764.0,1768.0,2439,UNLV,Big West,fbs,22,,,1160.0,1156.0,,,
57585,1991,9,regular,1991-10-26T00:00:00.000Z,,True,False,True,,,,59,Georgia Tech,ACC,fbs,35,,,1716.0,1747.0,153,North Carolina,ACC,fbs,14,,,1528.0,1497.0,,,
57586,1991,9,regular,1991-10-26T00:00:00.000Z,,True,False,True,,,,275,Wisconsin,Big Ten,fbs,20,,,1314.0,1326.0,84,Indiana,Big Ten,fbs,28,,,1675.0,1663.0,,,
57597,1991,9,regular,1991-10-26T00:00:00.000Z,,True,False,True,,,,194,Ohio State,Big Ten,fbs,27,,,1728.0,1725.0,127,Michigan State,Big Ten,fbs,17,,,1434.0,1437.0,,,
57594,1991,9,regular,1991-10-26T00:00:00.000Z,,True,False,True,,,,77,Northwestern,Big Ten,fbs,17,,,1177.0,1218.0,356,Illinois,Big Ten,fbs,11,,,1756.0,1715.0,,,
57593,1991,9,regular,1991-10-26T00:00:00.000Z,,True,False,True,,,,158,Nebraska,Big 8,fbs,63,,,1901.0,2007.0,142,Missouri,Big 8,fbs,6,,,1401.0,1295.0,,,
57591,1991,9,regular,1991-10-26T00:00:00.000Z,,True,False,True,,,,2,Auburn,SEC,fbs,17,,,1667.0,1656.0,344,Mississippi State,SEC,fbs,24,,,1691.0,1702.0,,,
57589,1991,9,regular,1991-10-26T00:00:00.000Z,,True,False,True,,,,2348,Louisiana Tech,FBS Independents,fbs,14,,,1540.0,1531.0,309,Louisiana,FBS Independents,fbs,14,,,1326.0,1335.0,,,
57608,1991,9,regular,1991-10-26T00:00:00.000Z,,True,False,True,,,,2649,Toledo,Mid-American,fbs,24,,,1399.0,1445.0,193,Miami (OH),Mid-American,fbs,7,,,1490.0,1444.0,,,
57607,1991,9,regular,1991-10-26T00:00:00.000Z,,True,False,True,,,,2641,Texas Tech,Southwest,fbs,40,,,1542.0,1582.0,242,Rice,Southwest,fbs,20,,,1477.0,1437.0,,,
57604,1991,9,regular,1991-10-26T00:00:00.000Z,,True,False,True,,,,164,Rutgers,Big East,fbs,7,,,1343.0,1347.0,183,Syracuse,Big East,fbs,21,,,1747.0,1743.0,,,
57603,1991,9,regular,1991-10-26T00:00:00.000Z,,True,False,True,,,,24,Stanford,Pac-10,fbs,40,,,1530.0,1559.0,204,Oregon State,Pac-10,fbs,10,,,1078.0,1049.0,,,
57613,1991,9,regular,1991-10-26T00:00:00.000Z,,True,False,,,,,259,Virginia Tech,Big East,fbs,41,,,1728.0,1757.0,97,Louisville,FBS Independents,fbs,13,,,1329.0,1300.0,,,
57601,1991,9,regular,1991-10-26T00:00:00.000Z,,True,False,,,,,213,Penn State,FBS Independents,fbs,51,,,1871.0,1960.0,277,West Virginia,Big East,fbs,6,,,1541.0,1452.0,,,
57571,1991,9,regular,1991-10-26T00:00:00.000Z,,True,False,,,,,349,Army,FBS Independents,fbs,17,,,1443.0,1423.0,103,Boston College,Big East,fbs,28,,,1480.0,1500.0,,,
57574,1991,9,regular,1991-10-26T00:00:00.000Z,,True,False,,,,,25,California,Pac-10,fbs,41,,,1835.0,1860.0,23,San José State,Big West,fbs,20,,,1586.0,1561.0,,,
57581,1991,9,regular,1991-10-26T00:00:00.000Z,,True,False,,,,,151,East Carolina,FBS Independents,fbs,24,,,1633.0,1632.0,221,Pittsburgh,Big East,fbs,23,,,1570.0,1571.0,,,
57582,1991,9,regular,1991-10-26T00:00:00.000Z,,True,False,,,,,99,LSU,SEC,fbs,16,,,1555.0,1578.0,52,Florida State,FBS Independents,fbs,27,,,2132.0,2109.0,,,
57616,1991,10,regular,1991-10-31T00:00:00.000Z,,True,False,True,,,,36,Colorado State,Western Athletic,fbs,17,,,1372.0,1340.0,252,BYU,Western Athletic,fbs,40,,,1625.0,1657.0,,,
57647,1991,10,regular,1991-11-02T00:00:00.000Z,,True,False,True,,,,127,Michigan State,Big Ten,fbs,13,,,1437.0,1418.0,77,Northwestern,Big Ten,fbs,16,,,1218.0,1237.0,,,
57665,1991,10,regular,1991-11-02T00:00:00.000Z,,True,False,True,,,,277,West Virginia,Big East,fbs,28,,,1452.0,1503.0,164,Rutgers,Big East,fbs,3,,,1347.0,1296.0,,,
57657,1991,10,regular,1991-11-02T00:00:00.000Z,,True,False,True,,,,242,Rice,Southwest,fbs,21,,,1437.0,1447.0,245,Texas A&M,Southwest,fbs,38,,,1984.0,1974.0,,,
57652,1991,10,regular,1991-11-02T00:00:00.000Z,,True,False,True,,,,23,San José State,Big West,fbs,55,,,1561.0,1634.0,2439,UNLV,Big West,fbs,12,,,1156.0,1083.0,,,
57651,1991,10,regular,1991-11-02T00:00:00.000Z,,True,False,True,,,,21,San Diego State,Western Athletic,fbs,24,,,1591.0,1589.0,2751,Wyoming,Western Athletic,fbs,22,,,1413.0,1415.0,,,
57649,1991,10,regular,1991-11-02T00:00:00.000Z,,True,False,True,,,,201,Oklahoma,Big 8,fbs,28,,,1970.0,1963.0,2306,Kansas State,Big 8,fbs,7,,,1355.0,1362.0,,,
57644,1991,10,regular,1991-11-02T00:00:00.000Z,,True,False,True,,,,1000012,Cal State Fullerton,Big West,fbs,12,,,880.0,838.0,166,New Mexico State,Big West,fbs,35,,,1038.0,1080.0,,,
57642,1991,10,regular,1991-11-02T00:00:00.000Z,,True,False,True,,,,158,Nebraska,Big 8,fbs,19,,,2007.0,2007.0,38,Colorado,Big 8,fbs,19,,,1998.0,1998.0,,,
57639,1991,10,regular,1991-11-02T00:00:00.000Z,,True,False,True,,,,145,Ole Miss,SEC,fbs,22,,,1562.0,1558.0,99,LSU,SEC,fbs,25,,,1578.0,1582.0,,,
57636,1991,10,regular,1991-11-02T00:00:00.000Z,,True,False,True,,,,2309,Kent State,Mid-American,fbs,14,,,1080.0,1090.0,2649,Toledo,Mid-American,fbs,13,,,1445.0,1435.0,,,
57635,1991,10,regular,1991-11-02T00:00:00.000Z,,True,False,True,,,,197,Oklahoma State,Big 8,fbs,0,,,1240.0,1188.0,2305,Kansas,Big 8,fbs,31,,,1521.0,1573.0,,,
57634,1991,10,regular,1991-11-02T00:00:00.000Z,,True,False,True,,,,142,Missouri,Big 8,fbs,22,,,1295.0,1295.0,66,Iowa State,Big 8,fbs,23,,,1315.0,1315.0,,,
57631,1991,10,regular,1991-11-02T00:00:00.000Z,,True,False,True,,,,356,Illinois,Big Ten,fbs,22,,,1715.0,1716.0,275,Wisconsin,Big Ten,fbs,6,,,1326.0,1325.0,,,
57627,1991,10,regular,1991-11-02T00:00:00.000Z,,True,False,True,,,,2,Auburn,SEC,fbs,10,,,1656.0,1636.0,57,Florida,SEC,fbs,31,,,1975.0,1995.0,,,
57622,1991,10,regular,1991-11-02T00:00:00.000Z,,True,False,True,,,,193,Miami (OH),Mid-American,fbs,7,,,1444.0,1424.0,189,Bowling Green,Mid-American,fbs,17,,,1458.0,1478.0,,,
57619,1991,10,regular,1991-11-02T00:00:00.000Z,,True,False,True,,,,2050,Ball State,Mid-American,fbs,10,,,1438.0,1430.0,195,Ohio,Mid-American,fbs,6,,,1029.0,1037.0,,,
57645,1991,10,regular,1991-11-02T00:00:00.000Z,,True,False,True,,,,153,North Carolina,ACC,fbs,24,,,1497.0,1545.0,120,Maryland,ACC,fbs,0,,,1390.0,1342.0,,,
57643,1991,10,regular,1991-11-02T00:00:00.000Z,,True,False,True,,,,167,New Mexico,Western Athletic,fbs,34,,,978.0,986.0,2005,Air Force,Western Athletic,fbs,32,,,1629.0,1621.0,,,
57641,1991,10,regular,1991-11-02T00:00:00.000Z,,True,False,True,,,,130,Michigan,Big Ten,fbs,42,,,1938.0,1998.0,2509,Purdue,Big Ten,fbs,0,,,1459.0,1399.0,,,
57638,1991,10,regular,1991-11-02T00:00:00.000Z,,True,False,True,,,,2459,Northern Illinois,FBS Independents,fbs,12,,,1183.0,1189.0,309,Louisiana,FBS Independents,fbs,13,,,1335.0,1329.0,,,
57633,1991,10,regular,1991-11-02T00:00:00.000Z,,True,False,True,,,,194,Ohio State,Big Ten,fbs,9,,,1725.0,1718.0,2294,Iowa,Big Ten,fbs,16,,,1804.0,1811.0,,,
57632,1991,10,regular,1991-11-02T00:00:00.000Z,,True,False,True,,,,84,Indiana,Big Ten,fbs,34,,,1663.0,1688.0,135,Minnesota,Big Ten,fbs,8,,,1284.0,1259.0,,,
57630,1991,10,regular,1991-11-02T00:00:00.000Z,,True,False,True,,,,62,Hawai'i,Western Athletic,fbs,52,,,1434.0,1497.0,254,Utah,Western Athletic,fbs,26,,,1407.0,1344.0,,,
57629,1991,10,regular,1991-11-02T00:00:00.000Z,,True,False,True,,,,150,Duke,ACC,fbs,6,,,1441.0,1443.0,59,Georgia Tech,ACC,fbs,17,,,1747.0,1745.0,,,
57628,1991,10,regular,1991-11-02T00:00:00.000Z,,True,False,True,,,,97,Louisville,FBS Independents,fbs,15,,,1300.0,1316.0,52,Florida State,FBS Independents,fbs,40,,,2109.0,2093.0,,,
57626,1991,10,regular,1991-11-02T00:00:00.000Z,,True,False,True,,,,151,East Carolina,FBS Independents,fbs,38,,,1632.0,1613.0,2655,Tulane,FBS Independents,fbs,28,,,1073.0,1092.0,,,
57625,1991,10,regular,1991-11-02T00:00:00.000Z,,True,False,True,,,,228,Clemson,ACC,fbs,28,,,1823.0,1807.0,154,Wake Forest,ACC,fbs,10,,,1164.0,1180.0,,,
57624,1991,10,regular,1991-11-02T00:00:00.000Z,,True,False,True,,,,2117,Central Michigan,Mid-American,fbs,14,,,1555.0,1540.0,2199,Eastern Michigan,Mid-American,fbs,14,,,1221.0,1236.0,,,
57623,1991,10,regular,1991-11-02T00:00:00.000Z,,True,False,True,,,,25,California,Pac-10,fbs,52,,,1860.0,1895.0,30,USC,Pac-10,fbs,30,,,1688.0,1653.0,,,
57621,1991,10,regular,1991-11-02T00:00:00.000Z,,True,False,True,,,,103,Boston College,Big East,fbs,38,,,1500.0,1575.0,221,Pittsburgh,Big East,fbs,12,,,1571.0,1496.0,,,
57620,1991,10,regular,1991-11-02T00:00:00.000Z,,True,False,True,,,,8,Arkansas,Southwest,fbs,5,,,1489.0,1499.0,239,Baylor,Southwest,fbs,9,,,1747.0,1737.0,,,
57618,1991,10,regular,1991-11-02T00:00:00.000Z,,True,False,True,,,,12,Arizona,Pac-10,fbs,45,,,1333.0,1362.0,204,Oregon State,Pac-10,fbs,21,,,1049.0,1020.0,,,
57617,1991,10,regular,1991-11-02T00:00:00.000Z,,True,False,True,,,,333,Alabama,SEC,fbs,13,,,1832.0,1833.0,344,Mississippi State,SEC,fbs,7,,,1702.0,1701.0,,,
57663,1991,10,regular,1991-11-02T00:00:00.000Z,,True,False,,,,,258,Virginia,ACC,fbs,42,,,,,2678,VMI,,,0,,,,,,,
57662,1991,10,regular,1991-11-02T00:00:00.000Z,,True,False,,,,,349,Army,FBS Independents,fbs,10,,,1423.0,1310.0,238,Vanderbilt,SEC,fbs,41,,,1246.0,1359.0,,,
57655,1991,10,regular,1991-11-02T00:00:00.000Z,,True,False,,,,,2633,Tennessee,SEC,fbs,52,,,1804.0,1840.0,235,Memphis,FBS Independents,fbs,24,,,1473.0,1437.0,,,
57646,1991,10,regular,1991-11-02T00:00:00.000Z,,True,False,,,,,2579,South Carolina,FBS Independents,fbs,21,,,1574.0,1551.0,152,NC State,ACC,fbs,38,,,1754.0,1777.0,,,
57640,1991,10,regular,1991-11-02T00:00:00.000Z,,True,False,,,,,2348,Louisiana Tech,FBS Independents,fbs,35,,,1531.0,1582.0,2433,Louisiana Monroe,,,10,,,1420.0,1369.0,,,
57637,1991,10,regular,1991-11-02T00:00:00.000Z,,True,False,,,,,96,Kentucky,SEC,fbs,20,,,1367.0,1365.0,2132,Cincinnati,FBS Independents,fbs,17,,,1134.0,1136.0,,,
57664,1991,10,regular,1991-11-02T00:00:00.000Z,,True,False,True,,,,264,Washington,Pac-10,fbs,44,,,2179.0,2187.0,9,Arizona State,Pac-10,fbs,16,,,1572.0,1564.0,,,
57661,1991,10,regular,1991-11-02T00:00:00.000Z,,True,False,True,,,,328,Utah State,Big West,fbs,20,,,1265.0,1279.0,278,Fresno State,Big West,fbs,19,,,1768.0,1754.0,,,
57660,1991,10,regular,1991-11-02T00:00:00.000Z,,True,False,True,,,,26,UCLA,Pac-10,fbs,44,,,1753.0,1850.0,265,Washington State,Pac-10,fbs,3,,,1590.0,1493.0,,,
57659,1991,10,regular,1991-11-02T00:00:00.000Z,,True,False,True,,,,202,Tulsa,FBS Independents,fbs,13,,,1433.0,1435.0,2572,Southern Mississippi,FBS Independents,fbs,10,,,1541.0,1539.0,,,
57658,1991,10,regular,1991-11-02T00:00:00.000Z,,True,False,True,,,,2628,TCU,Southwest,fbs,18,,,1573.0,1558.0,2567,SMU,Southwest,fbs,10,,,1099.0,1114.0,,,
57656,1991,10,regular,1991-11-02T00:00:00.000Z,,True,False,True,,,,251,Texas,Southwest,fbs,23,,,1719.0,1723.0,2641,Texas Tech,Southwest,fbs,15,,,1582.0,1578.0,,,
57654,1991,10,regular,1991-11-02T00:00:00.000Z,,True,False,True,,,,183,Syracuse,Big East,fbs,27,,,1743.0,1752.0,218,Temple,Big East,fbs,6,,,1324.0,1315.0,,,
57653,1991,10,regular,1991-11-02T00:00:00.000Z,,True,False,True,,,,2483,Oregon,Pac-10,fbs,13,,,1529.0,1482.0,24,Stanford,Pac-10,fbs,33,,,1559.0,1606.0,,,
57650,1991,10,regular,1991-11-02T00:00:00.000Z,,True,False,True,,,,1000006,Long Beach State,Big West,fbs,24,,,1108.0,1045.0,1000044,Pacific,Big West,fbs,51,,,1197.0,1260.0,,,
57648,1991,10,regular,1991-11-02T00:00:00.000Z,,True,False,True,,,,87,Notre Dame,FBS Independents,fbs,38,,,1958.0,1979.0,2426,Navy,FBS Independents,fbs,0,,,1224.0,1203.0,,,
57692,1991,11,regular,1991-11-09T00:00:00.000Z,,True,False,True,,,,130,Michigan,Big Ten,fbs,59,,,1998.0,2035.0,77,Northwestern,Big Ten,fbs,14,,,1237.0,1200.0,,,
57695,1991,11,regular,1991-11-09T00:00:00.000Z,,True,False,True,,,,166,New Mexico State,Big West,fbs,28,,,1080.0,1082.0,1000006,Long Beach State,Big West,fbs,24,,,1045.0,1043.0,,,
57697,1991,11,regular,1991-11-09T00:00:00.000Z,,True,False,True,,,,142,Missouri,Big 8,fbs,16,,,1295.0,1261.0,201,Oklahoma,Big 8,fbs,56,,,1963.0,1997.0,,,
57699,1991,11,regular,1991-11-09T00:00:00.000Z,,True,False,True,,,,221,Pittsburgh,Big East,fbs,22,,,1496.0,1493.0,164,Rutgers,Big East,fbs,17,,,1296.0,1299.0,,,
57700,1991,11,regular,1991-11-09T00:00:00.000Z,,True,False,True,,,,2567,SMU,Southwest,fbs,10,,,1114.0,1096.0,242,Rice,Southwest,fbs,31,,,1447.0,1465.0,,,
57705,1991,11,regular,1991-11-09T00:00:00.000Z,,True,False,True,,,,2628,TCU,Southwest,fbs,7,,,1558.0,1503.0,245,Texas A&M,Southwest,fbs,44,,,1974.0,2029.0,,,
57706,1991,11,regular,1991-11-09T00:00:00.000Z,,True,False,True,,,,2641,Texas Tech,Southwest,fbs,38,,,1578.0,1608.0,8,Arkansas,Southwest,fbs,21,,,1499.0,1469.0,,,
57702,1991,11,regular,1991-11-09T00:00:00.000Z,,True,False,True,,,,23,San José State,Big West,fbs,35,,,1634.0,1626.0,1000012,Cal State Fullerton,Big West,fbs,7,,,838.0,846.0,,,
57703,1991,11,regular,1991-11-09T00:00:00.000Z,,True,False,True,,,,24,Stanford,Pac-10,fbs,27,,,1606.0,1668.0,26,UCLA,Pac-10,fbs,10,,,1850.0,1788.0,,,
57710,1991,11,regular,1991-11-09T00:00:00.000Z,,True,False,True,,,,2439,UNLV,Big West,fbs,14,,,1083.0,1072.0,328,Utah State,Big West,fbs,27,,,1279.0,1290.0,,,
57712,1991,11,regular,1991-11-09T00:00:00.000Z,,True,False,True,,,,152,NC State,ACC,fbs,10,,,1777.0,1688.0,258,Virginia,ACC,fbs,42,,,1793.0,1882.0,,,
57716,1991,11,regular,1991-11-09T00:00:00.000Z,,True,False,True,,,,265,Washington State,Pac-10,fbs,40,,,1493.0,1508.0,12,Arizona,Pac-10,fbs,27,,,1362.0,1347.0,,,
57717,1991,11,regular,1991-11-09T00:00:00.000Z,,True,False,True,,,,2711,Western Michigan,Mid-American,fbs,24,,,1337.0,1340.0,193,Miami (OH),Mid-American,fbs,23,,,1424.0,1421.0,,,
57667,1991,11,regular,1991-11-09T00:00:00.000Z,,True,False,True,,,,99,LSU,SEC,fbs,17,,,1582.0,1592.0,333,Alabama,SEC,fbs,20,,,1833.0,1823.0,,,
57668,1991,11,regular,1991-11-09T00:00:00.000Z,,True,False,True,,,,9,Arizona State,Pac-10,fbs,24,,,1564.0,1564.0,2483,Oregon,Pac-10,fbs,21,,,1482.0,1482.0,,,
57671,1991,11,regular,1991-11-09T00:00:00.000Z,,True,False,True,,,,2649,Toledo,Mid-American,fbs,3,,,1435.0,1424.0,2050,Ball State,Mid-American,fbs,9,,,1430.0,1441.0,,,
57673,1991,11,regular,1991-11-09T00:00:00.000Z,,True,False,True,,,,189,Bowling Green,Mid-American,fbs,35,,,1478.0,1508.0,2309,Kent State,Mid-American,fbs,7,,,1090.0,1060.0,,,
57678,1991,11,regular,1991-11-09T00:00:00.000Z,,True,False,True,,,,197,Oklahoma State,Big 8,fbs,12,,,1188.0,1226.0,38,Colorado,Big 8,fbs,16,,,1998.0,1960.0,,,
57666,1991,11,regular,1991-11-09T00:00:00.000Z,,True,False,,,,,2005,Air Force,Western Athletic,fbs,25,,,1621.0,1650.0,349,Army,FBS Independents,fbs,0,,,1310.0,1281.0,,,
57669,1991,11,regular,1991-11-09T00:00:00.000Z,,True,False,,,,,2032,Arkansas State,FBS Independents,fbs,20,,,1084.0,1091.0,2653,Troy,,,17,,,1499.0,1492.0,,,
57670,1991,11,regular,1991-11-09T00:00:00.000Z,,True,False,,,,,2,Auburn,SEC,fbs,50,,,1636.0,1721.0,309,Louisiana,FBS Independents,fbs,7,,,1329.0,1244.0,,,
57676,1991,11,regular,1991-11-09T00:00:00.000Z,,True,False,,,,,2132,Cincinnati,FBS Independents,fbs,30,,,1136.0,1222.0,2393,Middle Tennessee,,,10,,,1475.0,1389.0,,,
57707,1991,11,regular,1991-11-09T00:00:00.000Z,,True,False,True,,,,62,Hawai'i,Western Athletic,fbs,24,,,1497.0,1434.0,2638,UTEP,Western Athletic,fbs,41,,,1303.0,1366.0,,,
57708,1991,11,regular,1991-11-09T00:00:00.000Z,,True,False,True,,,,2655,Tulane,FBS Independents,fbs,34,,,1092.0,1176.0,2426,Navy,FBS Independents,fbs,7,,,1203.0,1119.0,,,
57709,1991,11,regular,1991-11-09T00:00:00.000Z,,True,False,True,,,,254,Utah,Western Athletic,fbs,30,,,1344.0,1364.0,167,New Mexico,Western Athletic,fbs,7,,,986.0,966.0,,,
57711,1991,11,regular,1991-11-09T00:00:00.000Z,,True,False,True,,,,238,Vanderbilt,SEC,fbs,17,,,1359.0,1377.0,96,Kentucky,SEC,fbs,7,,,1365.0,1347.0,,,
57714,1991,11,regular,1991-11-09T00:00:00.000Z,,True,False,True,,,,154,Wake Forest,ACC,fbs,31,,,1180.0,1245.0,150,Duke,ACC,fbs,14,,,1443.0,1378.0,,,
57715,1991,11,regular,1991-11-09T00:00:00.000Z,,True,False,True,,,,30,USC,Pac-10,fbs,3,,,1653.0,1673.0,264,Washington,Pac-10,fbs,14,,,2187.0,2167.0,,,
57713,1991,11,regular,1991-11-09T00:00:00.000Z,,True,False,,,,,259,Virginia Tech,Big East,fbs,42,,,1757.0,1755.0,2006,Akron,FBS Independents,fbs,24,,,1281.0,1283.0,,,
57704,1991,11,regular,1991-11-09T00:00:00.000Z,,True,False,,,,,87,Notre Dame,FBS Independents,fbs,34,,,1979.0,1971.0,2633,Tennessee,SEC,fbs,35,,,1840.0,1848.0,,,
57698,1991,11,regular,1991-11-09T00:00:00.000Z,,True,False,,,,,120,Maryland,ACC,fbs,7,,,1342.0,1302.0,213,Penn State,FBS Independents,fbs,47,,,1960.0,2000.0,,,
57689,1991,11,regular,1991-11-09T00:00:00.000Z,,True,False,,,,,2348,Louisiana Tech,FBS Independents,fbs,48,,,,,79,Southern Illinois,,,16,,,,,,,
57684,1991,11,regular,1991-11-09T00:00:00.000Z,,True,False,,,,,59,Georgia Tech,ACC,fbs,19,,,,,231,Furman,,,17,,,,,,,
57680,1991,11,regular,1991-11-09T00:00:00.000Z,,True,False,True,,,,195,Ohio,Mid-American,fbs,10,,,1037.0,1044.0,2199,Eastern Michigan,Mid-American,fbs,13,,,1236.0,1229.0,,,
57685,1991,11,regular,1991-11-09T00:00:00.000Z,,True,False,True,,,,248,Houston,Southwest,fbs,23,,,1682.0,1699.0,251,Texas,Southwest,fbs,14,,,1723.0,1706.0,,,
57686,1991,11,regular,1991-11-09T00:00:00.000Z,,True,False,True,,,,2509,Purdue,Big Ten,fbs,14,,,1399.0,1363.0,356,Illinois,Big Ten,fbs,41,,,1716.0,1752.0,,,
57690,1991,11,regular,1991-11-09T00:00:00.000Z,,True,False,True,,,,235,Memphis,FBS Independents,fbs,35,,,1437.0,1496.0,97,Louisville,FBS Independents,fbs,7,,,1316.0,1257.0,,,
57691,1991,11,regular,1991-11-09T00:00:00.000Z,,True,False,True,,,,2390,Miami,Big East,fbs,27,,,2122.0,2120.0,277,West Virginia,Big East,fbs,3,,,1503.0,1505.0,,,
57693,1991,11,regular,1991-11-09T00:00:00.000Z,,True,False,True,,,,275,Wisconsin,Big Ten,fbs,7,,,1325.0,1305.0,127,Michigan State,Big Ten,fbs,20,,,1418.0,1438.0,,,
57694,1991,11,regular,1991-11-09T00:00:00.000Z,,True,False,True,,,,2305,Kansas,Big 8,fbs,23,,,1573.0,1524.0,158,Nebraska,Big 8,fbs,59,,,2007.0,2056.0,,,
57696,1991,11,regular,1991-11-09T00:00:00.000Z,,True,False,True,,,,135,Minnesota,Big Ten,fbs,6,,,1259.0,1232.0,194,Ohio State,Big Ten,fbs,35,,,1718.0,1745.0,,,
57701,1991,11,regular,1991-11-09T00:00:00.000Z,,True,False,True,,,,21,San Diego State,Western Athletic,fbs,42,,,1589.0,1589.0,36,Colorado State,Western Athletic,fbs,32,,,1340.0,1340.0,,,
57672,1991,11,regular,1991-11-09T00:00:00.000Z,,True,False,True,,,,218,Temple,Big East,fbs,13,,,1315.0,1292.0,103,Boston College,Big East,fbs,33,,,1575.0,1598.0,,,
57674,1991,11,regular,1991-11-09T00:00:00.000Z,,True,False,True,,,,252,BYU,Western Athletic,fbs,56,,,1657.0,1693.0,2751,Wyoming,Western Athletic,fbs,31,,,1415.0,1379.0,,,
57675,1991,11,regular,1991-11-09T00:00:00.000Z,,True,False,True,,,,204,Oregon State,Pac-10,fbs,14,,,1020.0,1060.0,25,California,Pac-10,fbs,27,,,1895.0,1855.0,,,
57677,1991,11,regular,1991-11-09T00:00:00.000Z,,True,False,True,,,,153,North Carolina,ACC,fbs,6,,,1545.0,1535.0,228,Clemson,ACC,fbs,21,,,1807.0,1817.0,,,
57679,1991,11,regular,1991-11-09T00:00:00.000Z,,True,False,True,,,,2572,Southern Mississippi,FBS Independents,fbs,20,,,1539.0,1471.0,151,East Carolina,FBS Independents,fbs,48,,,1613.0,1681.0,,,
57681,1991,11,regular,1991-11-09T00:00:00.000Z,,True,False,True,,,,57,Florida,SEC,fbs,45,,,1995.0,2041.0,61,Georgia,SEC,fbs,13,,,1653.0,1607.0,,,
57682,1991,11,regular,1991-11-09T00:00:00.000Z,,True,False,True,,,,52,Florida State,FBS Independents,fbs,38,,,2093.0,2108.0,2579,South Carolina,FBS Independents,fbs,10,,,1551.0,1536.0,,,
57683,1991,11,regular,1991-11-09T00:00:00.000Z,,True,False,True,,,,1000044,Pacific,Big West,fbs,14,,,1260.0,1190.0,278,Fresno State,Big West,fbs,59,,,1754.0,1824.0,,,
57687,1991,11,regular,1991-11-09T00:00:00.000Z,,True,False,True,,,,2294,Iowa,Big Ten,fbs,38,,,1811.0,1837.0,84,Indiana,Big Ten,fbs,21,,,1688.0,1662.0,,,
57688,1991,11,regular,1991-11-09T00:00:00.000Z,,True,False,True,,,,66,Iowa State,Big 8,fbs,7,,,1315.0,1237.0,2306,Kansas State,Big 8,fbs,37,,,1362.0,1440.0,,,
57735,1991,12,regular,1991-11-16T00:00:00.000Z,,True,False,True,,,,2306,Kansas State,Big 8,fbs,32,,,1440.0,1505.0,142,Missouri,Big 8,fbs,0,,,1261.0,1196.0,,,
57719,1991,12,regular,1991-11-16T00:00:00.000Z,,True,False,True,,,,12,Arizona,Pac-10,fbs,31,,,1347.0,1419.0,30,USC,Pac-10,fbs,14,,,1673.0,1601.0,,,
57721,1991,12,regular,1991-11-16T00:00:00.000Z,,True,False,True,,,,2050,Ball State,Mid-American,fbs,13,,,1441.0,1443.0,189,Bowling Green,Mid-American,fbs,14,,,1508.0,1506.0,,,
57722,1991,12,regular,1991-11-16T00:00:00.000Z,,True,False,True,,,,252,BYU,Western Athletic,fbs,52,,,1693.0,1689.0,21,San Diego State,Western Athletic,fbs,52,,,1589.0,1593.0,,,
57723,1991,12,regular,1991-11-16T00:00:00.000Z,,True,False,True,,,,25,California,Pac-10,fbs,25,,,1855.0,1871.0,9,Arizona State,Pac-10,fbs,6,,,1564.0,1548.0,,,
57729,1991,12,regular,1991-11-16T00:00:00.000Z,,True,False,True,,,,278,Fresno State,Big West,fbs,38,,,1824.0,1806.0,1000012,Cal State Fullerton,Big West,fbs,7,,,846.0,864.0,,,
57730,1991,12,regular,1991-11-16T00:00:00.000Z,,True,False,True,,,,61,Georgia,SEC,fbs,37,,,1607.0,1633.0,2,Auburn,SEC,fbs,27,,,1721.0,1695.0,,,
57731,1991,12,regular,1991-11-16T00:00:00.000Z,,True,False,True,,,,59,Georgia Tech,ACC,fbs,27,,,1745.0,1754.0,154,Wake Forest,ACC,fbs,3,,,1245.0,1236.0,,,
57733,1991,12,regular,1991-11-16T00:00:00.000Z,,True,False,True,,,,242,Rice,Southwest,fbs,21,,,1465.0,1440.0,248,Houston,Southwest,fbs,41,,,1699.0,1724.0,,,
57734,1991,12,regular,1991-11-16T00:00:00.000Z,,True,False,True,,,,77,Northwestern,Big Ten,fbs,10,,,1200.0,1223.0,2294,Iowa,Big Ten,fbs,24,,,1837.0,1814.0,,,
57736,1991,12,regular,1991-11-16T00:00:00.000Z,,True,False,True,,,,2032,Arkansas State,FBS Independents,fbs,13,,,1091.0,1094.0,309,Louisiana,FBS Independents,fbs,17,,,1244.0,1241.0,,,
57739,1991,12,regular,1991-11-16T00:00:00.000Z,,True,False,True,,,,2309,Kent State,Mid-American,fbs,9,,,1060.0,1067.0,193,Miami (OH),Mid-American,fbs,20,,,1421.0,1414.0,,,
57740,1991,12,regular,1991-11-16T00:00:00.000Z,,True,False,True,,,,356,Illinois,Big Ten,fbs,0,,,1752.0,1732.0,130,Michigan,Big Ten,fbs,20,,,2035.0,2055.0,,,
57742,1991,12,regular,1991-11-16T00:00:00.000Z,,True,False,True,,,,158,Nebraska,Big 8,fbs,38,,,2056.0,2040.0,66,Iowa State,Big 8,fbs,13,,,1237.0,1253.0,,,
57743,1991,12,regular,1991-11-16T00:00:00.000Z,,True,False,True,,,,2439,UNLV,Big West,fbs,38,,,1072.0,1090.0,166,New Mexico State,Big West,fbs,28,,,1082.0,1064.0,,,
57746,1991,12,regular,1991-11-16T00:00:00.000Z,,True,False,True,,,,150,Duke,ACC,fbs,31,,,1378.0,1391.0,152,NC State,ACC,fbs,32,,,1688.0,1675.0,,,
57749,1991,12,regular,1991-11-16T00:00:00.000Z,,True,False,True,,,,201,Oklahoma,Big 8,fbs,21,,,1997.0,1969.0,197,Oklahoma State,Big 8,fbs,6,,,1226.0,1254.0,,,
57750,1991,12,regular,1991-11-16T00:00:00.000Z,,True,False,True,,,,213,Penn State,FBS Independents,fbs,35,,,2000.0,2050.0,87,Notre Dame,FBS Independents,fbs,13,,,1971.0,1921.0,,,
57751,1991,12,regular,1991-11-16T00:00:00.000Z,,True,False,True,,,,2509,Purdue,Big Ten,fbs,27,,,1363.0,1386.0,127,Michigan State,Big Ten,fbs,17,,,1438.0,1415.0,,,
57752,1991,12,regular,1991-11-16T00:00:00.000Z,,True,False,True,,,,164,Rutgers,Big East,fbs,41,,,1299.0,1419.0,218,Temple,Big East,fbs,0,,,1292.0,1172.0,,,
57754,1991,12,regular,1991-11-16T00:00:00.000Z,,True,False,True,,,,183,Syracuse,Big East,fbs,38,,,1752.0,1789.0,103,Boston College,Big East,fbs,16,,,1598.0,1561.0,,,
57755,1991,12,regular,1991-11-16T00:00:00.000Z,,True,False,True,,,,2633,Tennessee,SEC,fbs,36,,,1848.0,1847.0,145,Ole Miss,SEC,fbs,25,,,1558.0,1559.0,,,
57756,1991,12,regular,1991-11-16T00:00:00.000Z,,True,False,True,,,,251,Texas,Southwest,fbs,32,,,1706.0,1768.0,2628,TCU,Southwest,fbs,0,,,1503.0,1441.0,,,
57757,1991,12,regular,1991-11-16T00:00:00.000Z,,True,False,True,,,,245,Texas A&M,Southwest,fbs,13,,,2029.0,2010.0,8,Arkansas,Southwest,fbs,3,,,1469.0,1488.0,,,
57760,1991,12,regular,1991-11-16T00:00:00.000Z,,True,False,True,,,,202,Tulsa,FBS Independents,fbs,40,,,1435.0,1527.0,97,Louisville,FBS Independents,fbs,0,,,1257.0,1165.0,,,
57761,1991,12,regular,1991-11-16T00:00:00.000Z,,True,False,True,,,,26,UCLA,Pac-10,fbs,16,,,1788.0,1783.0,2483,Oregon,Pac-10,fbs,7,,,1482.0,1487.0,,,
57763,1991,12,regular,1991-11-16T00:00:00.000Z,,True,False,True,,,,328,Utah State,Big West,fbs,21,,,1290.0,1294.0,1000044,Pacific,Big West,fbs,14,,,1190.0,1186.0,,,
57747,1991,12,regular,1991-11-16T00:00:00.000Z,,True,False,,,,,2459,Northern Illinois,FBS Independents,fbs,27,,,,,2287,Illinois State,,,24,,,,,,,
57745,1991,12,regular,1991-11-16T00:00:00.000Z,,True,False,,,,,153,North Carolina,ACC,fbs,21,,,1535.0,1538.0,2579,South Carolina,FBS Independents,fbs,17,,,1536.0,1533.0,,,
57738,1991,12,regular,1991-11-16T00:00:00.000Z,,True,False,,,,,52,Florida State,FBS Independents,fbs,16,,,2108.0,2107.0,2390,Miami,Big East,fbs,17,,,2120.0,2121.0,,,
57732,1991,12,regular,1991-11-16T00:00:00.000Z,,True,False,,,,,62,Hawai'i,Western Athletic,fbs,35,,,1434.0,1441.0,23,San José State,Big West,fbs,35,,,1626.0,1619.0,,,
57727,1991,12,regular,1991-11-16T00:00:00.000Z,,True,False,,,,,259,Virginia Tech,Big East,fbs,17,,,1755.0,1736.0,151,East Carolina,FBS Independents,fbs,24,,,1681.0,1700.0,,,
57718,1991,12,regular,1991-11-16T00:00:00.000Z,,True,False,,,,,235,Memphis,FBS Independents,fbs,7,,,1496.0,1510.0,333,Alabama,SEC,fbs,10,,,1823.0,1809.0,,,
57741,1991,12,regular,1991-11-16T00:00:00.000Z,,True,False,True,,,,99,LSU,SEC,fbs,19,,,1592.0,1583.0,344,Mississippi State,SEC,fbs,28,,,1701.0,1710.0,,,
57737,1991,12,regular,1991-11-16T00:00:00.000Z,,True,False,True,,,,2348,Louisiana Tech,FBS Independents,fbs,30,,,1582.0,1606.0,2572,Southern Mississippi,FBS Independents,fbs,14,,,1471.0,1447.0,,,
57728,1991,12,regular,1991-11-16T00:00:00.000Z,,True,False,True,,,,57,Florida,SEC,fbs,35,,,2041.0,2015.0,96,Kentucky,SEC,fbs,26,,,1347.0,1373.0,,,
57726,1991,12,regular,1991-11-16T00:00:00.000Z,,True,False,True,,,,38,Colorado,Big 8,fbs,30,,,1960.0,1948.0,2305,Kansas,Big 8,fbs,24,,,1524.0,1536.0,,,
57725,1991,12,regular,1991-11-16T00:00:00.000Z,,True,False,True,,,,228,Clemson,ACC,fbs,40,,,1817.0,1847.0,120,Maryland,ACC,fbs,7,,,1302.0,1272.0,,,
57724,1991,12,regular,1991-11-16T00:00:00.000Z,,True,False,True,,,,2117,Central Michigan,Mid-American,fbs,27,,,1540.0,1543.0,2711,Western Michigan,Mid-American,fbs,17,,,1340.0,1337.0,,,
57720,1991,12,regular,1991-11-16T00:00:00.000Z,,True,False,True,,,,349,Army,FBS Independents,fbs,19,,,1281.0,1325.0,2006,Akron,FBS Independents,fbs,0,,,1283.0,1239.0,,,
57744,1991,12,regular,1991-11-16T00:00:00.000Z,,True,False,True,,,,36,Colorado State,Western Athletic,fbs,36,,,1340.0,1314.0,167,New Mexico,Western Athletic,fbs,38,,,966.0,992.0,,,
57748,1991,12,regular,1991-11-16T00:00:00.000Z,,True,False,True,,,,194,Ohio State,Big Ten,fbs,20,,,1745.0,1745.0,84,Indiana,Big Ten,fbs,16,,,1662.0,1662.0,,,
57753,1991,12,regular,1991-11-16T00:00:00.000Z,,True,False,True,,,,265,Washington State,Pac-10,fbs,14,,,1508.0,1428.0,24,Stanford,Pac-10,fbs,49,,,1668.0,1748.0,,,
57758,1991,12,regular,1991-11-16T00:00:00.000Z,,True,False,True,,,,239,Baylor,Southwest,fbs,24,,,1737.0,1713.0,2641,Texas Tech,Southwest,fbs,31,,,1608.0,1632.0,,,
57759,1991,12,regular,1991-11-16T00:00:00.000Z,,True,False,True,,,,2199,Eastern Michigan,Mid-American,fbs,14,,,1229.0,1230.0,2649,Toledo,Mid-American,fbs,21,,,1424.0,1423.0,,,
57762,1991,12,regular,1991-11-16T00:00:00.000Z,,True,False,True,,,,2638,UTEP,Western Athletic,fbs,9,,,1366.0,1365.0,254,Utah,Western Athletic,fbs,10,,,1364.0,1365.0,,,
57764,1991,12,regular,1991-11-16T00:00:00.000Z,,True,False,True,,,,204,Oregon State,Pac-10,fbs,6,,,1060.0,1041.0,264,Washington,Pac-10,fbs,58,,,2167.0,2186.0,,,
57765,1991,12,regular,1991-11-16T00:00:00.000Z,,True,False,True,,,,135,Minnesota,Big Ten,fbs,16,,,1232.0,1232.0,275,Wisconsin,Big Ten,fbs,19,,,1305.0,1305.0,,,
57781,1991,13,regular,1991-11-23T00:00:00.000Z,,True,False,,,,,2655,Tulane,FBS Independents,fbs,20,,,1176.0,1170.0,99,LSU,SEC,fbs,39,,,1583.0,1589.0,,,
57777,1991,13,regular,1991-11-23T00:00:00.000Z,,True,False,True,,,,84,Indiana,Big Ten,fbs,24,,,1662.0,1659.0,2509,Purdue,Big Ten,fbs,22,,,1386.0,1389.0,,,
57778,1991,13,regular,1991-11-23T00:00:00.000Z,,True,False,True,,,,2294,Iowa,Big Ten,fbs,23,,,1814.0,1799.0,135,Minnesota,Big Ten,fbs,8,,,1232.0,1247.0,,,
57780,1991,13,regular,1991-11-23T00:00:00.000Z,,True,False,True,,,,197,Oklahoma State,Big 8,fbs,26,,,1254.0,1254.0,2306,Kansas State,Big 8,fbs,36,,,1505.0,1505.0,,,
57783,1991,13,regular,1991-11-23T00:00:00.000Z,,True,False,True,,,,103,Boston College,Big East,fbs,14,,,1561.0,1587.0,2390,Miami,Big East,fbs,19,,,2121.0,2095.0,,,
57784,1991,13,regular,1991-11-23T00:00:00.000Z,,True,False,True,,,,130,Michigan,Big Ten,fbs,31,,,2055.0,2093.0,194,Ohio State,Big Ten,fbs,3,,,1745.0,1707.0,,,
57785,1991,13,regular,1991-11-23T00:00:00.000Z,,True,False,True,,,,127,Michigan State,Big Ten,fbs,27,,,1415.0,1421.0,356,Illinois,Big Ten,fbs,24,,,1732.0,1726.0,,,
57789,1991,13,regular,1991-11-23T00:00:00.000Z,,True,False,True,,,,2483,Oregon,Pac-10,fbs,3,,,1487.0,1418.0,204,Oregon State,Pac-10,fbs,14,,,1041.0,1110.0,,,
57791,1991,13,regular,1991-11-23T00:00:00.000Z,,True,False,True,,,,24,Stanford,Pac-10,fbs,38,,,1748.0,1798.0,25,California,Pac-10,fbs,21,,,1871.0,1821.0,,,
57792,1991,13,regular,1991-11-23T00:00:00.000Z,,True,False,True,,,,183,Syracuse,Big East,fbs,16,,,1789.0,1783.0,277,West Virginia,Big East,fbs,10,,,1505.0,1511.0,,,
57799,1991,13,regular,1991-11-23T00:00:00.000Z,,True,False,True,,,,166,New Mexico State,Big West,fbs,21,,,1064.0,1024.0,328,Utah State,Big West,fbs,46,,,1294.0,1334.0,,,
57802,1991,13,regular,1991-11-23T00:00:00.000Z,,True,False,True,,,,264,Washington,Pac-10,fbs,56,,,2186.0,2197.0,265,Washington State,Pac-10,fbs,21,,,1428.0,1417.0,,,
57774,1991,13,regular,1991-11-23T00:00:00.000Z,,True,False,True,,,,66,Iowa State,Big 8,fbs,14,,,1253.0,1285.0,38,Colorado,Big 8,fbs,17,,,1948.0,1916.0,,,
57779,1991,13,regular,1991-11-23T00:00:00.000Z,,True,False,True,,,,2305,Kansas,Big 8,fbs,53,,,1536.0,1560.0,142,Missouri,Big 8,fbs,29,,,1196.0,1172.0,,,
57794,1991,13,regular,1991-11-23T00:00:00.000Z,,True,False,True,,,,245,Texas A&M,Southwest,fbs,65,,,2010.0,2069.0,2567,SMU,Southwest,fbs,6,,,1096.0,1037.0,,,
57786,1991,13,regular,1991-11-23T00:00:00.000Z,,True,False,True,,,,344,Mississippi State,SEC,fbs,24,,,1710.0,1728.0,145,Ole Miss,SEC,fbs,9,,,1559.0,1541.0,,,
57787,1991,13,regular,1991-11-23T00:00:00.000Z,,True,False,True,,,,153,North Carolina,ACC,fbs,47,,,1538.0,1610.0,150,Duke,ACC,fbs,14,,,1391.0,1319.0,,,
57788,1991,13,regular,1991-11-23T00:00:00.000Z,,True,False,True,,,,152,NC State,ACC,fbs,20,,,1675.0,1671.0,120,Maryland,ACC,fbs,17,,,1272.0,1276.0,,,
57790,1991,13,regular,1991-11-23T00:00:00.000Z,,True,False,True,,,,2439,UNLV,Big West,fbs,23,,,1090.0,1047.0,1000044,Pacific,Big West,fbs,44,,,1186.0,1229.0,,,
57793,1991,13,regular,1991-11-23T00:00:00.000Z,,True,False,True,,,,96,Kentucky,SEC,fbs,7,,,1373.0,1391.0,2633,Tennessee,SEC,fbs,16,,,1847.0,1829.0,,,
57767,1991,13,regular,1991-11-23T00:00:00.000Z,,True,False,,,,,218,Temple,Big East,fbs,32,,,1172.0,1168.0,2006,Akron,FBS Independents,fbs,37,,,1239.0,1243.0,,,
57773,1991,13,regular,1991-11-23T00:00:00.000Z,,True,False,,,,,2579,South Carolina,FBS Independents,fbs,24,,,1533.0,1523.0,228,Clemson,ACC,fbs,41,,,1847.0,1857.0,,,
57776,1991,13,regular,1991-11-23T00:00:00.000Z,,True,False,True,,,,278,Fresno State,Big West,fbs,31,,,1806.0,1805.0,23,San José State,Big West,fbs,28,,,1619.0,1620.0,,,
57782,1991,13,regular,1991-11-23T00:00:00.000Z,,True,False,,,,,2638,UTEP,Western Athletic,fbs,17,,,1365.0,1374.0,2348,Louisiana Tech,FBS Independents,fbs,21,,,1606.0,1597.0,,,
57796,1991,13,regular,1991-11-23T00:00:00.000Z,,True,False,,,,,2649,Toledo,Mid-American,fbs,42,,,1423.0,1449.0,2459,Northern Illinois,FBS Independents,fbs,21,,,1189.0,1163.0,,,
57797,1991,13,regular,1991-11-23T00:00:00.000Z,,True,False,,,,,202,Tulsa,FBS Independents,fbs,45,,,1527.0,1558.0,195,Ohio,Mid-American,fbs,13,,,1044.0,1013.0,,,
57800,1991,13,regular,1991-11-23T00:00:00.000Z,,True,False,,,,,258,Virginia,ACC,fbs,38,,,1882.0,1971.0,259,Virginia Tech,Big East,fbs,0,,,1736.0,1647.0,,,
57801,1991,13,regular,1991-11-23T00:00:00.000Z,,True,False,,,,,2426,Navy,FBS Independents,fbs,24,,,1119.0,1056.0,154,Wake Forest,ACC,fbs,52,,,1236.0,1299.0,,,
57768,1991,13,regular,1991-11-23T00:00:00.000Z,,True,False,True,,,,9,Arizona State,Pac-10,fbs,37,,,1548.0,1590.0,12,Arizona,Pac-10,fbs,14,,,1419.0,1377.0,,,
57769,1991,13,regular,1991-11-23T00:00:00.000Z,,True,False,True,,,,8,Arkansas,Southwest,fbs,20,,,1488.0,1530.0,242,Rice,Southwest,fbs,0,,,1440.0,1398.0,,,
57771,1991,13,regular,1991-11-23T00:00:00.000Z,,True,False,True,,,,252,BYU,Western Athletic,fbs,48,,,1689.0,1734.0,254,Utah,Western Athletic,fbs,17,,,1365.0,1320.0,,,
57772,1991,13,regular,1991-11-23T00:00:00.000Z,,True,False,True,,,,1000012,Cal State Fullerton,Big West,fbs,37,,,864.0,870.0,1000006,Long Beach State,Big West,fbs,36,,,1043.0,1037.0,,,
57775,1991,13,regular,1991-11-23T00:00:00.000Z,,True,False,True,,,,2132,Cincinnati,FBS Independents,fbs,19,,,1222.0,1238.0,151,East Carolina,FBS Independents,fbs,30,,,1700.0,1684.0,,,
57766,1991,13,regular,1991-11-23T00:00:00.000Z,,True,False,True,,,,62,Hawai'i,Western Athletic,fbs,20,,,1441.0,1448.0,2005,Air Force,Western Athletic,fbs,24,,,1650.0,1643.0,,,
57803,1991,13,regular,1991-11-23T00:00:00.000Z,,True,False,True,,,,275,Wisconsin,Big Ten,fbs,32,,,1305.0,1337.0,77,Northwestern,Big Ten,fbs,14,,,1223.0,1191.0,,,
57798,1991,13,regular,1991-11-23T00:00:00.000Z,,True,False,True,,,,30,USC,Pac-10,fbs,21,,,1601.0,1607.0,26,UCLA,Pac-10,fbs,24,,,1783.0,1777.0,,,
57795,1991,13,regular,1991-11-23T00:00:00.000Z,,True,False,True,,,,2628,TCU,Southwest,fbs,49,,,1441.0,1453.0,248,Houston,Southwest,fbs,45,,,1724.0,1712.0,,,
57770,1991,13,regular,1991-11-23T00:00:00.000Z,,True,False,True,,,,251,Texas,Southwest,fbs,11,,,1768.0,1742.0,239,Baylor,Southwest,fbs,21,,,1713.0,1739.0,,,
57804,1991,14,regular,1991-11-28T00:00:00.000Z,,True,False,,,,,221,Pittsburgh,Big East,fbs,20,,,1493.0,1513.0,213,Penn State,FBS Independents,fbs,32,,,2050.0,2030.0,,,
57805,1991,14,regular,1991-11-28T00:00:00.000Z,,True,False,True,,,,245,Texas A&M,Southwest,fbs,31,,,2069.0,2077.0,251,Texas,Southwest,fbs,14,,,1742.0,1734.0,,,
57806,1991,14,regular,1991-11-29T00:00:00.000Z,,True,False,True,,,,158,Nebraska,Big 8,fbs,19,,,2040.0,2042.0,201,Oklahoma,Big 8,fbs,14,,,1969.0,1967.0,,,
57812,1991,14,regular,1991-11-30T00:00:00.000Z,,True,False,,,,,62,Hawai'i,Western Athletic,fbs,42,,,1448.0,1469.0,87,Notre Dame,FBS Independents,fbs,48,,,1921.0,1900.0,,,
57815,1991,14,regular,1991-11-30T00:00:00.000Z,,True,False,,,,,2567,SMU,Southwest,fbs,26,,,1037.0,1061.0,202,Tulsa,FBS Independents,fbs,31,,,1558.0,1534.0,,,
57807,1991,14,regular,1991-11-30T00:00:00.000Z,,True,False,True,,,,333,Alabama,SEC,fbs,13,,,1809.0,1812.0,2,Auburn,SEC,fbs,6,,,1695.0,1692.0,,,
57814,1991,14,regular,1991-11-30T00:00:00.000Z,,True,False,True,,,,248,Houston,Southwest,fbs,46,,,1712.0,1695.0,2641,Texas Tech,Southwest,fbs,52,,,1632.0,1649.0,,,
57813,1991,14,regular,1991-11-30T00:00:00.000Z,,True,False,True,,,,2633,Tennessee,SEC,fbs,45,,,1829.0,1902.0,238,Vanderbilt,SEC,fbs,0,,,1377.0,1304.0,,,
57808,1991,14,regular,1991-11-30T00:00:00.000Z,,True,False,True,,,,228,Clemson,ACC,fbs,33,,,1857.0,1841.0,150,Duke,ACC,fbs,21,,,1319.0,1335.0,,,
57809,1991,14,regular,1991-11-30T00:00:00.000Z,,True,False,,,,,57,Florida,SEC,fbs,14,,,2015.0,2024.0,52,Florida State,FBS Independents,fbs,9,,,2107.0,2098.0,,,
57810,1991,14,regular,1991-11-30T00:00:00.000Z,,True,False,,,,,59,Georgia Tech,ACC,fbs,15,,,1754.0,1742.0,61,Georgia,SEC,fbs,18,,,1633.0,1645.0,,,
57811,1991,14,regular,1991-11-30T00:00:00.000Z,,True,False,,,,,2390,Miami,Big East,fbs,39,,,2095.0,2111.0,21,San Diego State,Western Athletic,fbs,12,,,1593.0,1577.0,,,
57816,1991,15,regular,1991-12-07T00:00:00.000Z,,True,False,True,,,,2426,Navy,FBS Independents,fbs,24,,,1056.0,1137.0,349,Army,FBS Independents,fbs,3,,,1325.0,1244.0,,,
