data,season,team1,team2,score1,score2,result,spread,spreadOpen,overUnder,overUnderOpen,homeMoneyLine,awayMoneyLine
2018-08-25,2018,umass,duquesne,63,15,1,-21.0,,-21.0,,,
2018-08-25,2018,jacksonville state,north carolina a&t,17,20,0
2018-08-25,2018,rice,prairie view,31,28,1,-22.5,,-22.5,,,
2018-08-25,2018,colorado state,hawai'i,34,43,0,-17.125,,-17.125,,,
2018-08-26,2018,new mexico state,wyoming,7,29,0,5.0,,5.0,,,
2018-08-30,2018,wagner,bowie state,40,23,1
2018-08-30,2018,indiana state,quincy,49,0,1
2018-08-30,2018,campbell,chowan,49,26,1
2018-08-30,2018,ball state,central connecticut,42,6,1,-19.5,,-19.5,,,
2018-08-30,2018,georgia state,kennesaw state,24,20,1
2018-08-30,2018,delaware,rhode island,19,21,0
2018-08-30,2018,maine,new hampshire,35,7,1
2018-08-30,2018,chattanooga,tennessee tech,34,10,1
2018-08-30,2018,eastern kentucky,morehead state,49,23,1
2018-08-30,2018,murray state,southern illinois,10,49,0
2018-08-30,2018,connecticut,ucf,17,56,0,23.25,,23.25,,,
2018-08-30,2018,minnesota,new mexico state,48,10,1,-21.5,,-21.5,,,
2018-08-30,2018,samford,shorter,66,9,1
2018-08-30,2018,north dakota,mississippi valley state,35,7,1
2018-08-31,2018,utah,weber state,41,10,1,-30.5,,-30.5,,,
2018-08-31,2018,uab,savannah state,52,0,1,-39.0,,-39.0,,,
2018-08-31,2018,louisiana monroe,southeastern louisiana,34,31,1,-21.0,,-21.0,,,
2018-08-31,2018,oklahoma state,missouri state,58,17,1,-46.0,,-46.0,,,
2018-08-31,2018,purdue,northwestern,27,31,0,-1.0,,-1.0,,,
2018-08-31,2018,tulane,wake forest,17,23,0,7.25,,7.25,,,
2018-08-31,2018,texas a&m,northwestern state,59,7,1,-47.0,,-47.0,,,
2018-08-31,2018,montana state,western illinois,26,23,1
2018-08-31,2018,san josé state,uc davis,38,44,0
2018-08-31,2018,western michigan,syracuse,42,55,0,5.0,,5.0,,,
2018-08-31,2018,eastern michigan,monmouth,51,17,1,-23.5,,-23.5,,,
2018-08-31,2018,michigan state,utah state,38,31,1,-23.5,,-23.5,,,
2018-08-31,2018,duke,army,34,14,1,-13.875,,-13.875,,,
2018-09-01,2018,idaho state,western state,45,10,1
2018-09-01,2018,wisconsin,western kentucky,34,3,1,-36.25,,-36.25,,,
2018-09-01,2018,nevada,portland state,72,19,1,-28.0,,-28.0,,,
2018-09-01,2018,stanford,san diego state,31,10,1,-13.75,,-13.75,,,
2018-09-01,2018,colorado state,colorado,13,45,0,3.5,,3.5,,,
2018-09-01,2018,maryland,texas,34,29,1,12.625,,12.625,,,
2018-09-01,2018,temple,villanova,17,19,0,-15.0,,-15.0,,,
2018-09-01,2018,nc state,james madison,24,13,1,-14.5,,-14.5,,,
2018-09-01,2018,rutgers,texas state,35,7,1,-16.5,,-16.5,,,
2018-09-01,2018,ohio state,oregon state,77,31,1,-40.0,,-40.0,,,
2018-09-01,2018,south carolina,coastal carolina,49,15,1,-30.75,,-30.75,,,
2018-09-01,2018,illinois,kent state,31,24,1,-18.125,,-18.125,,,
2018-09-01,2018,oklahoma,florida atlantic,63,14,1,-18.875,,-18.875,,,
2018-09-01,2018,texas tech,ole miss,27,47,0,2.125,,2.125,,,
2018-09-01,2018,tcu,southern,55,7,1,-49.0,,-49.0,,,
2018-09-01,2018,rice,houston,27,45,0,25.875,,25.875,,,
2018-09-01,2018,clemson,furman,48,7,1,-50.5,,-50.5,,,
2018-09-01,2018,georgia tech,alcorn state,41,0,1,-43.0,,-43.0,,,
2018-09-01,2018,lehigh,st francis (pa),21,19,1
2018-09-01,2018,colgate,holy cross,24,17,1
2018-09-01,2018,jacksonville,st. augustine's,63,14,1
2018-09-01,2018,boston college,umass,55,21,1,-20.375,,-20.375,,,
2018-09-01,2018,dayton,robert morris,49,28,1
2018-09-01,2018,marist,georgetown,14,39,0
2018-09-01,2018,ohio,howard,38,32,1,-31.0,,-31.0,,,
2018-09-01,2018,air force,stony brook,38,0,1,-14.5,,-14.5,,,
2018-09-01,2018,youngstown state,butler,21,23,0
2018-09-01,2018,duquesne,lock haven,45,0,1
2018-09-01,2018,bryant,new haven,41,31,1
2018-09-01,2018,north dakota state,cal poly,49,3,1
2018-09-01,2018,pittsburgh,albany,33,7,1,-27.0,,-27.0,,,
2018-09-01,2018,kentucky,central michigan,35,20,1,-17.5,,-17.5,,,
2018-09-01,2018,georgia,austin peay,45,0,1,-46.0,,-46.0,,,
2018-09-01,2018,auburn,washington,21,16,1,-1.5,,-1.5,,,
2018-09-01,2018,penn state,appalachian state,45,38,1,-24.5,,-24.5,,,
2018-09-01,2018,wyoming,washington state,19,41,0,3.125,,3.125,,,
2018-09-01,2018,tennessee,west virginia,14,40,0,9.875,,9.875,,,
2018-09-01,2018,iowa,northern illinois,33,7,1,-9.25,,-9.25,,,
2018-09-01,2018,northern colorado,mcneese,14,17,0
2018-09-01,2018,arkansas,eastern illinois,55,20,1,-34.5,,-34.5,,,
2018-09-01,2018,missouri,ut martin,51,14,1,-35.0,,-35.0,,,
2018-09-01,2018,california,north carolina,24,17,1,-7.0,,-7.0,,,
2018-09-01,2018,usc,unlv,43,21,1,-24.625,,-24.625,,,
2018-09-01,2018,eastern washington,central washington,58,13,1
2018-09-01,2018,san diego,western new mexico,38,9,1
2018-09-01,2018,florida a&m,fort valley state,41,7,1
2018-09-01,2018,georgia southern,south carolina state,37,6,1,-28.0,,-28.0,,,
2018-09-01,2018,western carolina,newberry,33,26,1
2018-09-01,2018,gardner-webb,limestone,52,17,1
2018-09-01,2018,south florida,elon,34,14,1,-27.0,,-27.0,,,
2018-09-01,2018,wofford,the citadel,28,21,1
2018-09-01,2018,buffalo,delaware state,48,10,1
2018-09-01,2018,liberty,old dominion,52,10,1,5.125,,5.125,,,
2018-09-01,2018,bucknell,william & mary,7,14,0
2018-09-01,2018,charlotte,fordham,34,10,1,-16.5,,-16.5,,,
2018-09-01,2018,hampton,shaw,38,10,1
2018-09-01,2018,sacred heart,lafayette,35,6,1
2018-09-01,2018,miami (oh),marshall,28,35,0,-1.375,,-1.375,,,
2018-09-01,2018,norfolk state,virginia state,34,13,1
2018-09-01,2018,virginia,richmond,42,13,1,-14.5,,-14.5,,,
2018-09-01,2018,troy,boise state,20,56,0,9.125,,9.125,,,
2018-09-01,2018,tennessee state,bethune-cookman,34,3,1
2018-09-01,2018,south alabama,louisiana tech,26,30,0,10.375,,10.375,,,
2018-09-01,2018,toledo,vmi,66,3,1,-48.5,,-48.5,,,
2018-09-01,2018,arkansas state,southeast missouri state,48,21,1,-32.5,,-32.5,,,
2018-09-01,2018,louisiana,grambling,49,17,1,-14.0,,-14.0,,,
2018-09-01,2018,memphis,mercer,66,14,1
2018-09-01,2018,davidson,brevard college,34,13,1
2018-09-01,2018,stetson,point university,48,7,1
2018-09-01,2018,morgan state,towson,10,36,0
2018-09-01,2018,tulsa,central arkansas,38,27,1,-11.5,,-11.5,,,
2018-09-01,2018,kansas,nicholls,23,26,0,-8.0,,-8.0,,,
2018-09-01,2018,lamar,kentucky christian,70,7,1
2018-09-01,2018,houston christian,southwest baptist,49,7,1
2018-09-01,2018,kansas state,south dakota,27,24,1,-24.0,,-24.0,,,
2018-09-01,2018,ucla,cincinnati,17,26,0,-14.25,,-14.25,,,
2018-09-01,2018,southern mississippi,jackson state,55,7,1,-34.5,,-34.5,,,
2018-09-01,2018,florida international,indiana,28,38,0,13.0,,13.0,,,
2018-09-01,2018,notre dame,michigan,24,17,1,2.875,,2.875,,,
2018-09-01,2018,north texas,smu,46,23,1,-3.5,,-3.5,,,
2018-09-01,2018,florida,charleston southern,53,6,1,-43.0,,-43.0,,,
2018-09-01,2018,vanderbilt,middle tennessee,35,7,1,-3.0,,-3.0,,,
2018-09-01,2018,utep,northern arizona,10,30,0,7.0,,7.0,,,
2018-09-01,2018,east tennessee state,mars hill,28,7,1
2018-09-01,2018,illinois state,st. xavier (il),46,0,1
2018-09-01,2018,mississippi state,stephen f. austin,63,6,1,-44.25,,-44.25,,,
2018-09-02,2018,southern utah,north alabama,30,34,0
2018-09-02,2018,new mexico,incarnate word,62,30,1,-36.0,,-36.0,,,
2018-09-02,2018,alabama,louisville,51,14,1,-23.75,,-23.75,,,
2018-09-02,2018,baylor,abilene christian,55,27,1,-41.0,,-41.0,,,
2018-09-02,2018,oregon,bowling green,58,24,1,-34.25,,-34.25,,,
2018-09-02,2018,montana,northern iowa,26,23,1
2018-09-02,2018,sacramento state,st. francis (il),55,7,1
2018-09-02,2018,fresno state,idaho,79,13,1,-24.5,,-24.5,,,
2018-09-02,2018,arizona state,ut san antonio,49,7,1,-17.25,,-17.25,,,
2018-09-02,2018,arizona,byu,23,28,0,-10.5,,-10.5,,,
2018-09-02,2018,hawai'i,navy,59,41,1,12.5,,12.5,,,
2018-09-02,2018,north carolina central,prairie view,24,40,0
2018-09-02,2018,east carolina,north carolina a&t,23,28,0,-13.0,,-13.0,,,
2018-09-02,2018,lsu,miami,33,17,1,3.125,,3.125,,,
2018-09-04,2018,florida state,virginia tech,3,24,0,-7.125,,-7.125,,,
2018-09-06,2018,missouri state,lincoln (mo),52,24,1
2018-09-06,2018,tennessee tech,kennesaw state,10,49,0
2018-09-07,2018,central connecticut,lincoln (pa),55,0,1
2018-09-08,2018,smu,tcu,12,42,0,23.625,,23.625,,,
2018-09-08,2018,wake forest,towson,51,20,1,-34.0,,-34.0,,,
2018-09-08,2018,purdue,eastern michigan,19,20,0,-15.375,,-15.375,,,
2018-09-08,2018,army,liberty,38,14,1,-7.5,,-7.5,,,
2018-09-08,2018,wisconsin,new mexico,45,14,1,-35.75,,-35.75,,,
2018-09-08,2018,st francis (pa),delaware state,45,14,1
2018-09-08,2018,duquesne,valparaiso,23,21,1
2018-09-08,2018,robert morris,virginia state,22,19,1
2018-09-08,2018,michigan,western michigan,49,3,1,-27.875,,-27.875,,,
2018-09-08,2018,northwestern,duke,7,21,0,-2.5,,-2.5,,,
2018-09-08,2018,south florida,georgia tech,49,38,1,3.125,,3.125,,,
2018-09-08,2018,vanderbilt,nevada,41,10,1,-10.0,,-10.0,,,
2018-09-08,2018,kansas state,mississippi state,10,31,0,6.875,,6.875,,,
2018-09-08,2018,houston,arizona,45,18,1,-3.25,,-3.25,,,
2018-09-08,2018,nc state,georgia state,41,7,1,-24.75,,-24.75,,,
2018-09-08,2018,lehigh,villanova,9,31,0
2018-09-08,2018,georgetown,campbell,8,13,0
2018-09-08,2018,rhode island,albany,45,26,1
2018-09-08,2018,boston college,holy cross,62,14,1
2018-09-08,2018,oklahoma,ucla,49,21,1,-31.0,,-31.0,,,
2018-09-08,2018,florida atlantic,air force,33,26,1,-8.125,,-8.125,,,
2018-09-08,2018,oregon,portland state,62,14,1,-49.5,,-49.5,,,
2018-09-08,2018,virginia tech,william & mary,62,17,1,-42.0,,-42.0,,,
2018-09-08,2018,southeast missouri state,dayton,40,21,1
2018-09-08,2018,monmouth,hampton,56,28,1
2018-09-08,2018,bucknell,sacred heart,14,30,0
2018-09-08,2018,south dakota,northern colorado,43,28,1
2018-09-08,2018,montana,drake,48,16,1
2018-09-08,2018,central michigan,kansas,7,31,0,-3.0,,-3.0,,,
2018-09-08,2018,alabama,arkansas state,57,7,1,-36.875,,-36.875,,,
2018-09-08,2018,akron,morgan state,41,7,1,-42.5,,-42.5,,,
2018-09-08,2018,delaware,lafayette,37,0,1
2018-09-08,2018,kent state,howard,54,14,1,-9.5,,-9.5,,,
2018-09-08,2018,notre dame,ball state,24,16,1,-34.125,,-34.125,,,
2018-09-08,2018,temple,buffalo,29,36,0,-4.0,,-4.0,,,
2018-09-08,2018,navy,memphis,22,21,1,6.875,,6.875,,,
2018-09-08,2018,ohio state,rutgers,52,3,1,-34.875,,-34.875,,,
2018-09-08,2018,east carolina,north carolina,41,19,1,15.75,,15.75,,,
2018-09-08,2018,nebraska,colorado,28,33,0,-3.25,,-3.25,,,
2018-09-08,2018,syracuse,wagner,62,10,1
2018-09-08,2018,south carolina,georgia,17,41,0,8.875,,8.875,,,
2018-09-08,2018,texas tech,lamar,77,0,1,-49.0,,-49.0,,,
2018-09-08,2018,ole miss,southern illinois,76,41,1,-28.0,,-28.0,,,
2018-09-08,2018,tennessee,east tennessee state,59,3,1,-37.0,,-37.0,,,
2018-09-08,2018,bethune-cookman,virginia lynchburg,79,16,1
2018-09-08,2018,washington,north dakota,45,3,1
2018-09-08,2018,idaho,western new mexico,56,10,1
2018-09-08,2018,iowa,iowa state,13,3,1,-3.5,,-3.5,,,
2018-09-08,2018,west virginia,youngstown state,52,17,1,-33.5,,-33.5,,,
2018-09-08,2018,georgia southern,umass,34,13,1,-1.5,,-1.5,,,
2018-09-08,2018,bowling green,maryland,14,45,0,13.625,,13.625,,,
2018-09-08,2018,the citadel,chattanooga,28,29,0
2018-09-08,2018,mercer,jacksonville,45,3,1
2018-09-08,2018,taylor,butler,17,31,0
2018-09-08,2018,north carolina central,st. augustine's,51,14,1
2018-09-08,2018,morehead state,mount st. joseph,48,19,1
2018-09-08,2018,stetson,waldorf,63,34,1
2018-09-08,2018,charlotte,appalachian state,9,45,0,15.0,,15.0,,,
2018-09-08,2018,miami,savannah state,77,0,1,-62.0,,-62.0,,,
2018-09-08,2018,ucf,south carolina state,38,0,1
2018-09-08,2018,wofford,vmi,59,14,1
2018-09-08,2018,elon,furman,45,7,1
2018-09-08,2018,norfolk state,james madison,0,17,0
2018-09-08,2018,new hampshire,colgate,3,10,0
2018-09-08,2018,richmond,fordham,52,7,1
2018-09-08,2018,stony brook,bryant,50,21,1
2018-09-08,2018,north carolina a&t,gardner-webb,45,6,1
2018-09-08,2018,marshall,eastern kentucky,32,16,1,-32.5,,-32.5,,,
2018-09-08,2018,sam houston state,prairie view,41,32,1
2018-09-08,2018,jacksonville state,mississippi valley state,71,0,1
2018-09-08,2018,davidson,chowan,49,28,1
2018-09-08,2018,coastal carolina,uab,47,24,1,8.875,,8.875,,,
2018-09-08,2018,texas state,texas southern,36,20,1,-34.0,,-34.0,,,
2018-09-08,2018,louisville,indiana state,31,7,1
2018-09-08,2018,ut san antonio,baylor,20,37,0,17.0,,17.0,,,
2018-09-08,2018,arkansas-pine bluff,cumberland,55,0,1
2018-09-08,2018,alcorn state,louisiana college,78,0,1
2018-09-08,2018,texas a&m,clemson,26,28,0,12.25,,12.25,,,
2018-09-08,2018,alabama a&m,north alabama,20,25,0
2018-09-08,2018,austin peay,presbyterian college,24,0,1
2018-09-08,2018,abilene christian,angelo state,41,24,1
2018-09-08,2018,south dakota state,montana state,45,14,1
2018-09-08,2018,central arkansas,murray state,26,13,1
2018-09-08,2018,lsu,southeastern louisiana,31,0,1,-42.0,,-42.0,,,
2018-09-08,2018,northern arizona,eastern washington,26,31,0
2018-09-08,2018,houston christian,mcneese,34,51,0
2018-09-08,2018,northwestern state,grambling,34,7,1
2018-09-08,2018,middle tennessee,ut martin,61,37,1,-19.0,,-19.0,,,
2018-09-08,2018,troy,florida a&m,59,7,1,-34.5,,-34.5,,,
2018-09-08,2018,missouri,wyoming,40,13,1,-19.5,,-19.5,,,
2018-09-08,2018,louisiana tech,southern,54,17,1,-34.0,,-34.0,,,
2018-09-08,2018,southern mississippi,louisiana monroe,20,21,0,-5.25,,-5.25,,,
2018-09-08,2018,florida state,samford,36,26,1,-33.0,,-33.0,,,
2018-09-08,2018,western kentucky,maine,28,31,0,-10.0,,-10.0,,,
2018-09-08,2018,illinois,western illinois,34,14,1
2018-09-08,2018,auburn,alabama state,63,9,1,-62.0,,-62.0,,,
2018-09-08,2018,illinois state,eastern illinois,48,10,1
2018-09-08,2018,northern illinois,utah,6,17,0,12.0,,12.0,,,
2018-09-08,2018,indiana,virginia,20,16,1,-5.0,,-5.0,,,
2018-09-08,2018,old dominion,florida international,20,28,0,2.75,,2.75,,,
2018-09-08,2018,colorado state,arkansas,34,27,1,14.0,,14.0,,,
2018-09-08,2018,florida,kentucky,16,27,0,-13.5,,-13.5,,,
2018-09-08,2018,minnesota,fresno state,21,14,1,nan,,nan,,,
2018-09-08,2018,north texas,incarnate word,58,16,1,-43.5,,-43.5,,,
2018-09-09,2018,texas,tulsa,28,21,1,-22.125,,-22.125,,,
2018-09-09,2018,oklahoma state,south alabama,55,13,1,-30.75,,-30.75,,,
2018-09-09,2018,pittsburgh,penn state,6,51,0,7.5,,7.5,,,
2018-09-09,2018,miami (oh),cincinnati,0,21,0,-1.5,,-1.5,,,
2018-09-09,2018,oregon state,southern utah,48,25,1,-11.0,,-11.0,,,
2018-09-09,2018,tulane,nicholls,42,17,1,-17.0,,-17.0,,,
2018-09-09,2018,utah state,new mexico state,60,13,1,-23.25,,-23.25,,,
2018-09-09,2018,stanford,usc,17,3,1,-4.875,,-4.875,,,
2018-09-09,2018,unlv,utep,52,24,1,-22.375,,-22.375,,,
2018-09-09,2018,san diego state,sacramento state,28,14,1,-25.5,,-25.5,,,
2018-09-09,2018,cal poly,weber state,17,24,0
2018-09-09,2018,uc davis,san diego,54,21,1
2018-09-09,2018,boise state,connecticut,62,7,1,-33.5,,-33.5,,,
2018-09-09,2018,byu,california,18,21,0,-2.375,,-2.375,,,
2018-09-09,2018,arizona state,michigan state,16,13,1,4.625,,4.625,,,
2018-09-09,2018,washington state,san josé state,31,0,1,-32.25,,-32.25,,,
2018-09-09,2018,hawai'i,rice,43,29,1,-17.375,,-17.375,,,
2018-09-12,2018,campbell,coastal carolina,21,58,0
2018-09-13,2018,charlotte,old dominion,28,25,1,0.75,,0.75,,,
2018-09-13,2018,st francis (pa),richmond,27,35,0
2018-09-13,2018,wake forest,boston college,34,41,0,6.125,,6.125,,,
2018-09-13,2018,davidson,guilford,91,61,1
2018-09-13,2018,james madison,robert morris,73,7,1
2018-09-14,2018,utah state,tennessee tech,73,12,1
2018-09-14,2018,vmi,east tennessee state,24,27,0
2018-09-14,2018,gardner-webb,western carolina,10,28,0
2018-09-14,2018,memphis,georgia state,59,22,1,-28.75,,-28.75,,,
2018-09-15,2018,cal poly,brown,44,15,1
2018-09-15,2018,duquesne,dayton,31,26,1
2018-09-15,2018,georgia,middle tennessee,49,7,1,-34.125,,-34.125,,,
2018-09-15,2018,syracuse,florida state,30,7,1,3.5,,3.5,,,
2018-09-15,2018,army,hawai'i,28,21,1,-6.875,,-6.875,,,
2018-09-15,2018,tennessee,utep,24,0,1,-33.375,,-33.375,,,
2018-09-15,2018,connecticut,rhode island,56,49,1
2018-09-15,2018,harvard,san diego,36,14,1
2018-09-15,2018,indiana,ball state,38,10,1,-15.667,,-15.667,,,
2018-09-15,2018,nebraska,troy,19,24,0,-10.75,,-10.75,,,
2018-09-15,2018,kansas,rutgers,55,14,1,-1.167,,-1.167,,,
2018-09-15,2018,toledo,miami,24,49,0,12.0,,12.0,,,
2018-09-15,2018,maryland,temple,14,35,0,-15.5,,-15.5,,,
2018-09-15,2018,clemson,georgia southern,38,7,1,-31.875,,-31.875,,,
2018-09-15,2018,kentucky,murray state,48,10,1,-41.0,,-41.0,,,
2018-09-15,2018,iowa state,oklahoma,27,37,0,18.5,,18.5,,,
2018-09-15,2018,penn state,kent state,63,10,1,-35.375,,-35.375,,,
2018-09-15,2018,pittsburgh,georgia tech,24,19,1,3.375,,3.375,,,
2018-09-15,2018,uab,tulane,31,24,1,3.625,,3.625,,,
2018-09-15,2018,holy cross,yale,31,28,1
2018-09-15,2018,dartmouth,georgetown,41,0,1
2018-09-15,2018,youngstown state,valparaiso,42,7,1
2018-09-15,2018,drake,missouri s&t,52,12,1
2018-09-15,2018,stanford,uc davis,30,10,1,-31.0,,-31.0,,,
2018-09-15,2018,notre dame,vanderbilt,22,17,1,-13.875,,-13.875,,,
2018-09-15,2018,pennsylvania,bucknell,34,17,1
2018-09-15,2018,montana state,wagner,47,24,1
2018-09-15,2018,samford,mercer,24,30,0
2018-09-15,2018,missouri state,northern arizona,40,8,1
2018-09-15,2018,illinois,south florida,19,25,0,14.0,,14.0,,,
2018-09-15,2018,northern illinois,central michigan,24,16,1,-13.75,,-13.75,,,
2018-09-15,2018,north dakota state,north alabama,38,7,1
2018-09-15,2018,delaware,cornell,27,10,1
2018-09-15,2018,auburn,lsu,21,22,0,-10.0,,-10.0,,,
2018-09-15,2018,oklahoma state,boise state,44,21,1,2.125,,2.125,,,
2018-09-15,2018,villanova,towson,35,45,0
2018-09-15,2018,wisconsin,byu,21,24,0,-23.375,,-23.375,,,
2018-09-15,2018,baylor,duke,27,40,0,-2.375,,-2.375,,,
2018-09-15,2018,minnesota,miami (oh),26,3,1,-13.625,,-13.625,,,
2018-09-15,2018,michigan,smu,45,20,1,-36.75,,-36.75,,,
2018-09-15,2018,navy,lehigh,51,21,1,-33.0,,-33.0,,,
2018-09-15,2018,bowling green,eastern kentucky,42,35,1,-14.0,,-14.0,,,
2018-09-15,2018,wyoming,wofford,17,14,1,-14.0,,-14.0,,,
2018-09-15,2018,florida,colorado state,48,10,1,-21.25,,-21.25,,,
2018-09-15,2018,arkansas,north texas,17,44,0,-5.5,,-5.5,,,
2018-09-15,2018,northern colorado,sacramento state,25,28,0
2018-09-15,2018,ut martin,chattanooga,24,34,0
2018-09-15,2018,western illinois,montana,31,27,1
2018-09-15,2018,kansas state,ut san antonio,41,17,1,-20.875,,-20.875,,,
2018-09-15,2018,texas tech,houston,63,49,1,nan,,nan,,,
2018-09-15,2018,virginia,ohio,45,31,1,-2.375,,-2.375,,,
2018-09-15,2018,florida a&m,jackson state,16,18,0
2018-09-15,2018,kennesaw state,alabama state,62,13,1
2018-09-15,2018,central connecticut,columbia,24,41,0
2018-09-15,2018,oregon,san josé state,35,22,1,-42.75,,-42.75,,,
2018-09-15,2018,colorado,new hampshire,45,14,1,-37.0,,-37.0,,,
2018-09-15,2018,portland state,college of idaho,63,14,1
2018-09-15,2018,buffalo,eastern michigan,35,28,1,-3.0,,-3.0,,,
2018-09-15,2018,florida atlantic,bethune-cookman,49,28,1,-41.0,,-41.0,,,
2018-09-15,2018,lafayette,monmouth,20,24,0
2018-09-15,2018,morehead state,austin peay,40,78,0
2018-09-15,2018,bryant,marist,37,27,1
2018-09-15,2018,butler,princeton,7,50,0
2018-09-15,2018,fordham,stony brook,6,28,0
2018-09-15,2018,california,idaho state,45,23,1,-36.5,,-36.5,,,
2018-09-15,2018,tulsa,arkansas state,20,29,0,-1.625,,-1.625,,,
2018-09-15,2018,nevada,oregon state,37,35,1,-3.75,,-3.75,,,
2018-09-15,2018,southern,langston,33,18,1
2018-09-15,2018,sam houston state,north dakota,23,24,0
2018-09-15,2018,mcneese,nicholls,20,10,1
2018-09-15,2018,lamar,northwestern state,48,49,0
2018-09-15,2018,ole miss,alabama,7,62,0,22.625,,22.625,,,
2018-09-15,2018,albany,morgan state,30,27,1
2018-09-15,2018,incarnate word,stephen f. austin,31,7,1
2018-09-15,2018,eastern illinois,indiana state,41,55,0
2018-09-15,2018,western michigan,delaware state,68,0,1,-47.0,,-47.0,,,
2018-09-15,2018,south alabama,texas state,41,31,1,-9.625,,-9.625,,,
2018-09-15,2018,alcorn state,texas southern,27,15,1
2018-09-15,2018,cincinnati,alabama a&m,63,7,1
2018-09-15,2018,southern illinois,southeast missouri state,44,48,0
2018-09-15,2018,south dakota state,arkansas-pine bluff,90,6,1
2018-09-15,2018,houston christian,abilene christian,13,38,0
2018-09-15,2018,northwestern,akron,34,39,0,-21.125,,-21.125,,,
2018-09-15,2018,mississippi state,louisiana,56,10,1,-34.125,,-34.125,,,
2018-09-15,2018,purdue,missouri,37,40,0,5.25,,5.25,,,
2018-09-15,2018,iowa,northern iowa,38,14,1,-21.0,,-21.0,,,
2018-09-15,2018,louisville,western kentucky,20,17,1,-23.875,,-23.875,,,
2018-09-15,2018,florida international,umass,63,24,1,-3.5,,-3.5,,,
2018-09-15,2018,texas a&m,louisiana monroe,48,10,1,nan,,nan,,,
2018-09-16,2018,texas,usc,37,14,1,-3.25,,-3.25,,,
2018-09-16,2018,southeastern louisiana,central arkansas,25,33,0
2018-09-16,2018,new mexico state,new mexico,25,42,0,3.0,,3.0,,,
2018-09-16,2018,washington state,eastern washington,59,24,1,-20.0,,-20.0,,,
2018-09-16,2018,tcu,ohio state,28,40,0,12.75,,12.75,,,
2018-09-16,2018,weber state,south dakota,27,10,1
2018-09-16,2018,unlv,prairie view,46,17,1,-32.0,,-32.0,,,
2018-09-16,2018,utah,washington,7,21,0,4.125,,4.125,,,
2018-09-16,2018,ucla,fresno state,14,38,0,2.625,,2.625,,,
2018-09-16,2018,san diego state,arizona state,28,21,1,4.875,,4.875,,,
2018-09-16,2018,arizona,southern utah,62,31,1,-26.5,,-26.5,,,
2018-09-20,2018,temple,tulsa,31,17,1,-6.375,,-6.375,,,
2018-09-21,2018,brown,harvard,17,31,0
2018-09-21,2018,ucf,florida atlantic,56,36,1,-14.0,,-14.0,,,
2018-09-22,2018,illinois,penn state,24,63,0,26.5,,26.5,,,
2018-09-22,2018,usc,washington state,39,36,1,-4.5,,-4.5,,,
2018-09-22,2018,iowa state,akron,26,13,1,-19.5,,-19.5,,,
2018-09-22,2018,cincinnati,ohio,34,30,1,-7.0,,-7.0,,,
2018-09-22,2018,wake forest,notre dame,27,56,0,6.375,,6.375,,,
2018-09-22,2018,michigan,nebraska,56,10,1,-18.0,,-18.0,,,
2018-09-22,2018,toledo,nevada,63,44,1,-10.5,,-10.5,,,
2018-09-22,2018,missouri,georgia,29,43,0,14.75,,14.75,,,
2018-09-22,2018,purdue,boston college,30,13,1,6.5,,6.5,,,
2018-09-22,2018,maryland,minnesota,42,13,1,-2.0,,-2.0,,,
2018-09-22,2018,smu,navy,31,30,1,6.5,,6.5,,,
2018-09-22,2018,ole miss,kent state,38,17,1,-28.5,,-28.5,,,
2018-09-22,2018,rutgers,buffalo,13,42,0,6.0,,6.0,,,
2018-09-22,2018,north carolina,pittsburgh,38,35,1,3.0,,3.0,,,
2018-09-22,2018,virginia,louisville,27,3,1,-4.75,,-4.75,,,
2018-09-22,2018,stetson,marist,19,14,1
2018-09-22,2018,colgate,lafayette,45,0,1
2018-09-22,2018,dayton,davidson,42,21,1
2018-09-22,2018,bryant,robert morris,49,46,1
2018-09-22,2018,fordham,central connecticut,13,24,0
2018-09-22,2018,holy cross,dartmouth,14,34,0
2018-09-22,2018,valparaiso,truman state,20,34,0
2018-09-22,2018,north dakota state,delaware,38,10,1
2018-09-22,2018,georgetown,columbia,15,23,0
2018-09-22,2018,georgia state,western michigan,15,34,0,8.25,,8.25,,,
2018-09-22,2018,ball state,western kentucky,20,28,0,-3.0,,-3.0,,,
2018-09-22,2018,central michigan,maine,17,5,1
2018-09-22,2018,bowling green,miami (oh),23,38,0,6.5,,6.5,,,
2018-09-22,2018,cornell,yale,24,30,0
2018-09-22,2018,pennsylvania,lehigh,30,10,1
2018-09-22,2018,ut martin,austin peay,37,7,1
2018-09-22,2018,eastern illinois,tennessee state,40,41,0
2018-09-22,2018,montana,sacramento state,41,34,1
2018-09-22,2018,bethune-cookman,howard,35,41,0
2018-09-22,2018,colorado state,illinois state,19,35,0,-4.0,,-4.0,,,
2018-09-22,2018,james madison,william & mary,51,0,1
2018-09-22,2018,old dominion,virginia tech,49,35,1,28.25,,28.25,,,
2018-09-22,2018,umass,charlotte,49,31,1,-6.25,,-6.25,,,
2018-09-22,2018,appalachian state,gardner-webb,72,7,1,-45.0,,-45.0,,,
2018-09-22,2018,duke,north carolina central,55,13,1,-46.0,,-46.0,,,
2018-09-22,2018,western carolina,vmi,52,50,1
2018-09-22,2018,miami,florida international,31,17,1,-26.25,,-26.25,,,
2018-09-22,2018,georgia tech,clemson,21,49,0,16.125,,16.125,,,
2018-09-22,2018,west virginia,kansas state,35,6,1,-15.875,,-15.875,,,
2018-09-22,2018,ohio state,tulane,49,6,1,-37.5,,-37.5,,,
2018-09-22,2018,florida state,northern illinois,37,19,1,-9.75,,-9.75,,,
2018-09-22,2018,alabama,texas a&m,45,23,1,-24.625,,-24.625,,,
2018-09-22,2018,baylor,kansas,26,7,1,-7.5,,-7.5,,,
2018-09-22,2018,syracuse,connecticut,51,21,1,-30.375,,-30.375,,,
2018-09-22,2018,mercer,the citadel,31,38,0
2018-09-22,2018,oregon state,arizona,14,35,0,4.375,,4.375,,,
2018-09-22,2018,vanderbilt,south carolina,14,37,0,1.5,,1.5,,,
2018-09-22,2018,eastern kentucky,southeast missouri state,23,14,1
2018-09-22,2018,eastern washington,cal poly,70,17,1
2018-09-22,2018,texas,tcu,31,16,1,2.875,,2.875,,,
2018-09-22,2018,princeton,monmouth,51,9,1
2018-09-22,2018,alabama a&m,southern,27,29,0
2018-09-22,2018,north dakota,idaho state,21,25,0
2018-09-22,2018,northern iowa,hampton,44,0,1
2018-09-22,2018,portland state,montana state,23,43,0
2018-09-22,2018,nicholls,sam houston state,27,7,1
2018-09-22,2018,florida a&m,savannah state,31,13,1
2018-09-22,2018,byu,mcneese,30,3,1,-24.5,,-24.5,,,
2018-09-22,2018,liberty,north texas,7,47,0,10.75,,10.75,,,
2018-09-22,2018,wagner,sacred heart,14,41,0
2018-09-22,2018,south carolina state,norfolk state,7,17,0
2018-09-22,2018,north carolina a&t,morgan state,13,16,0
2018-09-22,2018,kennesaw state,clark atlanta,70,13,1
2018-09-22,2018,campbell,shaw,42,0,1
2018-09-22,2018,stony brook,richmond,36,10,1
2018-09-22,2018,charleston southern,elon,22,31,0
2018-09-22,2018,villanova,bucknell,49,7,1
2018-09-22,2018,north alabama,azusa pacific,37,35,1
2018-09-22,2018,northern arizona,southern utah,31,23,1
2018-09-22,2018,jacksonville state,tennessee tech,48,20,1
2018-09-22,2018,lamar,southeastern louisiana,24,30,0
2018-09-22,2018,stephen f. austin,abilene christian,24,21,1
2018-09-22,2018,uc davis,idaho,44,21,1
2018-09-22,2018,presbyterian college,bluefield college,41,10,1
2018-09-22,2018,albany,st francis (pa),35,28,1
2018-09-22,2018,ut san antonio,texas state,25,21,1,-7.0,,-7.0,,,
2018-09-22,2018,marshall,nc state,20,37,0,6.0,,6.0,,,
2018-09-22,2018,oklahoma state,texas tech,17,41,0,-14.5,,-14.5,,,
2018-09-22,2018,arkansas state,unlv,27,20,1,-7.875,,-7.875,,,
2018-09-22,2018,louisiana,coastal carolina,28,30,0,-2.875,,-2.875,,,
2018-09-22,2018,grambling,alabama state,34,0,1
2018-09-22,2018,kentucky,mississippi state,28,7,1,9.875,,9.875,,,
2018-09-22,2018,tennessee,florida,21,47,0,3.625,,3.625,,,
2018-09-22,2018,chattanooga,samford,27,20,1
2018-09-22,2018,lsu,louisiana tech,38,21,1,-19.375,,-19.375,,,
2018-09-22,2018,mississippi valley state,alcorn state,20,56,0
2018-09-22,2018,arkansas-pine bluff,prairie view,13,62,0
2018-09-22,2018,oklahoma,army,28,21,1,-29.25,,-29.25,,,
2018-09-22,2018,louisiana monroe,troy,27,35,0,4.5,,4.5,,,
2018-09-22,2018,southern mississippi,rice,40,22,1,-13.625,,-13.625,,,
2018-09-22,2018,indiana,michigan state,21,35,0,6.0,,6.0,,,
2018-09-22,2018,utep,new mexico state,20,27,0,5.0,,5.0,,,
2018-09-22,2018,auburn,arkansas,34,3,1,-30.0,,-30.0,,,
2018-09-22,2018,east tennessee state,furman,29,27,1
2018-09-23,2018,weber state,northern colorado,45,28,1
2018-09-23,2018,oregon,stanford,31,38,0,2.75,,2.75,,,
2018-09-23,2018,memphis,south alabama,52,35,1,-31.5,,-31.5,,,
2018-09-23,2018,houston,texas southern,70,14,1,-55.0,,-55.0,,,
2018-09-23,2018,south florida,east carolina,20,13,1,-20.125,,-20.125,,,
2018-09-23,2018,iowa,wisconsin,17,28,0,3.0,,3.0,,,
2018-09-23,2018,utah state,air force,42,32,1,-10.0,,-10.0,,,
2018-09-23,2018,san diego state,eastern michigan,23,20,1,-11.75,,-11.75,,,
2018-09-23,2018,washington,arizona state,27,20,1,-18.0,,-18.0,,,
2018-09-23,2018,hawai'i,duquesne,42,21,1,-39.0,,-39.0,,,
2018-09-27,2018,north carolina a&t,south carolina state,31,16,1
2018-09-27,2018,indiana state,northern iowa,0,33,0
2018-09-27,2018,presbyterian college,lindsey wilson,10,0,1
2018-09-28,2018,miami,north carolina,47,10,1,-18.0,,-18.0,,,
2018-09-28,2018,columbia,princeton,10,45,0
2018-09-28,2018,harvard,rhode island,16,23,0
2018-09-29,2018,tulane,memphis,40,24,1,14.375,,14.375,,,
2018-09-29,2018,colorado,ucla,38,16,1,-9.0,,-9.0,,,
2018-09-29,2018,georgia tech,bowling green,63,17,1,-28.0,,-28.0,,,
2018-09-29,2018,boston college,temple,45,35,1,-13.0,,-13.0,,,
2018-09-29,2018,texas tech,west virginia,34,42,0,3.5,,3.5,,,
2018-09-29,2018,michigan state,central michigan,31,20,1,-27.75,,-27.75,,,
2018-09-29,2018,rutgers,indiana,17,24,0,14.833,,14.833,,,
2018-09-29,2018,kansas,oklahoma state,28,48,0,17.25,,17.25,,,
2018-09-29,2018,clemson,syracuse,27,23,1,-24.5,,-24.5,,,
2018-09-29,2018,alabama,louisiana,56,14,1,-48.875,,-48.875,,,
2018-09-29,2018,buffalo,army,13,42,0,-7.25,,-7.25,,,
2018-09-29,2018,texas a&m,arkansas,24,17,1,nan,,nan,,,
2018-09-29,2018,nc state,virginia,35,21,1,-6.0,,-6.0,,,
2018-09-29,2018,butler,morehead state,24,21,1
2018-09-29,2018,monmouth,wagner,54,47,1
2018-09-29,2018,marist,dayton,28,17,1
2018-09-29,2018,brown,georgetown,35,7,1
2018-09-29,2018,yale,maine,35,14,1
2018-09-29,2018,jacksonville,drake,9,41,0
2018-09-29,2018,holy cross,bucknell,16,19,0
2018-09-29,2018,elon,new hampshire,30,9,1
2018-09-29,2018,dartmouth,pennsylvania,37,14,1
2018-09-29,2018,vmi,mercer,38,48,0
2018-09-29,2018,cornell,sacred heart,43,24,1
2018-09-29,2018,valparaiso,davidson,35,40,0
2018-09-29,2018,ohio,umass,58,42,1,-11.625,,-11.625,,,
2018-09-29,2018,hampton,charleston southern,14,48,0
2018-09-29,2018,furman,western carolina,44,38,1
2018-09-29,2018,northern colorado,north dakota,13,38,0
2018-09-29,2018,georgia state,louisiana monroe,46,14,1,6.0,,6.0,,,
2018-09-29,2018,richmond,james madison,10,63,0
2018-09-29,2018,montana state,eastern washington,17,34,0
2018-09-29,2018,missouri state,illinois state,24,21,1
2018-09-29,2018,ball state,kent state,52,24,1,-7.125,,-7.125,,,
2018-09-29,2018,ucf,pittsburgh,45,14,1,-13.0,,-13.0,,,
2018-09-29,2018,oklahoma,baylor,66,33,1,-21.5,,-21.5,,,
2018-09-29,2018,troy,coastal carolina,45,21,1,-13.875,,-13.875,,,
2018-09-29,2018,appalachian state,south alabama,52,7,1,-25.125,,-25.125,,,
2018-09-29,2018,miami (oh),western michigan,39,40,0,2.75,,2.75,,,
2018-09-29,2018,east carolina,old dominion,37,35,1,-7.0,,-7.0,,,
2018-09-29,2018,nicholls,lamar,50,27,1
2018-09-29,2018,north dakota state,south dakota state,21,17,1
2018-09-29,2018,connecticut,cincinnati,7,49,0,16.25,,16.25,,,
2018-09-29,2018,kansas state,texas,14,19,0,8.625,,8.625,,,
2018-09-29,2018,louisville,florida state,24,28,0,5.125,,5.125,,,
2018-09-29,2018,wake forest,rice,56,24,1,-28.0,,-28.0,,,
2018-09-29,2018,georgia,tennessee,38,12,1,-30.125,,-30.125,,,
2018-09-29,2018,nebraska,purdue,28,42,0,3.5,,3.5,,,
2018-09-29,2018,sam houston state,central arkansas,34,31,1
2018-09-29,2018,auburn,southern mississippi,24,13,1,-27.125,,-27.125,,,
2018-09-29,2018,western illinois,youngstown state,45,38,1
2018-09-29,2018,air force,nevada,25,28,0,-3.5,,-3.5,,,
2018-09-29,2018,north carolina central,florida a&m,14,55,0
2018-09-29,2018,towson,the citadel,44,27,1
2018-09-29,2018,vanderbilt,tennessee state,31,27,1,-28.0,,-28.0,,,
2018-09-29,2018,st francis (pa),wv wesleyan,59,3,1
2018-09-29,2018,jacksonville state,austin peay,48,32,1
2018-09-29,2018,norfolk state,delaware state,54,28,1
2018-09-29,2018,idaho state,northern arizona,56,42,1
2018-09-29,2018,northwestern,michigan,17,20,0,14.625,,14.625,,,
2018-09-29,2018,jackson state,alabama a&m,16,21,0
2018-09-29,2018,grambling,prairie view,16,22,0
2018-09-29,2018,san diego,stetson,49,10,1
2018-09-29,2018,idaho,portland state,20,7,1
2018-09-29,2018,savannah state,bethune-cookman,20,35,0
2018-09-29,2018,eastern michigan,northern illinois,23,26,0,-3.625,,-3.625,,,
2018-09-29,2018,new mexico,liberty,43,52,0,-7.0,,-7.0,,,
2018-09-29,2018,georgia southern,arkansas state,28,21,1,3.0,,3.0,,,
2018-09-29,2018,william & mary,colgate,0,23,0
2018-09-29,2018,stony brook,villanova,29,27,1
2018-09-29,2018,campbell,north alabama,30,7,1
2018-09-29,2018,gardner-webb,wofford,14,45,0
2018-09-29,2018,kennesaw state,samford,24,10,1
2018-09-29,2018,lafayette,central connecticut,31,24,1
2018-09-29,2018,washington state,utah,28,24,1,1.5,,1.5,,,
2018-09-29,2018,mississippi state,florida,6,13,0,-6.5,,-6.5,,,
2018-09-29,2018,uab,charlotte,28,7,1,-15.375,,-15.375,,,
2018-09-29,2018,smu,houston christian,63,27,1,-44.5,,-44.5,,,
2018-09-29,2018,wyoming,boise state,14,34,0,15.75,,15.75,,,
2018-09-29,2018,middle tennessee,florida atlantic,25,24,1,2.5,,2.5,,,
2018-09-29,2018,san josé state,hawai'i,41,44,0,9.25,,9.25,,,
2018-09-29,2018,ut san antonio,utep,30,21,1,-10.125,,-10.125,,,
2018-09-29,2018,murray state,ut martin,45,38,1
2018-09-29,2018,southern,alcorn state,3,20,0
2018-09-29,2018,southern illinois,south dakota,24,31,0
2018-09-29,2018,abilene christian,incarnate word,34,44,0
2018-09-29,2018,mcneese,stephen f. austin,17,10,1
2018-09-29,2018,tennessee tech,eastern illinois,38,52,0
2018-09-29,2018,duke,virginia tech,14,31,0,-6.5,,-6.5,,,
2018-09-29,2018,tcu,iowa state,17,14,1,-11.125,,-11.125,,,
2018-09-29,2018,cal poly,montana,28,48,0
2018-09-29,2018,kentucky,south carolina,24,10,1,nan,,nan,,,
2018-09-29,2018,florida international,arkansas-pine bluff,55,9,1,-59.0,,-59.0,,,
2018-09-29,2018,north texas,louisiana tech,27,29,0,-7.25,,-7.25,,,
2018-09-29,2018,penn state,ohio state,26,27,0,3.375,,3.375,,,
2018-09-29,2018,notre dame,stanford,38,17,1,-4.5,,-4.5,,,
2018-09-29,2018,east tennessee state,chattanooga,17,14,1
2018-09-29,2018,western kentucky,marshall,17,20,0,3.5,,3.5,,,
2018-09-30,2018,southeastern louisiana,northwestern state,24,17,1
2018-09-30,2018,washington,byu,35,7,1,-18.375,,-18.375,,,
2018-09-30,2018,lsu,ole miss,45,16,1,-10.875,,-10.875,,,
2018-09-30,2018,arizona state,oregon state,52,24,1,-21.5,,-21.5,,,
2018-09-30,2018,fresno state,toledo,49,27,1,-10.0,,-10.0,,,
2018-09-30,2018,california,oregon,24,42,0,1.75,,1.75,,,
2018-09-30,2018,arizona,usc,20,24,0,3.375,,3.375,,,
2018-10-04,2018,troy,georgia state,37,20,1,-17.0,,-17.0,,,
2018-10-05,2018,houston,tulsa,41,26,1,-17.875,,-17.875,,,
2018-10-05,2018,yale,dartmouth,18,41,0
2018-10-05,2018,louisville,georgia tech,31,66,0,5.5,,5.5,,,
2018-10-05,2018,marshall,middle tennessee,24,34,0,-3.25,,-3.25,,,
2018-10-06,2018,byu,utah state,20,45,0,nan,,nan,,,
2018-10-06,2018,arkansas,alabama,31,65,0,35.0,,35.0,,,
2018-10-06,2018,western michigan,eastern michigan,27,24,1,-4.625,,-4.625,,,
2018-10-06,2018,central michigan,buffalo,24,34,0,6.5,,6.5,,,
2018-10-06,2018,michigan state,northwestern,19,29,0,-10.5,,-10.5,,,
2018-10-06,2018,michigan,maryland,42,21,1,-17.5,,-17.5,,,
2018-10-06,2018,oklahoma,texas,45,48,0,-7.125,,-7.125,,,
2018-10-06,2018,bucknell,colgate,3,27,0
2018-10-06,2018,new hampshire,holy cross,28,0,1
2018-10-06,2018,west virginia,kansas,38,22,1,-27.5,,-27.5,,,
2018-10-06,2018,morehead state,san diego,34,51,0
2018-10-06,2018,temple,east carolina,49,6,1,-10.0,,-10.0,,,
2018-10-06,2018,cincinnati,tulane,37,21,1,-7.0,,-7.0,,,
2018-10-06,2018,south carolina,missouri,37,35,1,1.0,,1.0,,,
2018-10-06,2018,rutgers,illinois,17,38,0,4.667,,4.667,,,
2018-10-06,2018,pittsburgh,syracuse,44,37,1,3.625,,3.625,,,
2018-10-06,2018,nc state,boston college,28,23,1,-6.375,,-6.375,,,
2018-10-06,2018,rhode island,brown,48,0,1
2018-10-06,2018,princeton,lehigh,66,7,1
2018-10-06,2018,columbia,marist,34,24,1
2018-10-06,2018,dayton,valparaiso,53,20,1
2018-10-06,2018,fordham,georgetown,11,23,0
2018-10-06,2018,duquesne,bryant,20,21,0
2018-10-06,2018,morgan state,south carolina state,18,21,0
2018-10-06,2018,davidson,jacksonville,44,37,1
2018-10-06,2018,robert morris,central connecticut,35,56,0
2018-10-06,2018,cornell,harvard,28,24,1
2018-10-06,2018,samford,western carolina,66,28,1
2018-10-06,2018,james madison,elon,24,27,0
2018-10-06,2018,kennesaw state,presbyterian college,56,0,1
2018-10-06,2018,sam houston state,stephen f. austin,54,21,1
2018-10-06,2018,hampton,lane,41,8,1
2018-10-06,2018,north carolina central,howard,40,35,1
2018-10-06,2018,northern colorado,uc davis,36,49,0
2018-10-06,2018,northern iowa,north dakota state,31,56,0
2018-10-06,2018,campbell,wagner,49,3,1
2018-10-06,2018,drake,butler,36,6,1
2018-10-06,2018,illinois state,western illinois,33,16,1
2018-10-06,2018,richmond,delaware,28,43,0
2018-10-06,2018,sacred heart,pennsylvania,27,31,0
2018-10-06,2018,ball state,northern illinois,16,24,0,3.0,,3.0,,,
2018-10-06,2018,south dakota,missouri state,35,28,1
2018-10-06,2018,alcorn state,alabama state,25,28,0
2018-10-06,2018,chattanooga,wofford,10,21,0
2018-10-06,2018,eastern washington,southern utah,55,17,1
2018-10-06,2018,william & mary,albany,25,22,1
2018-10-06,2018,arkansas-pine bluff,jackson state,27,30,0
2018-10-06,2018,east tennessee state,gardner-webb,45,0,1
2018-10-06,2018,maine,villanova,13,10,1
2018-10-06,2018,baylor,kansas state,37,34,1,-3.75,,-3.75,,,
2018-10-06,2018,florida,lsu,27,19,1,1.25,,1.25,,,
2018-10-06,2018,kent state,ohio,26,27,0,11.375,,11.375,,,
2018-10-06,2018,akron,miami (oh),17,41,0,-5.0,,-5.0,,,
2018-10-06,2018,georgia southern,south alabama,48,13,1,-12.75,,-12.75,,,
2018-10-06,2018,minnesota,iowa,31,48,0,7.0,,7.0,,,
2018-10-06,2018,boise state,san diego state,13,19,0,-13.375,,-13.375,,,
2018-10-06,2018,toledo,bowling green,52,36,1,-22.5,,-22.5,,,
2018-10-06,2018,miami,florida state,28,27,1,-14.0,,-14.0,,,
2018-10-06,2018,wake forest,clemson,3,63,0,20.5,,20.5,,,
2018-10-06,2018,oklahoma state,iowa state,42,48,0,-10.0,,-10.0,,,
2018-10-06,2018,umass,south florida,42,58,0,14.875,,14.875,,,
2018-10-06,2018,air force,navy,35,7,1,2.5,,2.5,,,
2018-10-06,2018,bethune-cookman,mississippi valley state,41,27,1
2018-10-06,2018,colorado,arizona state,28,21,1,-2.375,,-2.375,,,
2018-10-06,2018,ohio state,indiana,49,26,1,-27.375,,-27.375,,,
2018-10-06,2018,ole miss,louisiana monroe,70,21,1,-23.25,,-23.25,,,
2018-10-06,2018,unlv,new mexico,14,50,0,-8.125,,-8.125,,,
2018-10-06,2018,florida a&m,norfolk state,17,0,1
2018-10-06,2018,montana,portland state,20,22,0
2018-10-06,2018,eastern kentucky,jacksonville state,7,56,0
2018-10-06,2018,towson,stony brook,52,28,1
2018-10-06,2018,florida atlantic,old dominion,52,33,1,-13.5,,-13.5,,,
2018-10-06,2018,incarnate word,southeastern louisiana,52,34,1
2018-10-06,2018,northern arizona,weber state,28,24,1
2018-10-06,2018,idaho state,idaho,62,28,1
2018-10-06,2018,savannah state,charleston southern,23,3,1
2018-10-06,2018,youngstown state,southern illinois,17,14,1
2018-10-06,2018,austin peay,tennessee state,49,34,1
2018-10-06,2018,northwestern state,nicholls,10,28,0
2018-10-06,2018,eastern illinois,murray state,41,48,0
2018-10-06,2018,tennessee tech,southeast missouri state,38,70,0
2018-10-06,2018,texas a&m,kentucky,20,14,1,nan,,nan,,,
2018-10-06,2018,rice,ut san antonio,3,20,0,-1.0,,-1.0,,,
2018-10-06,2018,ucf,smu,48,20,1,-25.25,,-25.25,,,
2018-10-06,2018,texas state,louisiana,27,42,0,3.0,,3.0,,,
2018-10-06,2018,texas southern,alabama a&m,21,42,0
2018-10-06,2018,memphis,connecticut,55,14,1,-36.0,,-36.0,,,
2018-10-06,2018,delaware state,north carolina a&t,6,34,0
2018-10-06,2018,north alabama,west florida,19,24,0
2018-10-06,2018,south dakota state,indiana state,54,51,1
2018-10-06,2018,grambling,ok panhandle st,62,7,1
2018-10-06,2018,mcneese,abilene christian,24,21,1
2018-10-06,2018,central arkansas,houston christian,66,35,1
2018-10-06,2018,louisiana tech,uab,7,28,0,-7.125,,-7.125,,,
2018-10-06,2018,wisconsin,nebraska,41,24,1,-18.125,,-18.125,,,
2018-10-06,2018,utep,north texas,24,27,0,26.25,,26.25,,,
2018-10-06,2018,ucla,washington,24,31,0,21.0,,21.0,,,
2018-10-06,2018,georgia,vanderbilt,41,13,1,-26.25,,-26.25,,,
2018-10-06,2018,mississippi state,auburn,23,9,1,3.0,,3.0,,,
2018-10-07,2018,new mexico state,liberty,49,41,1,3.0,,3.0,,,
2018-10-07,2018,virginia tech,notre dame,23,45,0,6.5,,6.5,,,
2018-10-07,2018,oregon state,washington state,37,56,0,17.75,,17.75,,,
2018-10-07,2018,sacramento state,cal poly,27,41,0
2018-10-07,2018,arizona,california,24,17,1,2.125,,2.125,,,
2018-10-07,2018,nevada,fresno state,3,21,0,15.5,,15.5,,,
2018-10-07,2018,san josé state,colorado state,30,42,0,2.75,,2.75,,,
2018-10-07,2018,stanford,utah,21,40,0,-3.75,,-3.75,,,
2018-10-07,2018,hawai'i,wyoming,17,13,1,1.0,,1.0,,,
2018-10-10,2018,arkansas state,appalachian state,9,35,0,10.5,,10.5,,,
2018-10-11,2018,tcu,texas tech,14,17,0,-7.5,,-7.5,,,
2018-10-11,2018,texas state,georgia southern,13,15,0,17.125,,17.125,,,
2018-10-12,2018,tulsa,south florida,24,25,0,9.625,,9.625,,,
2018-10-12,2018,harvard,holy cross,33,31,1
2018-10-13,2018,san diego state,air force,21,17,1,-10.875,,-10.875,,,
2018-10-13,2018,utah,arizona,42,10,1,-14.0,,-14.0,,,
2018-10-13,2018,maryland,rutgers,34,7,1,-23.667,,-23.667,,,
2018-10-13,2018,auburn,tennessee,24,30,0,-15.25,,-15.25,,,
2018-10-13,2018,kansas state,oklahoma state,31,12,1,8.5,,8.5,,,
2018-10-13,2018,rhode island,maine,36,38,0
2018-10-13,2018,presbyterian college,hampton,23,24,0
2018-10-13,2018,wagner,st francis (pa),23,22,1
2018-10-13,2018,colgate,cornell,31,0,1
2018-10-13,2018,vanderbilt,florida,27,37,0,9.5,,9.5,,,
2018-10-13,2018,northwestern,nebraska,34,31,1,-3.25,,-3.25,,,
2018-10-13,2018,buffalo,akron,24,6,1,-12.0,,-12.0,,,
2018-10-13,2018,eastern michigan,toledo,28,26,1,2.125,,2.125,,,
2018-10-13,2018,indiana,iowa,16,42,0,3.5,,3.5,,,
2018-10-13,2018,ohio state,minnesota,30,14,1,-29.625,,-29.625,,,
2018-10-13,2018,georgia tech,duke,14,28,0,-1.625,,-1.625,,,
2018-10-13,2018,lehigh,fordham,14,43,0
2018-10-13,2018,boston college,louisville,38,20,1,-11.625,,-11.625,,,
2018-10-13,2018,bryant,central connecticut,14,48,0
2018-10-13,2018,princeton,brown,48,10,1
2018-10-13,2018,pennsylvania,columbia,13,10,1
2018-10-13,2018,yale,mercer,35,28,1
2018-10-13,2018,monmouth,bucknell,36,19,1
2018-10-13,2018,villanova,james madison,0,37,0
2018-10-13,2018,furman,wofford,34,14,1
2018-10-13,2018,davidson,morehead state,28,35,0
2018-10-13,2018,howard,delaware state,55,13,1
2018-10-13,2018,north carolina a&t,florida a&m,21,22,0
2018-10-13,2018,rice,uab,0,42,0,17.0,,17.0,,,
2018-10-13,2018,jacksonville,marist,17,20,0
2018-10-13,2018,gardner-webb,kennesaw state,17,56,0
2018-10-13,2018,drake,stetson,21,23,0
2018-10-13,2018,north texas,southern mississippi,30,7,1,-7.0,,-7.0,,,
2018-10-13,2018,indiana state,missouri state,26,29,0
2018-10-13,2018,southeast missouri state,austin peay,31,27,1
2018-10-13,2018,the citadel,east tennessee state,23,26,0
2018-10-13,2018,murray state,tennessee state,45,21,1
2018-10-13,2018,valparaiso,butler,35,17,1
2018-10-13,2018,north dakota,montana,41,14,1
2018-10-13,2018,south carolina state,bethune-cookman,26,28,0
2018-10-13,2018,liberty,troy,22,16,1,11.5,,11.5,,,
2018-10-13,2018,notre dame,pittsburgh,19,14,1,-21.0,,-21.0,,,
2018-10-13,2018,miami (oh),kent state,31,6,1,-11.125,,-11.125,,,
2018-10-13,2018,stephen f. austin,central arkansas,17,27,0
2018-10-13,2018,south dakota state,youngstown state,36,7,1
2018-10-13,2018,illinois state,southern illinois,51,3,1
2018-10-13,2018,alabama a&m,alcorn state,26,35,0
2018-10-13,2018,ut martin,eastern kentucky,34,35,0
2018-10-13,2018,bowling green,western michigan,35,42,0,14.625,,14.625,,,
2018-10-13,2018,central michigan,ball state,23,24,0,-2.5,,-2.5,,,
2018-10-13,2018,jackson state,mississippi valley state,23,7,1
2018-10-13,2018,samford,vmi,73,22,1
2018-10-13,2018,new hampshire,stony brook,7,35,0
2018-10-13,2018,delaware,elon,28,16,1
2018-10-13,2018,penn state,michigan state,17,21,0,-13.5,,-13.5,,,
2018-10-13,2018,lsu,georgia,36,16,1,6.875,,6.875,,,
2018-10-13,2018,northern illinois,ohio,24,21,1,-5.5,,-5.5,,,
2018-10-13,2018,texas,baylor,23,17,1,-14.0,,-14.0,,,
2018-10-13,2018,abilene christian,nicholls,28,12,1
2018-10-13,2018,south carolina,texas a&m,23,26,0,2.5,,2.5,,,
2018-10-13,2018,san josé state,army,3,52,0,17.5,,17.5,,,
2018-10-13,2018,charlotte,western kentucky,40,14,1,9.5,,9.5,,,
2018-10-13,2018,old dominion,marshall,20,42,0,3.5,,3.5,,,
2018-10-13,2018,lafayette,georgetown,6,13,0
2018-10-13,2018,oregon,washington,30,27,1,3.625,,3.625,,,
2018-10-13,2018,western carolina,chattanooga,6,26,0
2018-10-13,2018,memphis,ucf,30,31,0,5.25,,5.25,,,
2018-10-13,2018,navy,temple,17,24,0,6.625,,6.625,,,
2018-10-13,2018,illinois,purdue,7,46,0,10.5,,10.5,,,
2018-10-13,2018,colorado state,new mexico,20,18,1,0.125,,0.125,,,
2018-10-13,2018,montana state,idaho,24,23,1
2018-10-13,2018,lamar,incarnate word,27,21,1
2018-10-13,2018,jacksonville state,eastern illinois,49,22,1
2018-10-13,2018,utah state,unlv,59,28,1,-27.0,,-27.0,,,
2018-10-13,2018,towson,william & mary,29,13,1
2018-10-13,2018,portland state,northern colorado,35,14,1
2018-10-13,2018,southeastern louisiana,houston christian,62,52,1
2018-10-13,2018,south alabama,alabama state,45,7,1,-27.5,,-27.5,,,
2018-10-13,2018,louisiana,new mexico state,66,38,1,-7.5,,-7.5,,,
2018-10-13,2018,san diego,dayton,36,34,1
2018-10-13,2018,weber state,eastern washington,14,6,1
2018-10-13,2018,dartmouth,sacred heart,42,0,1
2018-10-13,2018,charleston southern,virginia lynchburg,58,6,1
2018-10-13,2018,prairie view,southern,0,38,0
2018-10-13,2018,savannah state,morgan state,11,18,0
2018-10-13,2018,coastal carolina,louisiana monroe,20,45,0,-6.625,,-6.625,,,
2018-10-13,2018,uc davis,idaho state,44,37,1
2018-10-13,2018,western illinois,north dakota state,7,34,0
2018-10-13,2018,albany,richmond,24,27,0
2018-10-13,2018,south dakota,northern iowa,28,42,0
2018-10-13,2018,northwestern state,sam houston state,28,42,0
2018-10-13,2018,iowa state,west virginia,30,14,1,4.375,,4.375,,,
2018-10-13,2018,north alabama,mississippi college,34,17,1
2018-10-13,2018,duquesne,robert morris,48,24,1
2018-10-13,2018,texas southern,grambling,21,34,0
2018-10-13,2018,virginia,miami,16,13,1,7.0,,7.0,,,
2018-10-13,2018,ut san antonio,louisiana tech,3,31,0,12.625,,12.625,,,
2018-10-13,2018,north carolina,virginia tech,19,22,0,6.375,,6.375,,,
2018-10-13,2018,california,ucla,7,30,0,-6.875,,-6.875,,,
2018-10-13,2018,alabama,missouri,39,10,1,-28.375,,-28.375,,,
2018-10-13,2018,east carolina,houston,20,42,0,15.875,,15.875,,,
2018-10-13,2018,michigan,wisconsin,38,13,1,-9.875,,-9.875,,,
2018-10-13,2018,florida international,middle tennessee,24,21,1,-2.125,,-2.125,,,
2018-10-13,2018,arkansas,ole miss,33,37,0,6.5,,6.5,,,
2018-10-14,2018,southern utah,sacramento state,48,27,1
2018-10-14,2018,byu,hawai'i,49,23,1,-10.625,,-10.625,,,
2018-10-14,2018,nevada,boise state,27,31,0,14.625,,14.625,,,
2018-10-14,2018,usc,colorado,31,20,1,-7.0,,-7.0,,,
2018-10-14,2018,fresno state,wyoming,27,3,1,-17.875,,-17.875,,,
2018-10-18,2018,arkansas state,georgia state,51,35,1,-13.375,,-13.375,,,
2018-10-19,2018,arizona state,stanford,13,20,0,2.0,,2.0,,,
2018-10-19,2018,pennsylvania,yale,10,23,0
2018-10-20,2018,boise state,colorado state,56,28,1,-23.625,,-23.625,,,
2018-10-20,2018,unlv,air force,35,41,0,9.375,,9.375,,,
2018-10-20,2018,harvard,princeton,21,29,0
2018-10-20,2018,toledo,buffalo,17,31,0,-3.0,,-3.0,,,
2018-10-20,2018,michigan state,michigan,7,21,0,7.375,,7.375,,,
2018-10-20,2018,tcu,oklahoma,27,52,0,8.0,,8.0,,,
2018-10-20,2018,bucknell,lafayette,27,29,0
2018-10-20,2018,butler,san diego,13,42,0
2018-10-20,2018,temple,cincinnati,24,17,1,-2.5,,-2.5,,,
2018-10-20,2018,st francis (pa),duquesne,20,27,0
2018-10-20,2018,arkansas,tulsa,23,0,1,-6.833,,-6.833,,,
2018-10-20,2018,ole miss,auburn,16,31,0,5.0,,5.0,,,
2018-10-20,2018,rutgers,northwestern,15,18,0,20.375,,20.375,,,
2018-10-20,2018,army,miami (oh),31,30,1,-6.5,,-6.5,,,
2018-10-20,2018,iowa,maryland,23,0,1,-9.375,,-9.375,,,
2018-10-20,2018,wisconsin,illinois,49,20,1,-24.0,,-24.0,,,
2018-10-20,2018,robert morris,central state,49,45,1
2018-10-20,2018,syracuse,north carolina,40,37,1,-9.875,,-9.875,,,
2018-10-20,2018,duke,virginia,14,28,0,-6.5,,-6.5,,,
2018-10-20,2018,central connecticut,sacred heart,25,28,0
2018-10-20,2018,brown,cornell,16,34,0
2018-10-20,2018,dayton,drake,17,28,0
2018-10-20,2018,fordham,bryant,41,42,0
2018-10-20,2018,monmouth,campbell,38,21,1
2018-10-20,2018,marist,davidson,48,41,1
2018-10-20,2018,columbia,dartmouth,12,28,0
2018-10-20,2018,elon,richmond,38,28,1
2018-10-20,2018,wofford,east tennessee state,30,17,1
2018-10-20,2018,vmi,the citadel,32,34,0
2018-10-20,2018,south carolina state,delaware state,30,19,1
2018-10-20,2018,morehead state,valparaiso,31,24,1
2018-10-20,2018,georgetown,lehigh,22,16,1
2018-10-20,2018,furman,samford,25,38,0
2018-10-20,2018,southeast missouri state,jacksonville state,37,14,1
2018-10-20,2018,northern colorado,northern arizona,42,14,1
2018-10-20,2018,norfolk state,north carolina central,6,36,0
2018-10-20,2018,liberty,idaho state,48,41,1,-7.5,,-7.5,,,
2018-10-20,2018,ohio,bowling green,49,14,1,-16.375,,-16.375,,,
2018-10-20,2018,wyoming,utah state,16,24,0,13.5,,13.5,,,
2018-10-20,2018,marshall,florida atlantic,31,7,1,2.25,,2.25,,,
2018-10-20,2018,southern illinois,indiana state,21,24,0
2018-10-20,2018,southern,texas southern,21,7,1
2018-10-20,2018,missouri state,western illinois,14,31,0
2018-10-20,2018,ball state,eastern michigan,20,42,0,2.75,,2.75,,,
2018-10-20,2018,eastern illinois,ut martin,24,21,1
2018-10-20,2018,eastern kentucky,murray state,6,34,0
2018-10-20,2018,alcorn state,grambling,33,26,1
2018-10-20,2018,central michigan,western michigan,10,35,0,6.0,,6.0,,,
2018-10-20,2018,mississippi valley state,arkansas-pine bluff,48,47,1
2018-10-20,2018,middle tennessee,charlotte,21,13,1,-15.833,,-15.833,,,
2018-10-20,2018,jackson state,north alabama,7,24,0
2018-10-20,2018,north dakota state,illinois state,28,14,1
2018-10-20,2018,indiana,penn state,28,33,0,14.167,,14.167,,,
2018-10-20,2018,louisiana tech,utep,31,24,1,-21.75,,-21.75,,,
2018-10-20,2018,washington,colorado,27,13,1,-17.25,,-17.25,,,
2018-10-20,2018,clemson,nc state,41,7,1,-18.25,,-18.25,,,
2018-10-20,2018,texas tech,kansas,48,16,1,-17.625,,-17.625,,,
2018-10-20,2018,albany,towson,28,56,0
2018-10-20,2018,new hampshire,delaware,14,38,0
2018-10-20,2018,william & mary,maine,27,20,1
2018-10-20,2018,umass,coastal carolina,13,24,0,-2.625,,-2.625,,,
2018-10-20,2018,kent state,akron,23,24,0,4.375,,4.375,,,
2018-10-20,2018,appalachian state,louisiana,27,17,1,-25.25,,-25.25,,,
2018-10-20,2018,tulane,smu,23,27,0,-7.25,,-7.25,,,
2018-10-20,2018,tennessee,alabama,21,58,0,29.25,,29.25,,,
2018-10-20,2018,navy,houston,36,49,0,11.375,,11.375,,,
2018-10-20,2018,nebraska,minnesota,53,28,1,-4.75,,-4.75,,,
2018-10-20,2018,florida state,wake forest,38,17,1,-10.25,,-10.25,,,
2018-10-20,2018,missouri,memphis,65,33,1,-9.125,,-9.125,,,
2018-10-20,2018,oregon state,california,7,49,0,7.5,,7.5,,,
2018-10-20,2018,lamar,sam houston state,41,23,1
2018-10-20,2018,bethune-cookman,north carolina a&t,10,35,0
2018-10-20,2018,mercer,western carolina,59,46,1
2018-10-20,2018,idaho,southern utah,31,12,1
2018-10-20,2018,northern iowa,south dakota state,24,9,1
2018-10-20,2018,tennessee state,tennessee tech,41,14,1
2018-10-20,2018,stony brook,rhode island,52,14,1
2018-10-20,2018,weber state,montana state,34,24,1
2018-10-20,2018,stetson,jacksonville,38,35,1
2018-10-20,2018,new mexico state,georgia southern,31,48,0,9.625,,9.625,,,
2018-10-20,2018,youngstown state,south dakota,29,17,1
2018-10-20,2018,charleston southern,presbyterian college,41,7,1
2018-10-20,2018,houston christian,stephen f. austin,14,42,0
2018-10-20,2018,morgan state,howard,26,35,0
2018-10-20,2018,east carolina,ucf,10,37,0,21.75,,21.75,,,
2018-10-20,2018,south florida,connecticut,38,30,1,-32.375,,-32.375,,,
2018-10-20,2018,incarnate word,mcneese,45,17,1
2018-10-20,2018,lsu,mississippi state,19,3,1,-5.625,,-5.625,,,
2018-10-20,2018,central arkansas,northwestern state,38,17,1
2018-10-20,2018,southern mississippi,ut san antonio,27,17,1,-15.75,,-15.75,,,
2018-10-20,2018,louisiana monroe,texas state,20,14,1,-10.5,,-10.5,,,
2018-10-20,2018,cal poly,uc davis,10,52,0
2018-10-20,2018,kentucky,vanderbilt,14,7,1,-10.625,,-10.625,,,
2018-10-20,2018,new mexico,fresno state,7,38,0,14.0,,14.0,,,
2018-10-20,2018,washington state,oregon,34,20,1,-3.0,,-3.0,,,
2018-10-20,2018,florida international,rice,36,17,1,-23.75,,-23.75,,,
2018-10-20,2018,western kentucky,old dominion,34,37,0,-4.0,,-4.0,,,
2018-10-20,2018,uab,north texas,29,21,1,-1.625,,-1.625,,,
2018-10-20,2018,purdue,ohio state,49,20,1,12.375,,12.375,,,
2018-10-21,2018,utah,usc,41,28,1,-6.625,,-6.625,,,
2018-10-21,2018,southeastern louisiana,abilene christian,27,48,0
2018-10-21,2018,sacramento state,north dakota,15,41,0
2018-10-21,2018,san diego state,san josé state,16,13,1,-25.75,,-25.75,,,
2018-10-21,2018,ucla,arizona,31,30,1,-10.0,,-10.0,,,
2018-10-21,2018,hawai'i,nevada,22,40,0,-2.625,,-2.625,,,
2018-10-24,2018,south alabama,troy,17,38,0,11.0,,11.0,,,
2018-10-25,2018,west virginia,baylor,58,14,1,-14.25,,-14.25,,,
2018-10-25,2018,ohio,ball state,52,14,1,-10.5,,-10.5,,,
2018-10-25,2018,western michigan,toledo,24,51,0,-4.625,,-4.625,,,
2018-10-25,2018,virginia tech,georgia tech,28,49,0,-3.125,,-3.125,,,
2018-10-25,2018,georgia southern,appalachian state,34,14,1,10.625,,10.625,,,
2018-10-26,2018,florida atlantic,louisiana tech,13,21,0,-3.625,,-3.625,,,
2018-10-26,2018,boston college,miami,27,14,1,3.625,,3.625,,,
2018-10-27,2018,minnesota,indiana,38,31,1,2.25,,2.25,,,
2018-10-27,2018,colorado state,wyoming,21,34,0,3.125,,3.125,,,
2018-10-27,2018,ucla,utah,10,41,0,10.333,,10.333,,,
2018-10-27,2018,central connecticut,wagner,49,24,1
2018-10-27,2018,butler,dayton,28,38,0
2018-10-27,2018,colgate,georgetown,38,0,1
2018-10-27,2018,nebraska,bethune-cookman,45,9,1,-48.0,,-48.0,,,
2018-10-27,2018,michigan state,purdue,23,13,1,2.5,,2.5,,,
2018-10-27,2018,iowa state,texas tech,40,31,1,-5.625,,-5.625,,,
2018-10-27,2018,rhode island,william & mary,21,10,1
2018-10-27,2018,louisville,wake forest,35,56,0,-2.875,,-2.875,,,
2018-10-27,2018,eastern michigan,army,22,37,0,1.5,,1.5,,,
2018-10-27,2018,northwestern,wisconsin,31,17,1,4.375,,4.375,,,
2018-10-27,2018,florida state,clemson,10,59,0,18.0,,18.0,,,
2018-10-27,2018,robert morris,st francis (pa),7,20,0
2018-10-27,2018,arkansas,vanderbilt,31,45,0,-0.5,,-0.5,,,
2018-10-27,2018,connecticut,umass,17,22,0,3.5,,3.5,,,
2018-10-27,2018,akron,central michigan,17,10,1,-4.75,,-4.75,,,
2018-10-27,2018,virginia,north carolina,31,21,1,-7.625,,-7.625,,,
2018-10-27,2018,fordham,lafayette,13,21,0
2018-10-27,2018,eastern kentucky,eastern illinois,31,23,1
2018-10-27,2018,illinois state,south dakota state,28,38,0
2018-10-27,2018,maine,albany,28,9,1
2018-10-27,2018,princeton,cornell,66,0,1
2018-10-27,2018,columbia,yale,17,10,1
2018-10-27,2018,brown,pennsylvania,7,13,0
2018-10-27,2018,davidson,stetson,53,56,0
2018-10-27,2018,morehead state,marist,21,48,0
2018-10-27,2018,sacred heart,bryant,49,26,1
2018-10-27,2018,howard,south carolina state,21,27,0
2018-10-27,2018,holy cross,lehigh,56,0,1
2018-10-27,2018,dartmouth,harvard,24,17,1
2018-10-27,2018,wofford,mercer,42,21,1
2018-10-27,2018,charlotte,southern mississippi,20,17,1,6.5,,6.5,,,
2018-10-27,2018,georgia state,coastal carolina,34,37,0,2.375,,2.375,,,
2018-10-27,2018,the citadel,furman,17,28,0
2018-10-27,2018,sam houston state,southeastern louisiana,28,25,1
2018-10-27,2018,western illinois,northern iowa,37,17,1
2018-10-27,2018,youngstown state,indiana state,17,43,0
2018-10-27,2018,villanova,new hampshire,0,34,0
2018-10-27,2018,delaware state,north carolina central,28,13,1
2018-10-27,2018,valparaiso,drake,25,42,0
2018-10-27,2018,hampton,virginia lynchburg,51,28,1
2018-10-27,2018,presbyterian college,monmouth,14,24,0
2018-10-27,2018,north dakota,weber state,30,35,0
2018-10-27,2018,colorado,oregon state,34,41,0,-25.0,,-25.0,,,
2018-10-27,2018,texas southern,mississippi valley state,42,14,1
2018-10-27,2018,grambling,arkansas-pine bluff,45,38,1
2018-10-27,2018,prairie view,alcorn state,13,27,0
2018-10-27,2018,ut martin,southeast missouri state,33,56,0
2018-10-27,2018,chattanooga,vmi,34,27,1
2018-10-27,2018,missouri state,southern illinois,35,49,0
2018-10-27,2018,south dakota,north dakota state,14,59,0
2018-10-27,2018,savannah state,norfolk state,32,3,1
2018-10-27,2018,kansas,tcu,27,26,1,13.25,,13.25,,,
2018-10-27,2018,eastern washington,idaho,38,14,1
2018-10-27,2018,east tennessee state,western carolina,45,43,1
2018-10-27,2018,james madison,stony brook,13,10,1
2018-10-27,2018,alabama a&m,alabama state,27,10,1
2018-10-27,2018,pittsburgh,duke,54,45,1,3.0,,3.0,,,
2018-10-27,2018,maryland,illinois,63,33,1,-16.375,,-16.375,,,
2018-10-27,2018,delaware,towson,40,36,1
2018-10-27,2018,smu,cincinnati,20,26,0,9.125,,9.125,,,
2018-10-27,2018,georgia,florida,36,17,1,-5.5,,-5.5,,,
2018-10-27,2018,oklahoma,kansas state,51,14,1,-23.875,,-23.875,,,
2018-10-27,2018,penn state,iowa,30,24,1,-5.0,,-5.0,,,
2018-10-27,2018,houston,south florida,57,36,1,-9.875,,-9.875,,,
2018-10-27,2018,usc,arizona state,35,38,0,-3.0,,-3.0,,,
2018-10-27,2018,old dominion,middle tennessee,17,51,0,4.0,,4.0,,,
2018-10-27,2018,byu,northern illinois,6,7,0,-6.5,,-6.5,,,
2018-10-27,2018,north texas,rice,41,17,1,-29.875,,-29.875,,,
2018-10-27,2018,missouri,kentucky,14,16,0,-7.5,,-7.5,,,
2018-10-27,2018,montana,uc davis,21,49,0
2018-10-27,2018,utah state,new mexico,61,19,1,-19.875,,-19.875,,,
2018-10-27,2018,san diego,jacksonville,59,35,1
2018-10-27,2018,florida a&m,morgan state,38,3,1
2018-10-27,2018,campbell,gardner-webb,7,35,0
2018-10-27,2018,nicholls,incarnate word,48,21,1
2018-10-27,2018,stephen f. austin,lamar,17,24,0
2018-10-27,2018,murray state,jacksonville state,15,42,0
2018-10-27,2018,austin peay,tennessee tech,41,10,1
2018-10-27,2018,idaho state,montana state,24,17,1
2018-10-27,2018,charleston southern,kennesaw state,10,38,0
2018-10-27,2018,california,washington,12,10,1,12.25,,12.25,,,
2018-10-27,2018,san josé state,unlv,50,37,1,-2.5,,-2.5,,,
2018-10-27,2018,mississippi state,texas a&m,28,13,1,-0.625,,-0.625,,,
2018-10-27,2018,syracuse,nc state,51,41,1,1.75,,1.75,,,
2018-10-27,2018,stanford,washington state,38,41,0,-2.5,,-2.5,,,
2018-10-27,2018,tulsa,tulane,17,24,0,-0.75,,-0.75,,,
2018-10-27,2018,air force,boise state,38,48,0,9.875,,9.875,,,
2018-10-27,2018,texas state,new mexico state,27,20,1,nan,,nan,,,
2018-10-27,2018,mcneese,central arkansas,23,21,1
2018-10-27,2018,northwestern state,houston christian,31,28,1
2018-10-27,2018,louisiana,arkansas state,47,43,1,3.0,,3.0,,,
2018-10-27,2018,southern,jackson state,41,7,1
2018-10-27,2018,northern arizona,cal poly,28,38,0
2018-10-27,2018,south carolina,tennessee,27,24,1,-9.875,,-9.875,,,
2018-10-27,2018,utep,uab,0,19,0,14.875,,14.875,,,
2018-10-27,2018,western kentucky,florida international,17,38,0,3.0,,3.0,,,
2018-10-28,2018,navy,notre dame,22,44,0,21.875,,21.875,,,
2018-10-28,2018,southern utah,northern colorado,39,42,0
2018-10-28,2018,oklahoma state,texas,38,35,1,2.25,,2.25,,,
2018-10-28,2018,sacramento state,portland state,14,41,0
2018-10-28,2018,nevada,san diego state,28,24,1,0.5,,0.5,,,
2018-10-28,2018,arizona,oregon,44,15,1,7.75,,7.75,,,
2018-10-28,2018,fresno state,hawai'i,50,20,1,-25.0,,-25.0,,,
2018-10-31,2018,bowling green,kent state,28,35,0,-1.375,,-1.375,,,
2018-10-31,2018,buffalo,miami (oh),51,42,1,-7.0,,-7.0,,,
2018-10-31,2018,toledo,ball state,45,13,1,-19.5,,-19.5,,,
2018-11-01,2018,akron,northern illinois,26,36,0,6.0,,6.0,,,
2018-11-01,2018,western michigan,ohio,14,59,0,3.375,,3.375,,,
2018-11-01,2018,ucf,temple,52,40,1,-10.5,,-10.5,,,
2018-11-02,2018,cornell,pennsylvania,7,20,0
2018-11-02,2018,virginia,pittsburgh,13,23,0,-7.0,,-7.0,,,
2018-11-03,2018,middle tennessee,western kentucky,29,10,1,-13.5,,-13.5,,,
2018-11-03,2018,arizona,colorado,42,34,1,-3.0,,-3.0,,,
2018-11-03,2018,army,air force,17,14,1,-5.125,,-5.125,,,
2018-11-03,2018,st francis (pa),bryant,27,14,1
2018-11-03,2018,jacksonville,butler,48,44,1
2018-11-03,2018,harvard,columbia,52,18,1
2018-11-03,2018,eastern michigan,central michigan,17,7,1,-13.875,,-13.875,,,
2018-11-03,2018,marist,valparaiso,35,24,1
2018-11-03,2018,sacred heart,robert morris,38,7,1
2018-11-03,2018,wagner,duquesne,30,47,0
2018-11-03,2018,ohio state,nebraska,36,31,1,-17.375,,-17.375,,,
2018-11-03,2018,auburn,texas a&m,28,24,1,-3.5,,-3.5,,,
2018-11-03,2018,wake forest,syracuse,24,41,0,6.25,,6.25,,,
2018-11-03,2018,east carolina,memphis,41,59,0,11.0,,11.0,,,
2018-11-03,2018,baylor,oklahoma state,35,31,1,6.0,,6.0,,,
2018-11-03,2018,maryland,michigan state,3,24,0,3.25,,3.25,,,
2018-11-03,2018,wisconsin,rutgers,31,17,1,-29.167,,-29.167,,,
2018-11-03,2018,clemson,louisville,77,16,1,-38.625,,-38.625,,,
2018-11-03,2018,kansas,iowa state,3,27,0,18.25,,18.25,,,
2018-11-03,2018,ole miss,south carolina,44,48,0,-2.0,,-2.0,,,
2018-11-03,2018,north carolina,georgia tech,28,38,0,4.0,,4.0,,,
2018-11-03,2018,lafayette,holy cross,14,40,0
2018-11-03,2018,lehigh,bucknell,45,17,1
2018-11-03,2018,princeton,dartmouth,14,9,1
2018-11-03,2018,yale,brown,46,16,1
2018-11-03,2018,suny maritime,hampton,10,51,0
2018-11-03,2018,stetson,morehead state,48,24,1
2018-11-03,2018,north carolina a&t,norfolk state,37,20,1
2018-11-03,2018,howard,florida a&m,31,23,1
2018-11-03,2018,furman,chattanooga,16,10,1
2018-11-03,2018,indiana state,south dakota,51,48,1
2018-11-03,2018,monmouth,charleston southern,37,3,1
2018-11-03,2018,fordham,colgate,0,41,0
2018-11-03,2018,new hampshire,james madison,35,24,1
2018-11-03,2018,gardner-webb,presbyterian college,38,20,1
2018-11-03,2018,elon,rhode island,24,21,1
2018-11-03,2018,vmi,tusculum,20,11,1
2018-11-03,2018,drake,san diego,10,27,0
2018-11-03,2018,weber state,sacramento state,26,14,1
2018-11-03,2018,delaware state,savannah state,25,6,1
2018-11-03,2018,north carolina central,edward waters,52,12,1
2018-11-03,2018,georgia state,texas state,30,40,0,-7.0,,-7.0,,,
2018-11-03,2018,northern iowa,illinois state,26,16,1
2018-11-03,2018,kennesaw state,campbell,49,0,1
2018-11-03,2018,southern illinois,western illinois,31,34,0
2018-11-03,2018,jacksonville state,ut martin,21,14,1
2018-11-03,2018,southeast missouri state,tennessee state,38,21,1
2018-11-03,2018,northern colorado,eastern washington,13,48,0
2018-11-03,2018,wyoming,san josé state,24,9,1,-17.5,,-17.5,,,
2018-11-03,2018,north alabama,shorter,41,14,1
2018-11-03,2018,tennessee tech,murray state,27,24,1
2018-11-03,2018,samford,wofford,35,20,1
2018-11-03,2018,southern utah,montana,14,57,0
2018-11-03,2018,grambling,mississippi valley state,24,19,1
2018-11-03,2018,louisiana monroe,georgia southern,44,25,1,7.0,,7.0,,,
2018-11-03,2018,alabama state,texas southern,30,21,1
2018-11-03,2018,richmond,villanova,21,45,0
2018-11-03,2018,south dakota state,missouri state,59,7,1
2018-11-03,2018,abilene christian,northwestern state,49,47,1
2018-11-03,2018,jackson state,prairie view,34,28,1
2018-11-03,2018,incarnate word,sam houston state,43,26,1
2018-11-03,2018,houston christian,nicholls,20,41,0
2018-11-03,2018,mercer,east tennessee state,18,21,0
2018-11-03,2018,southern mississippi,marshall,26,24,1,2.75,,2.75,,,
2018-11-03,2018,arkansas state,south alabama,38,14,1,-14.125,,-14.125,,,
2018-11-03,2018,purdue,iowa,38,36,1,-1.625,,-1.625,,,
2018-11-03,2018,texas,west virginia,41,42,0,1.0,,1.0,,,
2018-11-03,2018,kentucky,georgia,17,34,0,9.25,,9.25,,,
2018-11-03,2018,nc state,florida state,47,28,1,-9.375,,-9.375,,,
2018-11-03,2018,troy,louisiana,26,16,1,-7.75,,-7.75,,,
2018-11-03,2018,south florida,tulane,15,41,0,-6.0,,-6.0,,,
2018-11-03,2018,cincinnati,navy,42,0,1,-12.375,,-12.375,,,
2018-11-03,2018,rice,utep,26,34,0,1.5,,1.5,,,
2018-11-03,2018,illinois,minnesota,55,31,1,8.75,,8.75,,,
2018-11-03,2018,umass,liberty,62,59,1,nan,,nan,,,
2018-11-03,2018,north dakota state,youngstown state,17,7,1
2018-11-03,2018,albany,delaware,16,21,0
2018-11-03,2018,southeastern louisiana,mcneese,23,6,1
2018-11-03,2018,western carolina,the citadel,24,38,0
2018-11-03,2018,arkansas-pine bluff,alabama a&m,14,45,0
2018-11-03,2018,tcu,kansas state,14,13,1,-9.875,,-9.875,,,
2018-11-03,2018,michigan,penn state,42,7,1,-12.875,,-12.875,,,
2018-11-03,2018,virginia tech,boston college,21,31,0,2.0,,2.0,,,
2018-11-03,2018,florida,missouri,17,38,0,-6.0,,-6.0,,,
2018-11-03,2018,arizona state,utah,38,20,1,7.5,,7.5,,,
2018-11-03,2018,towson,maine,28,35,0
2018-11-03,2018,new mexico state,alcorn state,52,42,1,-13.0,,-13.0,,,
2018-11-03,2018,tennessee,charlotte,14,3,1,-21.625,,-21.625,,,
2018-11-03,2018,morgan state,bethune-cookman,28,30,0
2018-11-03,2018,uc davis,northern arizona,42,20,1
2018-11-03,2018,montana state,cal poly,49,42,1
2018-11-03,2018,austin peay,eastern kentucky,13,17,0
2018-11-03,2018,idaho,north dakota,31,27,1
2018-11-03,2018,coastal carolina,appalachian state,7,23,0,13.25,,13.25,,,
2018-11-03,2018,central arkansas,lamar,24,38,0
2018-11-03,2018,tulsa,connecticut,49,19,1,-18.5,,-18.5,,,
2018-11-03,2018,smu,houston,45,31,1,14.0,,14.0,,,
2018-11-03,2018,miami,duke,12,20,0,-9.25,,-9.25,,,
2018-11-03,2018,northwestern,notre dame,21,31,0,10.0,,10.0,,,
2018-11-03,2018,oregon,ucla,42,21,1,-10.375,,-10.375,,,
2018-11-03,2018,uab,ut san antonio,52,3,1,-21.75,,-21.75,,,
2018-11-03,2018,florida international,florida atlantic,14,49,0,-2.0,,-2.0,,,
2018-11-03,2018,mississippi state,louisiana tech,45,3,1,-23.125,,-23.125,,,
2018-11-04,2018,lsu,alabama,0,29,0,14.0,,14.0,,,
2018-11-04,2018,texas tech,oklahoma,46,51,0,14.0,,14.0,,,
2018-11-04,2018,washington,stanford,27,23,1,-9.375,,-9.375,,,
2018-11-04,2018,oregon state,usc,21,38,0,14.75,,14.75,,,
2018-11-04,2018,portland state,idaho state,45,48,0
2018-11-04,2018,new mexico,san diego state,23,31,0,12.25,,12.25,,,
2018-11-04,2018,boise state,byu,21,16,1,-12.5,,-12.5,,,
2018-11-04,2018,unlv,fresno state,3,48,0,27.0,,27.0,,,
2018-11-04,2018,washington state,california,19,13,1,-7.375,,-7.375,,,
2018-11-04,2018,hawai'i,utah state,17,56,0,18.0,,18.0,,,
2018-11-07,2018,buffalo,kent state,48,14,1,-17.125,,-17.125,,,
2018-11-08,2018,miami (oh),ohio,30,28,1,4.5,,4.5,,,
2018-11-08,2018,northern illinois,toledo,38,15,1,-3.375,,-3.375,,,
2018-11-09,2018,bethune-cookman,north carolina central,28,25,1
2018-11-09,2018,nc state,wake forest,23,27,0,-18.5,,-18.5,,,
2018-11-10,2018,syracuse,louisville,54,23,1,-20.375,,-20.375,,,
2018-11-10,2018,boise state,fresno state,24,17,1,2.5,,2.5,,,
2018-11-10,2018,indiana,maryland,34,32,1,-1.0,,-1.0,,,
2018-11-10,2018,nebraska,illinois,54,35,1,-17.25,,-17.25,,,
2018-11-10,2018,texas a&m,ole miss,38,24,1,nan,,nan,,,
2018-11-10,2018,penn state,wisconsin,22,10,1,-7.5,,-7.5,,,
2018-11-10,2018,michigan state,ohio state,6,26,0,3.375,,3.375,,,
2018-11-10,2018,duquesne,sacred heart,28,24,1
2018-11-10,2018,st francis (pa),central connecticut,14,30,0
2018-11-10,2018,butler,stetson,28,23,1
2018-11-10,2018,murray state,southeast missouri state,40,38,1
2018-11-10,2018,youngstown state,northern iowa,31,10,1
2018-11-10,2018,memphis,tulsa,47,21,1,-16.167,,-16.167,,,
2018-11-10,2018,connecticut,smu,50,62,0,17.625,,17.625,,,
2018-11-10,2018,umass,byu,16,35,0,14.0,,14.0,,,
2018-11-10,2018,army,lafayette,31,13,1,-46.0,,-46.0,,,
2018-11-10,2018,kansas state,kansas,21,17,1,-9.25,,-9.25,,,
2018-11-10,2018,elon,towson,10,41,0
2018-11-10,2018,ucf,navy,35,24,1,-23.625,,-23.625,,,
2018-11-10,2018,missouri,vanderbilt,33,28,1,-14.375,,-14.375,,,
2018-11-10,2018,florida,south carolina,35,31,1,-6.625,,-6.625,,,
2018-11-10,2018,eastern michigan,akron,27,7,1,-11.375,,-11.375,,,
2018-11-10,2018,brown,columbia,20,42,0
2018-11-10,2018,presbyterian college,campbell,6,34,0
2018-11-10,2018,monmouth,kennesaw state,14,51,0
2018-11-10,2018,west virginia,tcu,47,10,1,-13.125,,-13.125,,,
2018-11-10,2018,holy cross,fordham,17,13,1
2018-11-10,2018,duke,north carolina,42,35,1,-7.5,,-7.5,,,
2018-11-10,2018,georgetown,bucknell,14,3,1
2018-11-10,2018,yale,princeton,43,59,0
2018-11-10,2018,lehigh,colgate,6,48,0
2018-11-10,2018,morgan state,delaware state,9,0,1
2018-11-10,2018,georgia southern,troy,21,35,0,2.25,,2.25,,,
2018-11-10,2018,savannah state,north carolina a&t,12,28,0
2018-11-10,2018,norfolk state,howard,29,17,1
2018-11-10,2018,chattanooga,mercer,9,13,0
2018-11-10,2018,eastern kentucky,robert morris,40,39,1
2018-11-10,2018,indiana state,illinois state,28,23,1
2018-11-10,2018,villanova,william & mary,17,24,0
2018-11-10,2018,stony brook,delaware,17,3,1
2018-11-10,2018,new hampshire,albany,24,10,1
2018-11-10,2018,pennsylvania,harvard,7,29,0
2018-11-10,2018,bryant,wagner,36,52,0
2018-11-10,2018,dayton,morehead state,63,20,1
2018-11-10,2018,valparaiso,jacksonville,48,30,1
2018-11-10,2018,vmi,furman,13,49,0
2018-11-10,2018,cornell,dartmouth,24,35,0
2018-11-10,2018,mississippi valley state,hampton,39,54,0
2018-11-10,2018,drake,marist,13,10,1
2018-11-10,2018,the citadel,samford,42,27,1
2018-11-10,2018,alabama a&m,grambling,16,29,0
2018-11-10,2018,james madison,rhode island,48,31,1
2018-11-10,2018,south dakota,western illinois,17,12,1
2018-11-10,2018,southern illinois,south dakota state,38,57,0
2018-11-10,2018,eastern illinois,austin peay,52,21,1
2018-11-10,2018,arizona state,ucla,31,28,1,-12.0,,-12.0,,,
2018-11-10,2018,marshall,charlotte,30,13,1,-12.625,,-12.625,,,
2018-11-10,2018,north alabama,north greenville,31,28,1
2018-11-10,2018,richmond,maine,9,28,0
2018-11-10,2018,missouri state,north dakota state,7,48,0
2018-11-10,2018,charleston southern,gardner-webb,16,0,1
2018-11-10,2018,tennessee state,jacksonville state,14,41,0
2018-11-10,2018,ut martin,tennessee tech,38,13,1
2018-11-10,2018,central michigan,bowling green,13,24,0,-7.5,,-7.5,,,
2018-11-10,2018,alabama state,jackson state,2,20,0
2018-11-10,2018,north dakota,portland state,17,10,1
2018-11-10,2018,montana state,northern colorado,35,7,1
2018-11-10,2018,utep,middle tennessee,32,48,0,13.5,,13.5,,,
2018-11-10,2018,virginia,liberty,45,24,1,-24.0,,-24.0,,,
2018-11-10,2018,iowa state,baylor,28,14,1,-17.0,,-17.0,,,
2018-11-10,2018,rutgers,michigan,7,42,0,37.0,,37.0,,,
2018-11-10,2018,iowa,northwestern,10,14,0,-10.5,,-10.5,,,
2018-11-10,2018,oklahoma,oklahoma state,48,47,1,-21.625,,-21.625,,,
2018-11-10,2018,pittsburgh,virginia tech,52,22,1,-3.75,,-3.75,,,
2018-11-10,2018,old dominion,north texas,34,31,1,14.25,,14.25,,,
2018-11-10,2018,air force,new mexico,42,24,1,-13.625,,-13.625,,,
2018-11-10,2018,colorado,washington state,7,31,0,5.5,,5.5,,,
2018-11-10,2018,alabama,mississippi state,24,0,1,-22.0,,-22.0,,,
2018-11-10,2018,minnesota,purdue,41,10,1,10.125,,10.125,,,
2018-11-10,2018,sam houston state,abilene christian,10,17,0
2018-11-10,2018,western carolina,wofford,23,38,0
2018-11-10,2018,tennessee,kentucky,24,7,1,5.0,,5.0,,,
2018-11-10,2018,texas state,appalachian state,7,38,0,19.0,,19.0,,,
2018-11-10,2018,florida a&m,south carolina state,21,44,0
2018-11-10,2018,nicholls,stephen f. austin,47,14,1
2018-11-10,2018,lamar,houston christian,38,9,1
2018-11-10,2018,central arkansas,incarnate word,27,40,0
2018-11-10,2018,utah state,san josé state,62,24,1,-31.0,,-31.0,,,
2018-11-10,2018,tulane,east carolina,24,18,1,-10.375,,-10.375,,,
2018-11-10,2018,eastern washington,uc davis,59,20,1
2018-11-10,2018,louisiana,georgia state,36,22,1,-13.625,,-13.625,,,
2018-11-10,2018,southern,arkansas-pine bluff,56,24,1
2018-11-10,2018,san diego,davidson,56,52,1
2018-11-10,2018,coastal carolina,arkansas state,16,44,0,6.25,,6.25,,,
2018-11-10,2018,florida atlantic,western kentucky,34,15,1,-17.875,,-17.875,,,
2018-11-10,2018,south alabama,louisiana monroe,10,38,0,7.5,,7.5,,,
2018-11-10,2018,utah,oregon,32,25,1,-4.5,,-4.5,,,
2018-11-10,2018,idaho,montana,27,46,0
2018-11-11,2018,northwestern state,mcneese,37,34,1
2018-11-11,2018,georgia,auburn,27,10,1,-13.125,,-13.125,,,
2018-11-11,2018,southern utah,weber state,18,31,0
2018-11-11,2018,ut san antonio,florida international,7,45,0,10.375,,10.375,,,
2018-11-11,2018,georgia tech,miami,27,21,1,-1.625,,-1.625,,,
2018-11-11,2018,louisiana tech,rice,28,13,1,-24.0,,-24.0,,,
2018-11-11,2018,cincinnati,south florida,35,23,1,-14.0,,-14.0,,,
2018-11-11,2018,houston,temple,49,59,0,-3.5,,-3.5,,,
2018-11-11,2018,cal poly,idaho state,37,14,1
2018-11-11,2018,uab,southern mississippi,26,23,1,-13.375,,-13.375,,,
2018-11-11,2018,arkansas,lsu,17,24,0,12.625,,12.625,,,
2018-11-11,2018,notre dame,florida state,42,13,1,-16.75,,-16.75,,,
2018-11-11,2018,texas tech,texas,34,41,0,2.0,,2.0,,,
2018-11-11,2018,boston college,clemson,7,27,0,17.625,,17.625,,,
2018-11-11,2018,stanford,oregon state,48,17,1,-23.75,,-23.75,,,
2018-11-11,2018,san diego state,unlv,24,27,0,-23.875,,-23.875,,,
2018-11-11,2018,nevada,colorado state,49,10,1,-14.125,,-14.125,,,
2018-11-11,2018,usc,california,14,15,0,-4.875,,-4.875,,,
2018-11-13,2018,ball state,western michigan,42,41,1,9.625,,9.625,,,
2018-11-15,2018,ohio,buffalo,52,17,1,-2.5,,-2.5,,,
2018-11-15,2018,northern illinois,miami (oh),7,13,0,-6.25,,-6.25,,,
2018-11-15,2018,kent state,toledo,34,56,0,11.5,,11.5,,,
2018-11-16,2018,nicholls,southeastern louisiana,44,0,1
2018-11-16,2018,stephen f. austin,northwestern state,23,35,0
2018-11-16,2018,houston,tulane,48,17,1,-7.5,,-7.5,,,
2018-11-16,2018,north texas,florida atlantic,41,38,1,-4.25,,-4.25,,,
2018-11-17,2018,smu,memphis,18,28,0,7.625,,7.625,,,
2018-11-17,2018,new mexico,boise state,14,45,0,21.25,,21.25,,,
2018-11-17,2018,portland state,eastern washington,23,74,0
2018-11-17,2018,rhode island,new hampshire,24,21,1
2018-11-17,2018,harvard,yale,45,27,1
2018-11-17,2018,marist,san diego,14,31,0
2018-11-17,2018,army,colgate,28,14,1,-10.0,,-10.0,,,
2018-11-17,2018,mississippi valley state,alabama a&m,14,42,0
2018-11-17,2018,sacred heart,st francis (pa),13,7,1
2018-11-17,2018,kentucky,middle tennessee,34,23,1,-16.25,,-16.25,,,
2018-11-17,2018,mississippi state,arkansas,52,6,1,-22.75,,-22.75,,,
2018-11-17,2018,maine,elon,27,26,1
2018-11-17,2018,robert morris,wagner,7,41,0
2018-11-17,2018,central connecticut,duquesne,31,38,0
2018-11-17,2018,delaware,villanova,21,42,0
2018-11-17,2018,wake forest,pittsburgh,13,34,0,5.25,,5.25,,,
2018-11-17,2018,nebraska,michigan state,9,6,1,nan,,nan,,,
2018-11-17,2018,minnesota,northwestern,14,24,0,-3.125,,-3.125,,,
2018-11-17,2018,maryland,ohio state,51,52,0,13.875,,13.875,,,
2018-11-17,2018,temple,south florida,27,17,1,-14.0,,-14.0,,,
2018-11-17,2018,alabama,the citadel,50,17,1,-54.5,,-54.5,,,
2018-11-17,2018,baylor,tcu,9,16,0,nan,,nan,,,
2018-11-17,2018,rutgers,penn state,7,20,0,27.5,,27.5,,,
2018-11-17,2018,florida,idaho,63,10,1,-43.0,,-43.0,,,
2018-11-17,2018,louisville,nc state,10,52,0,16.0,,16.0,,,
2018-11-17,2018,georgetown,holy cross,31,32,0
2018-11-17,2018,lafayette,lehigh,3,34,0
2018-11-17,2018,davidson,butler,41,38,1
2018-11-17,2018,east tennessee state,samford,27,38,0
2018-11-17,2018,illinois state,youngstown state,35,28,1
2018-11-17,2018,princeton,pennsylvania,42,14,1
2018-11-17,2018,columbia,cornell,24,21,1
2018-11-17,2018,stetson,valparaiso,45,31,1
2018-11-17,2018,jacksonville,dayton,7,34,0
2018-11-17,2018,howard,bryant,55,56,0
2018-11-17,2018,norfolk state,morgan state,27,44,0
2018-11-17,2018,morehead state,drake,6,43,0
2018-11-17,2018,south carolina state,savannah state,21,17,1
2018-11-17,2018,bucknell,fordham,14,17,0
2018-11-17,2018,colorado,utah,7,30,0,7.0,,7.0,,,
2018-11-17,2018,wofford,presbyterian college,45,21,1
2018-11-17,2018,gardner-webb,monmouth,42,56,0
2018-11-17,2018,dartmouth,brown,49,7,1
2018-11-17,2018,old dominion,vmi,77,14,1,-31.5,,-31.5,,,
2018-11-17,2018,western illinois,indiana state,13,15,0
2018-11-17,2018,prairie view,alabama state,66,13,1
2018-11-17,2018,campbell,charleston southern,7,12,0
2018-11-17,2018,towson,james madison,17,38,0
2018-11-17,2018,montana,montana state,25,29,0
2018-11-17,2018,william & mary,richmond,6,10,0
2018-11-17,2018,florida a&m,bethune-cookman,19,33,0
2018-11-17,2018,colorado state,utah state,24,29,0,29.625,,29.625,,,
2018-11-17,2018,southeast missouri state,eastern illinois,38,32,1
2018-11-17,2018,delaware state,virginia lynchburg,41,7,1
2018-11-17,2018,north carolina central,north carolina a&t,0,45,0
2018-11-17,2018,charlotte,florida international,35,42,0,3.75,,3.75,,,
2018-11-17,2018,notre dame,syracuse,36,3,1,-10.0,,-10.0,,,
2018-11-17,2018,marshall,ut san antonio,23,0,1,-27.625,,-27.625,,,
2018-11-17,2018,tennessee tech,eastern kentucky,6,37,0
2018-11-17,2018,appalachian state,georgia state,45,17,1,-27.75,,-27.75,,,
2018-11-17,2018,uc davis,sacramento state,56,13,1
2018-11-17,2018,abilene christian,central arkansas,7,16,0
2018-11-17,2018,houston christian,sam houston state,20,42,0
2018-11-17,2018,kennesaw state,jacksonville state,60,52,1
2018-11-17,2018,south dakota state,south dakota,49,27,1
2018-11-17,2018,tennessee state,ut martin,31,28,1
2018-11-17,2018,mercer,furman,30,35,0
2018-11-17,2018,north carolina,western carolina,49,26,1,-31.0,,-31.0,,,
2018-11-17,2018,alcorn state,jackson state,24,3,1
2018-11-17,2018,arkansas state,louisiana monroe,31,17,1,-7.75,,-7.75,,,
2018-11-17,2018,san josé state,nevada,12,21,0,14.5,,14.5,,,
2018-11-17,2018,oklahoma state,west virginia,45,41,1,6.0,,6.0,,,
2018-11-17,2018,kansas state,texas tech,21,6,1,6.5,,6.5,,,
2018-11-17,2018,illinois,iowa,0,63,0,15.25,,15.25,,,
2018-11-17,2018,troy,texas state,12,7,1,-22.5,,-22.5,,,
2018-11-17,2018,tennessee,missouri,17,50,0,5.75,,5.75,,,
2018-11-17,2018,georgia tech,virginia,30,27,1,-6.25,,-6.25,,,
2018-11-17,2018,ucla,usc,34,27,1,2.75,,2.75,,,
2018-11-17,2018,florida state,boston college,22,21,1,2.75,,2.75,,,
2018-11-17,2018,navy,tulsa,37,29,1,-5.375,,-5.375,,,
2018-11-17,2018,southern mississippi,louisiana tech,21,20,1,-2.125,,-2.125,,,
2018-11-17,2018,purdue,wisconsin,44,47,0,-3.625,,-3.625,,,
2018-11-17,2018,akron,bowling green,6,21,0,-6.25,,-6.25,,,
2018-11-17,2018,albany,stony brook,25,23,1
2018-11-17,2018,north dakota state,southern illinois,65,17,1
2018-11-17,2018,virginia tech,miami,14,38,0,6.5,,6.5,,,
2018-11-17,2018,mcneese,lamar,17,21,0
2018-11-17,2018,georgia,umass,66,27,1,-41.5,,-41.5,,,
2018-11-17,2018,wyoming,air force,35,27,1,-2.875,,-2.875,,,
2018-11-17,2018,michigan,indiana,31,20,1,-28.0,,-28.0,,,
2018-11-17,2018,auburn,liberty,53,0,1,-29.5,,-29.5,,,
2018-11-17,2018,washington,oregon state,42,23,1,-32.625,,-32.625,,,
2018-11-17,2018,northern arizona,north dakota,31,16,1
2018-11-17,2018,idaho state,weber state,13,26,0
2018-11-17,2018,louisiana,south alabama,48,38,1,-19.25,,-19.25,,,
2018-11-17,2018,austin peay,murray state,48,23,1
2018-11-17,2018,northern iowa,missouri state,37,0,1
2018-11-17,2018,coastal carolina,georgia southern,17,41,0,7.375,,7.375,,,
2018-11-18,2018,east carolina,connecticut,55,21,1,-17.125,,-17.125,,,
2018-11-18,2018,clemson,duke,35,6,1,-28.75,,-28.75,,,
2018-11-18,2018,texas a&m,uab,41,20,1,nan,,nan,,,
2018-11-18,2018,cal poly,southern utah,38,24,1
2018-11-18,2018,south carolina,chattanooga,49,9,1,-31.0,,-31.0,,,
2018-11-18,2018,western kentucky,utep,40,16,1,-6.625,,-6.625,,,
2018-11-18,2018,oklahoma,kansas,55,40,1,-35.0,,-35.0,,,
2018-11-18,2018,lsu,rice,42,10,1,-41.625,,-41.625,,,
2018-11-18,2018,vanderbilt,ole miss,36,29,1,-3.0,,-3.0,,,
2018-11-18,2018,ucf,cincinnati,38,13,1,-7.25,,-7.25,,,
2018-11-18,2018,texas,iowa state,24,10,1,-2.375,,-2.375,,,
2018-11-18,2018,texas southern,arkansas-pine bluff,10,15,0
2018-11-18,2018,byu,new mexico state,45,10,1,-25.5,,-25.5,,,
2018-11-18,2018,fresno state,san diego state,23,14,1,-12.375,,-12.375,,,
2018-11-18,2018,washington state,arizona,69,28,1,-10.5,,-10.5,,,
2018-11-18,2018,oregon,arizona state,31,29,1,-3.5,,-3.5,,,
2018-11-18,2018,hawai'i,unlv,35,28,1,-6.5,,-6.5,,,
2018-11-21,2018,miami (oh),ball state,42,21,1,-16.125,,-16.125,,,
2018-11-21,2018,western michigan,northern illinois,28,21,1,6.5,,6.5,,,
2018-11-22,2018,alabama state,mississippi valley state,31,24,1
2018-11-22,2018,air force,colorado state,27,19,1,-14.5,,-14.5,,,
2018-11-23,2018,ole miss,mississippi state,3,35,0,12.5,,12.5,,,
2018-11-23,2018,memphis,houston,52,31,1,-9.0,,-9.0,,,
2018-11-23,2018,bowling green,buffalo,14,44,0,15.75,,15.75,,,
2018-11-23,2018,toledo,central michigan,51,13,1,-19.0,,-19.0,,,
2018-11-23,2018,ohio,akron,49,28,1,-24.0,,-24.0,,,
2018-11-23,2018,kent state,eastern michigan,20,28,0,13.125,,13.125,,,
2018-11-23,2018,iowa,nebraska,31,28,1,-8.375,,-8.375,,,
2018-11-23,2018,kansas,texas,17,24,0,15.125,,15.125,,,
2018-11-23,2018,missouri,arkansas,38,0,1,-24.0,,-24.0,,,
2018-11-23,2018,south alabama,coastal carolina,31,28,1,-0.5,,-0.5,,,
2018-11-23,2018,cincinnati,east carolina,56,6,1,-15.75,,-15.75,,,
2018-11-23,2018,virginia tech,virginia,34,31,1,5.0,,5.0,,,
2018-11-23,2018,oregon state,oregon,15,55,0,17.875,,17.875,,,
2018-11-23,2018,south florida,ucf,10,38,0,16.25,,16.25,,,
2018-11-24,2018,west virginia,oklahoma,56,59,0,3.0,,3.0,,,
2018-11-24,2018,washington state,washington,15,28,0,-2.75,,-2.75,,,
2018-11-24,2018,indiana,purdue,21,28,0,3.333,,3.333,,,
2018-11-24,2018,florida state,florida,14,41,0,8.5,,8.5,,,
2018-11-24,2018,georgia,georgia tech,45,21,1,-17.0,,-17.0,,,
2018-11-24,2018,boston college,syracuse,21,42,0,-5.0,,-5.0,,,
2018-11-24,2018,florida international,marshall,25,28,0,3.5,,3.5,,,
2018-11-24,2018,ohio state,michigan,62,39,1,4.25,,4.25,,,
2018-11-24,2018,louisiana tech,western kentucky,15,30,0,-10.625,,-10.625,,,
2018-11-24,2018,tulane,navy,29,28,1,-6.0,,-6.0,,,
2018-11-24,2018,texas tech,baylor,24,35,0,-5.875,,-5.875,,,
2018-11-24,2018,north carolina,nc state,28,34,0,7.125,,7.125,,,
2018-11-24,2018,duke,wake forest,7,59,0,-9.625,,-9.625,,,
2018-11-24,2018,rice,old dominion,27,13,1,7.75,,7.75,,,
2018-11-24,2018,south carolina state,north carolina central,17,21,0
2018-11-24,2018,towson,duquesne,10,31,0
2018-11-24,2018,liberty,new mexico state,28,21,1,-7.0,,-7.0,,,
2018-11-24,2018,prairie view,texas southern,60,14,1
2018-11-24,2018,georgia state,georgia southern,14,35,0,10.0,,10.0,,,
2018-11-24,2018,southeast missouri state,stony brook,28,14,1
2018-11-24,2018,wofford,elon,19,7,1
2018-11-24,2018,new mexico,wyoming,3,31,0,7.0,,7.0,,,
2018-11-24,2018,appalachian state,troy,21,10,1,-11.25,,-11.25,,,
2018-11-24,2018,middle tennessee,uab,27,3,1,3.0,,3.0,,,
2018-11-24,2018,utep,southern mississippi,7,39,0,13.75,,13.75,,,
2018-11-24,2018,louisiana monroe,louisiana,28,31,0,-1.5,,-1.5,,,
2018-11-24,2018,james madison,delaware,20,6,1
2018-11-24,2018,ucla,stanford,42,49,0,7.0,,7.0,,,
2018-11-24,2018,montana state,incarnate word,35,14,1
2018-11-24,2018,northwestern,illinois,24,16,1,-15.625,,-15.625,,,
2018-11-24,2018,tulsa,smu,27,24,1,2.625,,2.625,,,
2018-11-24,2018,alabama,auburn,52,21,1,-26.125,,-26.125,,,
2018-11-24,2018,miami,pittsburgh,24,3,1,-5.625,,-5.625,,,
2018-11-24,2018,wisconsin,minnesota,15,37,0,-11.75,,-11.75,,,
2018-11-24,2018,penn state,maryland,38,3,1,-12.375,,-12.375,,,
2018-11-24,2018,arizona,arizona state,40,41,0,1.375,,1.375,,,
2018-11-24,2018,connecticut,temple,7,57,0,30.875,,30.875,,,
2018-11-24,2018,michigan state,rutgers,14,10,1,-25.125,,-25.125,,,
2018-11-24,2018,texas state,arkansas state,7,33,0,13.25,,13.25,,,
2018-11-24,2018,vanderbilt,tennessee,38,13,1,-3.125,,-3.125,,,
2018-11-24,2018,nicholls,san diego,49,30,1
2018-11-24,2018,southern,grambling,38,28,1
2018-11-24,2018,northern iowa,lamar,16,13,1
2018-11-24,2018,florida atlantic,charlotte,24,27,0,-16.625,,-16.625,,,
2018-11-25,2018,clemson,south carolina,56,35,1,-25.875,,-25.875,,,
2018-11-25,2018,fresno state,san josé state,31,13,1,-31.5,,-31.5,,,
2018-11-25,2018,california,colorado,33,21,1,-10.625,,-10.625,,,
2018-11-25,2018,iowa state,kansas state,42,38,1,-10.375,,-10.375,,,
2018-11-25,2018,louisville,kentucky,10,56,0,17.0,,17.0,,,
2018-11-25,2018,ut san antonio,north texas,21,24,0,24.75,,24.75,,,
2018-11-25,2018,texas a&m,lsu,74,72,1,nan,,nan,,,
2018-11-25,2018,jacksonville state,east tennessee state,34,27,1
2018-11-25,2018,usc,notre dame,17,24,0,13.25,,13.25,,,
2018-11-25,2018,tcu,oklahoma state,31,24,1,5.75,,5.75,,,
2018-11-25,2018,unlv,nevada,34,29,1,14.0,,14.0,,,
2018-11-25,2018,utah,byu,35,27,1,-10.5,,-10.5,,,
2018-11-25,2018,boise state,utah state,33,24,1,-2.5,,-2.5,,,
2018-11-25,2018,san diego state,hawai'i,30,31,0,-17.75,,-17.75,,,
2018-11-30,2018,the citadel,charleston southern,43,14,1
2018-12-01,2018,buffalo,northern illinois,29,30,0,-3.25,,-3.25,,,
2018-12-01,2018,washington,utah,10,3,1,-4.875,,-4.875,,,
2018-12-01,2018,appalachian state,louisiana,30,19,1,-17.25,,-17.25,,,
2018-12-01,2018,nc state,east carolina,58,3,1,-25.125,,-25.125,,,
2018-12-01,2018,maine,jacksonville state,55,27,1
2018-12-01,2018,virginia tech,marshall,41,20,1,-3.5,,-3.5,,,
2018-12-01,2018,iowa state,drake,27,24,1,-41.0,,-41.0,,,
2018-12-01,2018,oklahoma,texas,39,27,1,-9.5,,-9.5,,,
2018-12-01,2018,south carolina,akron,28,3,1,-28.75,,-28.75,,,
2018-12-01,2018,colgate,james madison,23,20,1
2018-12-01,2018,middle tennessee,uab,25,27,0,-1.167,,-1.167,,,
2018-12-01,2018,liberty,norfolk state,52,17,1,-30.5,,-30.5,,,
2018-12-01,2018,kennesaw state,wofford,13,10,1
2018-12-01,2018,california,stanford,13,23,0,3.0,,3.0,,,
2018-12-01,2018,south dakota state,duquesne,51,6,1
2018-12-01,2018,north dakota state,montana state,52,10,1
2018-12-01,2018,ucf,memphis,56,41,1,-2.25,,-2.25,,,
2018-12-01,2018,georgia,alabama,28,35,0,11.75,,11.75,,,
2018-12-01,2018,weber state,southeast missouri state,48,23,1
2018-12-01,2018,alcorn state,southern,37,28,1
2018-12-01,2018,eastern washington,nicholls,42,21,1
2018-12-02,2018,uc davis,northern iowa,23,16,1
2018-12-02,2018,boise state,fresno state,16,19,0,-1.625,,-1.625,,,
2018-12-02,2018,pittsburgh,clemson,10,42,0,27.625,,27.625,,,
2018-12-02,2018,ohio state,northwestern,45,24,1,-16.5,,-16.5,,,
2018-12-08,2018,weber state,maine,18,23,0
2018-12-08,2018,north dakota state,colgate,35,0,1
2018-12-08,2018,kennesaw state,south dakota state,17,27,0
2018-12-08,2018,army,navy,17,10,1,-7.25,,-7.25,,,
2018-12-08,2018,eastern washington,uc davis,34,29,1
