2021-08-28,2021,False,UCLA,26,Hawaii,62,44,10,1,18.0,67.0,-1100.0,700.0,NaN,NaN,NaN,NaN
2021-08-28,2021,False,NewMexicoState,166,UTEP,2638,3,30,0,9.5,59.0,300.0,-360.0,NaN,NaN,NaN,NaN
2021-08-28,2021,False,FresnoState,278,Connecticut,41,45,0,1,27.5,63.5,-10000.0,2000.0,NaN,NaN,NaN,NaN
2021-08-28,2021,False,SanJoseState,23,SouthernUtah,253,45,14,1,28.0,57.5,-5000.0,1500.0,NaN,NaN,NaN,NaN
2021-08-28,2021,False,IndianaSt,282,EasternIllinois,2197,26,21,1,14.0,50.0,-600.0,450.0,NaN,NaN,NaN,NaN
2021-09-01,2021,False,JacksonvilleSt,55,UAB,5,0,31,0,16.5,52.0,550.0,-800.0,NaN,NaN,NaN,NaN
2021-09-02,2021,False,CentralFlorida,2116,BoiseState,68,36,31,1,6.5,67.0,-220.0,190.0,NaN,NaN,NaN,NaN
2021-09-02,2021,False,AppalachianSt,2026,EastCarolina,151,33,19,1,9.0,56.0,-350.0,290.0,NaN,NaN,NaN,NaN
2021-09-02,2021,False,NCState,152,SouthFlorida,58,45,0,1,20.0,58.0,-1200.0,750.0,NaN,NaN,NaN,NaN
2021-09-02,2021,False,MinnesotaU,135,OhioState,194,31,45,0,14.0,62.0,450.0,-600.0,NaN,NaN,4,1393.0
2021-09-02,2021,False,NewMexico,167,HoustonBaptist,2277,27,17,1,25.5,66.5,-2200.0,1275.0,NaN,NaN,NaN,NaN
2021-09-02,2021,False,WesternKentucky,98,TennesseeMartin,2630,59,21,1,24.0,58.5,-1800.0,1100.0,NaN,NaN,NaN,NaN
2021-09-02,2021,False,UNLV,2439,EastWashington,331,33,35,0,2.0,66.0,120.0,-140.0,NaN,NaN,NaN,NaN
2021-09-02,2021,False,Samford,2535,TennesseeTech,2635,52,14,1,12.5,59.5,-460.0,380.0,NaN,NaN,NaN,NaN
2021-09-02,2021,False,Maine,311,Delaware,48,24,34,0,8.5,48.0,270.0,-330.0,NaN,NaN,NaN,NaN
2021-09-02,2021,False,YoungstownSt,2754,IncarnateWord,2916,44,41,1,6.0,62.0,-250.0,210.0,NaN,NaN,NaN,NaN
2021-09-02,2021,False,SEMissouriSt,2546,SoIllinois,79,21,47,0,11.5,57.5,360.0,-430.0,NaN,NaN,NaN,NaN
2021-09-02,2021,False,NorthernArizona,2464,SamHoustonSt,2534,16,42,0,11.0,57.5,350.0,-420.0,NaN,NaN,NaN,NaN
2021-09-03,2021,False,WakeForest,154,OldDominion,295,42,10,1,32.5,61.5,-10500.0,3500.0,NaN,NaN,NaN,NaN
2021-09-03,2021,False,Kansas,2305,SouthDakota,233,17,14,1,11.5,55.0,-460.0,380.0,NaN,NaN,NaN,NaN
2021-09-04,2021,False,Michigan,130,WesternMichigan,2711,47,14,1,16.5,65.5,-900.0,600.0,NaN,NaN,NaN,NaN
2021-09-04,2021,False,KansasState,2306,Stanford,24,24,7,1,3.0,54.5,-160.0,140.0,NaN,NaN,NaN,NaN
2021-09-04,2021,False,Kentucky,96,ULMonroe,2433,45,10,1,31.0,54.0,-7500.0,2500.0,NaN,NaN,NaN,NaN
2021-09-04,2021,False,Arkansas,8,Rice,242,38,17,1,20.0,50.0,-1400.0,800.0,NaN,NaN,NaN,NaN
2021-09-04,2021,False,Oregon,2483,FresnoState,278,31,24,1,18.0,63.0,-1200.0,750.0,11,968.0,NaN,NaN
2021-09-04,2021,False,Iowa,2294,Indiana,84,34,6,1,3.5,46.0,-175.0,155.0,18,513.0,17,549.0
2021-09-04,2021,False,CincinnatiU,2132,MiamiOhio,193,49,14,1,23.0,49.0,-3000.0,1200.0,8,1014.0,NaN,NaN
2021-09-04,2021,False,Navy,2426,Marshall,276,7,49,0,3.0,46.5,130.0,-150.0,NaN,NaN,NaN,NaN
2021-09-04,2021,False,MiamiFlorida,2390,Alabama,333,13,44,0,19.5,61.5,750.0,-1200.0,14,663.0,1,1548.0
2021-09-04,2021,False,PittsburghU,221,Massachusetts,113,51,7,1,37.5,55.5,-36000.0,12000.0,NaN,NaN,NaN,NaN
2021-09-04,2021,False,Missouri,142,CentralMichigan,2117,34,24,1,14.0,59.0,-600.0,450.0,NaN,NaN,NaN,NaN
2021-09-04,2021,False,MississippiState,344,LouisianaTech,2348,35,34,1,20.5,52.5,-2000.0,1000.0,NaN,NaN,NaN,NaN
2021-09-04,2021,False,Texas,251,ULLafayette,322,38,18,1,9.0,58.0,-340.0,280.0,21,350.0,NaN,NaN
2021-09-04,2021,False,USC,30,SanJoseState,23,30,7,1,14.0,61.0,-650.0,475.0,15,660.0,NaN,NaN
2021-09-04,2021,False,Purdue,2509,OregonState,204,30,21,1,7.0,68.0,-275.0,235.0,NaN,NaN,NaN,NaN
2021-09-04,2021,False,TexasState,326,Baylor,239,20,29,0,13.5,52.0,425.0,-550.0,NaN,NaN,NaN,NaN
2021-09-04,2021,False,Auburn,2,Akron,2006,60,10,1,37.5,56.5,-30000.0,10000.0,NaN,NaN,NaN,NaN
2021-09-04,2021,False,Florida,57,FloridaAtlantic,2226,35,14,1,23.5,51.5,-2500.0,1100.0,13,728.0,NaN,NaN
2021-09-04,2021,False,SouthAlabama,6,SouthernMiss,2572,31,7,1,2.5,56.5,-135.0,115.0,NaN,NaN,NaN,NaN
2021-09-04,2021,False,TexasA&M,245,KentState,2309,41,10,1,29.5,66.5,-9000.0,3000.0,6,1223.0,NaN,NaN
2021-09-04,2021,False,SanDiegoState,21,NewMexicoState,166,28,10,1,31.0,50.5,-9000.0,3000.0,NaN,NaN,NaN,NaN
2021-09-04,2021,False,Oklahoma,201,Tulane,2655,40,35,1,31.0,66.5,-9000.0,3000.0,2,1462.0,NaN,NaN
2021-09-04,2021,False,Rutgers,164,Temple,218,61,14,1,14.5,52.0,-700.0,500.0,NaN,NaN,NaN,NaN
2021-09-04,2021,False,Wyoming,2751,MontanaSt,147,19,16,1,19.5,45.0,-1200.0,750.0,NaN,NaN,NaN,NaN
2021-09-04,2021,False,GeorgiaSouthern,290,GardnerWebb,2241,30,25,1,27.5,48.0,-10000.0,2000.0,NaN,NaN,NaN,NaN
2021-09-04,2021,False,Troy,2653,Southern,2582,55,3,1,25.0,55.5,-6000.0,1600.0,NaN,NaN,NaN,NaN
2021-09-04,2021,False,Memphis,235,NichollsSt,2447,42,17,1,22.5,68.0,-5000.0,1500.0,NaN,NaN,NaN,NaN
2021-09-04,2021,False,MiddleTennSt,2393,Monmouth,2405,50,15,1,9.0,58.5,-320.0,265.0,NaN,NaN,NaN,NaN
2021-09-04,2021,False,ArkansasState,2032,CentralArkansas,2110,40,21,1,13.5,64.0,-500.0,400.0,NaN,NaN,NaN,NaN
2021-09-04,2021,False,NorthTexas,249,NorthwesternSt,2466,44,14,1,20.0,65.5,-1400.0,800.0,NaN,NaN,NaN,NaN
2021-09-04,2021,False,UTEP,2638,BethuneCookman,2065,38,28,1,20.5,52.5,-1600.0,900.0,NaN,NaN,NaN,NaN
2021-09-04,2021,False,Hawaii,62,PortlandSt,2502,49,35,1,25.5,57.0,-6000.0,1600.0,NaN,NaN,NaN,NaN
2021-09-04,2021,False,Lehigh,2329,Villanova,222,3,47,0,18.5,43.5,700.0,-1100.0,NaN,NaN,NaN,NaN
2021-09-04,2021,False,VMI,2678,Davidson,2166,45,24,1,16.5,59.5,-1000.0,650.0,NaN,NaN,NaN,NaN
2021-09-04,2021,False,Furman,231,N.CarolinaA&T,2448,29,18,1,1.5,48.5,-125.0,105.0,NaN,NaN,NaN,NaN
2021-09-04,2021,False,Elon,2210,Wofford,2747,22,24,0,6.0,50.0,220.0,-260.0,NaN,NaN,NaN,NaN
2021-09-04,2021,False,IdahoSt,304,NorthDakota,155,14,35,0,10.5,56.5,330.0,-400.0,NaN,NaN,NaN,NaN
2021-09-04,2021,False,NoDakotaState,2449,Albany,399,28,6,1,25.5,46.5,-7000.0,1700.0,NaN,NaN,NaN,NaN
2021-09-04,2021,False,MorganSt,2415,Towson,119,0,31,0,24.0,50.5,1200.0,-3000.0,NaN,NaN,NaN,NaN
2021-09-04,2021,False,RhodeIsland,227,Bryant,2803,45,21,1,20.5,49.5,-2000.0,1000.0,NaN,NaN,NaN,NaN
2021-09-04,2021,False,SacredHeart,2529,Bucknell,2083,21,0,1,11.0,42.5,-420.0,350.0,NaN,NaN,NaN,NaN
2021-09-04,2021,False,WesternCarolina,2717,EasternKentucky,2198,28,31,0,10.5,57.5,330.0,-400.0,NaN,NaN,NaN,NaN
2021-09-04,2021,False,AlabamaA&M,2010,SoCarolinaSt,2569,42,41,1,5.5,53.5,-230.0,195.0,NaN,NaN,NaN,NaN
2021-09-04,2021,False,StephenF.Austin,2617,TarletonState,2627,20,10,1,5.5,52.5,-230.0,195.0,NaN,NaN,NaN,NaN
2021-09-04,2021,False,TexasSouthern,2640,PrairieView,2504,17,40,0,10.5,57.5,330.0,-400.0,NaN,NaN,NaN,NaN
2021-09-04,2021,False,DixieState,3101,SacramentoSt,16,7,19,0,18.0,57.5,650.0,-1000.0,NaN,NaN,NaN,NaN
2021-09-04,2021,False,NorthAlabama,2453,SELouisiana,2545,28,49,0,10.5,64.5,330.0,-400.0,NaN,NaN,NaN,NaN
2021-09-05,2021,False,FloridaState,52,NotreDame,87,38,41,0,7.0,53.5,240.0,-280.0,NaN,NaN,9,1009.0
2021-09-06,2021,False,Mississippi,145,Louisville,97,43,24,1,9.0,75.0,-335.0,275.0,NaN,NaN,NaN,NaN
2021-09-10,2021,False,CoastalCarolina,324,Kansas,2305,49,22,1,27.0,52.0,-5000.0,1500.0,17,384.0,NaN,NaN
2021-09-10,2021,False,BoiseState,68,UTEP,2638,54,13,1,25.0,56.5,-5000.0,1500.0,NaN,NaN,NaN,NaN
2021-09-10,2021,False,Duke,150,N.CarolinaA&T,2448,45,17,1,23.0,56.0,-2500.0,1100.0,NaN,NaN,NaN,NaN
2021-09-10,2021,False,UtahState,328,NorthDakota,155,48,24,1,7.0,54.5,-270.0,230.0,NaN,NaN,NaN,NaN
2021-09-11,2021,False,Virginia,258,Illinois,356,42,14,1,10.5,57.0,-400.0,330.0,NaN,NaN,NaN,NaN
2021-09-11,2021,False,Army,349,WesternKentucky,98,38,35,1,6.0,52.0,-215.0,185.0,NaN,NaN,NaN,NaN
2021-09-11,2021,False,Massachusetts,113,BostonCollege,103,28,45,0,39.0,57.0,12000.0,-36000.0,NaN,NaN,NaN,NaN
2021-09-11,2021,False,SouthFlorida,58,Florida,57,20,42,0,29.0,57.0,2000.0,-6000.0,NaN,NaN,13,842.0
2021-09-11,2021,False,TennesseeU,2633,PittsburghU,221,34,41,0,4.0,56.0,155.0,-175.0,NaN,NaN,NaN,NaN
2021-09-11,2021,False,EastCarolina,151,SouthCarolina,2579,17,20,0,3.0,56.5,130.0,-150.0,NaN,NaN,NaN,NaN
2021-09-11,2021,False,FloridaAtlantic,2226,GeorgiaSouthern,290,38,6,1,7.0,48.5,-265.0,225.0,NaN,NaN,NaN,NaN
2021-09-11,2021,False,MinnesotaU,135,MiamiOhio,193,31,26,1,18.5,55.0,-1100.0,700.0,NaN,NaN,NaN,NaN
2021-09-11,2021,False,OklahomaState,197,Tulsa,202,28,23,1,11.0,51.0,-430.0,360.0,NaN,NaN,NaN,NaN
2021-09-11,2021,False,NoIllinois,2459,Wyoming,2751,43,50,0,7.0,44.0,225.0,-265.0,NaN,NaN,NaN,NaN
2021-09-11,2021,False,Syracuse,183,Rutgers,164,7,17,0,3.0,50.5,120.0,-140.0,NaN,NaN,NaN,NaN
2021-09-11,2021,False,VirginiaTech,259,MiddleTennSt,2393,35,14,1,20.0,55.0,-1400.0,800.0,19,359.0,NaN,NaN
2021-09-11,2021,False,NewMexico,167,NewMexicoState,166,34,25,1,18.5,55.5,-1200.0,750.0,NaN,NaN,NaN,NaN
2021-09-11,2021,False,NotreDame,87,Toledo,2649,32,29,1,16.5,55.5,-900.0,600.0,8,1070.0,NaN,NaN
2021-09-11,2021,False,Connecticut,41,Purdue,2509,0,49,0,35.0,56.5,7000.0,-21000.0,NaN,NaN,NaN,NaN
2021-09-11,2021,False,Navy,2426,AirForce,2005,3,23,0,6.0,40.0,190.0,-220.0,NaN,NaN,NaN,NaN
2021-09-11,2021,False,PennState,213,BallState,2050,44,13,1,22.5,58.5,-2000.0,1000.0,11,908.0,NaN,NaN
2021-09-11,2021,False,Akron,2006,Temple,218,24,45,0,6.5,52.0,200.0,-240.0,NaN,NaN,NaN,NaN
2021-09-11,2021,False,Georgia,61,UAB,5,56,7,1,22.5,44.0,-3500.0,1300.0,2,1507.0,NaN,NaN
2021-09-11,2021,False,TCU,2628,California,25,34,32,1,11.5,46.5,-450.0,375.0,NaN,NaN,NaN,NaN
2021-09-11,2021,False,Nebraska,158,BuffaloU,2084,28,3,1,13.5,54.5,-550.0,425.0,NaN,NaN,NaN,NaN
2021-09-11,2021,False,Colorado,38,TexasA&M,245,7,10,0,17.5,50.5,600.0,-900.0,NaN,NaN,5,1288.0
2021-09-11,2021,False,BowlingGreen,189,SouthAlabama,6,19,22,0,15.0,48.0,500.0,-700.0,NaN,NaN,NaN,NaN
2021-09-11,2021,False,Rice,242,Houston,248,7,44,0,7.5,50.5,250.0,-300.0,NaN,NaN,NaN,NaN
2021-09-11,2021,False,MiamiFlorida,2390,AppalachianSt,2026,25,23,1,7.0,55.0,-275.0,235.0,22,229.0,NaN,NaN
2021-09-11,2021,False,Wisconsin,275,EasternMichigan,2199,34,7,1,26.0,52.0,-5000.0,1500.0,18,376.0,NaN,NaN
2021-09-11,2021,False,SMU,2567,NorthTexas,249,35,12,1,22.5,76.0,-2500.0,1100.0,NaN,NaN,NaN,NaN
2021-09-11,2021,False,Troy,2653,Liberty,2335,13,21,0,3.0,63.5,135.0,-155.0,NaN,NaN,NaN,NaN
2021-09-11,2021,False,ArkansasState,2032,Memphis,235,50,55,0,5.0,65.0,180.0,-210.0,NaN,NaN,NaN,NaN
2021-09-11,2021,False,Kentucky,96,Missouri,142,35,28,1,5.5,56.5,-200.0,175.0,NaN,NaN,NaN,NaN
2021-09-11,2021,False,NorthCarolina,153,GeorgiaState,2247,59,17,1,26.0,65.0,-5000.0,1500.0,24,198.0,NaN,NaN
2021-09-11,2021,False,Michigan,130,Washington,264,31,10,1,6.5,47.5,-260.0,220.0,NaN,NaN,NaN,NaN
2021-09-11,2021,False,ArizonaState,9,UNLV,2439,37,10,1,34.5,56.0,-18000.0,6000.0,23,227.0,NaN,NaN
2021-09-11,2021,False,OregonState,204,Hawaii,62,45,27,1,11.0,65.0,-420.0,350.0,NaN,NaN,NaN,NaN
2021-09-11,2021,False,KentState,2309,VMI,2678,60,10,1,19.0,72.0,-1400.0,800.0,NaN,NaN,NaN,NaN
2021-09-11,2021,False,GeorgiaTech,59,KennesawSt,338,45,17,1,20.0,53.0,-1600.0,900.0,NaN,NaN,NaN,NaN
2021-09-11,2021,False,WesternMichigan,2711,IllinoisSt,2287,28,0,1,12.5,56.5,-500.0,400.0,NaN,NaN,NaN,NaN
2021-09-11,2021,False,KansasState,2306,SoIllinois,79,31,23,1,17.0,55.0,-900.0,600.0,NaN,NaN,NaN,NaN
2021-09-11,2021,False,LouisianaTech,2348,SELouisiana,2545,45,42,1,11.5,70.5,-450.0,375.0,NaN,NaN,NaN,NaN
2021-09-11,2021,False,OldDominion,295,Hampton,2261,47,7,1,21.5,55.0,-2000.0,1000.0,NaN,NaN,NaN,NaN
2021-09-11,2021,False,SouthernMiss,2572,Grambling,2755,37,0,1,23.0,47.5,-3000.0,1200.0,NaN,NaN,NaN,NaN
2021-09-11,2021,False,Colgate,2142,StonyBrook,2619,3,24,0,9.5,42.5,290.0,-350.0,NaN,NaN,NaN,NaN
2021-09-11,2021,False,SouthDakota,233,NorthernArizona,2464,34,7,1,10.0,50.5,-380.0,320.0,NaN,NaN,NaN,NaN
2021-09-11,2021,False,DelawareSt,2169,Georgetown,46,14,20,0,4.0,45.5,165.0,-185.0,NaN,NaN,NaN,NaN
2021-09-11,2021,False,TennesseeTech,2635,Furman,231,0,26,0,14.5,50.5,425.0,-550.0,NaN,NaN,NaN,NaN
2021-09-11,2021,False,Wagner,2681,CentralConn.,2115,19,21,0,12.0,50.0,375.0,-450.0,NaN,NaN,NaN,NaN
2021-09-11,2021,False,William&Mary,2729,Lafayette,322,24,3,1,9.5,41.5,-350.0,290.0,NaN,NaN,NaN,NaN
2021-09-11,2021,False,NewHampshire,160,Towson,119,26,14,1,1.0,44.5,-110.0,-110.0,NaN,NaN,NaN,NaN
2021-09-11,2021,False,Fordham,2230,Monmouth,2405,23,26,0,7.5,58.5,225.0,-265.0,NaN,NaN,NaN,NaN
2021-09-11,2021,False,Campbell,2097,Elon,2210,23,24,0,1.0,53.5,100.0,-120.0,NaN,NaN,NaN,NaN
2021-09-11,2021,False,AlcornSt,2016,NorthwesternSt,2466,13,10,1,2.5,51.5,-135.0,115.0,NaN,NaN,NaN,NaN
2021-09-11,2021,False,HoustonBaptist,2277,NO.Colorado,2458,13,45,0,3.0,58.5,135.0,-155.0,NaN,NaN,NaN,NaN
2021-09-11,2021,False,NorthAlabama,2453,Chattanooga,236,0,20,0,6.5,54.5,210.0,-250.0,NaN,NaN,NaN,NaN
2021-09-11,2021,False,MissouriSt,2623,CentralArkansas,2110,43,34,1,5.5,50.5,-210.0,180.0,NaN,NaN,NaN,NaN
2021-09-11,2021,False,IncarnateWord,2916,PrairieView,2504,40,9,1,10.5,70.0,-380.0,320.0,NaN,NaN,NaN,NaN
2021-09-11,2021,False,CSSacramento,16,NorthernIowa,2460,16,34,0,6.5,36.5,220.0,-260.0,NaN,NaN,NaN,NaN
2021-09-16,2021,False,ULLafayette,322,Ohio,195,49,14,1,18.5,57.0,-1400.0,800.0,NaN,NaN,NaN,NaN
2021-09-16,2021,False,BethuneCookman,2065,AlabamaA&M,2010,27,30,0,4.0,70.0,160.0,-180.0,NaN,NaN,NaN,NaN
2021-09-17,2021,False,Illinois,356,Maryland,120,17,20,0,7.5,61.5,235.0,-275.0,NaN,NaN,NaN,NaN
2021-09-18,2021,False,Michigan,130,NoIllinois,2459,63,10,1,27.5,55.0,-6000.0,1600.0,25,163.0,NaN,NaN
2021-09-18,2021,False,Army,349,Connecticut,41,52,21,1,34.5,48.0,-18000.0,6000.0,NaN,NaN,NaN,NaN
2021-09-18,2021,False,Massachusetts,113,EasternMichigan,2199,28,42,0,22.0,56.5,1000.0,-2000.0,NaN,NaN,NaN,NaN
2021-09-18,2021,False,Temple,218,BostonCollege,103,3,28,0,14.5,55.5,475.0,-650.0,NaN,NaN,NaN,NaN
2021-09-18,2021,False,WestVirginia,277,VirginiaTech,259,27,21,1,2.0,49.5,-125.0,105.0,NaN,NaN,15,591.0
2021-09-18,2021,False,BuffaloU,2084,CoastalCarolina,324,25,28,0,14.0,58.0,425.0,-550.0,NaN,NaN,16,562.0
2021-09-18,2021,False,Oklahoma,201,Nebraska,158,23,16,1,22.5,62.5,-2000.0,1000.0,3,1402.0,NaN,NaN
2021-09-18,2021,False,Indiana,84,CincinnatiU,2132,24,38,0,4.0,50.0,160.0,-180.0,NaN,NaN,8,1149.0
2021-09-18,2021,False,TexasA&M,245,NewMexico,167,34,0,1,30.0,49.5,-8000.0,1800.0,7,1206.0,NaN,NaN
2021-09-18,2021,False,Wyoming,2751,BallState,2050,45,12,1,7.0,53.0,-260.0,220.0,NaN,NaN,NaN,NaN
2021-09-18,2021,False,NotreDame,87,Purdue,2509,27,13,1,7.5,58.0,-300.0,250.0,12,926.0,NaN,NaN
2021-09-18,2021,False,Clemson,228,GeorgiaTech,59,14,8,1,27.5,52.5,-10000.0,2000.0,6,1246.0,NaN,NaN
2021-09-18,2021,False,WashingtonState,265,USC,30,14,45,0,7.5,61.0,260.0,-310.0,NaN,NaN,NaN,NaN
2021-09-18,2021,False,Florida,57,Alabama,333,29,31,0,14.0,59.5,450.0,-600.0,11,935.0,1,1572.0
2021-09-18,2021,False,WakeForest,154,FloridaState,52,35,14,1,4.5,63.0,-185.0,165.0,NaN,NaN,NaN,NaN
2021-09-18,2021,False,Iowa,2294,KentState,2309,30,7,1,22.5,55.5,-2000.0,1000.0,5,1263.0,NaN,NaN
2021-09-18,2021,False,LouisianaTech,2348,SMU,2567,37,39,0,11.0,65.0,350.0,-420.0,NaN,NaN,NaN,NaN
2021-09-18,2021,False,OhioState,194,Tulsa,202,41,20,1,24.5,60.5,-4000.0,1400.0,9,1029.0,NaN,NaN
2021-09-18,2021,False,Kansas,2305,Baylor,239,7,45,0,17.0,48.5,600.0,-900.0,NaN,NaN,NaN,NaN
2021-09-18,2021,False,Arkansas,8,GeorgiaSouthern,290,45,10,1,22.5,53.0,-2500.0,1100.0,20,277.0,NaN,NaN
2021-09-18,2021,False,Washington,264,ArkansasState,2032,52,3,1,17.5,58.5,-900.0,600.0,NaN,NaN,NaN,NaN
2021-09-18,2021,False,TexSanAntonio,2636,MiddleTennSt,2393,27,13,1,11.5,60.0,-450.0,375.0,NaN,NaN,NaN,NaN
2021-09-18,2021,False,Liberty,2335,OldDominion,295,45,17,1,27.5,53.5,-8000.0,1800.0,NaN,NaN,NaN,NaN
2021-09-18,2021,False,SouthernMiss,2572,Troy,2653,9,21,0,11.0,49.5,330.0,-400.0,NaN,NaN,NaN,NaN
2021-09-18,2021,False,TexasTech,2641,FloridaIntl,2229,54,21,1,20.5,54.0,-1600.0,900.0,NaN,NaN,NaN,NaN
2021-09-18,2021,False,GeorgiaState,2247,Charlotte,2429,20,9,1,4.5,63.0,-185.0,165.0,NaN,NaN,NaN,NaN
2021-09-18,2021,False,PennState,213,Auburn,2,28,20,1,4.0,53.5,-165.0,145.0,10,1005.0,22,233.0
2021-09-18,2021,False,NorthCarolina,153,Virginia,258,59,39,1,7.5,66.5,-310.0,260.0,21,268.0,NaN,NaN
2021-09-18,2021,False,LSU,99,CentralMichigan,2117,49,21,1,19.5,60.5,-1200.0,750.0,NaN,NaN,NaN,NaN
2021-09-18,2021,False,NorthTexas,249,UAB,5,6,40,0,12.0,58.5,375.0,-450.0,NaN,NaN,NaN,NaN
2021-09-18,2021,False,Vanderbilt,238,Stanford,24,23,41,0,13.0,49.0,375.0,-450.0,NaN,NaN,NaN,NaN
2021-09-18,2021,False,Texas,251,Rice,242,58,0,1,26.0,51.5,-5000.0,1500.0,NaN,NaN,NaN,NaN
2021-09-18,2021,False,Mississippi,145,Tulane,2655,61,21,1,14.0,77.5,-600.0,450.0,17,550.0,NaN,NaN
2021-09-18,2021,False,UNLV,2439,IowaState,66,3,48,0,32.0,53.0,3500.0,-10500.0,NaN,NaN,14,593.0
2021-09-18,2021,False,Hawaii,62,SanJoseState,23,13,17,0,8.0,63.0,240.0,-280.0,NaN,NaN,NaN,NaN
2021-09-18,2021,False,Syracuse,183,Albany,399,62,24,1,21.5,41.0,-2000.0,1000.0,NaN,NaN,NaN,NaN
2021-09-18,2021,False,OregonState,204,Idaho,70,42,0,1,28.0,63.0,-10000.0,2000.0,NaN,NaN,NaN,NaN
2021-09-18,2021,False,Akron,2006,Bryant,2803,35,14,1,13.0,49.5,-550.0,425.0,NaN,NaN,NaN,NaN
2021-09-18,2021,False,SouthFlorida,58,FloridaA&M,50,38,17,1,23.0,50.0,-2000.0,1000.0,NaN,NaN,NaN,NaN
2021-09-18,2021,False,NCState,152,Furman,231,45,7,1,27.5,45.0,-9000.0,1900.0,NaN,NaN,NaN,NaN
2021-09-18,2021,False,SouthAlabama,6,AlcornSt,2016,28,21,1,22.5,44.5,-3000.0,1200.0,NaN,NaN,NaN,NaN
2021-09-18,2021,False,ULMonroe,2433,JacksonSt,2296,12,7,1,4.5,52.0,-200.0,175.0,NaN,NaN,NaN,NaN
2021-09-18,2021,False,NewMexicoState,166,SoCarolinaSt,2569,43,35,1,3.5,54.0,-155.0,135.0,NaN,NaN,NaN,NaN
2021-09-18,2021,False,Lehigh,2329,Princeton,163,0,32,0,21.0,43.5,800.0,-1400.0,NaN,NaN,NaN,NaN
2021-09-18,2021,False,Maine,311,Merrimack,2771,31,26,1,13.5,59.5,-600.0,450.0,NaN,NaN,NaN,NaN
2021-09-18,2021,False,CentralConn.,2115,SELouisiana,2545,10,56,0,18.5,65.5,800.0,-1400.0,NaN,NaN,NaN,NaN
2021-09-18,2021,False,St.Francis(PA),2598,Wagner,2681,39,24,1,14.0,43.0,-600.0,450.0,NaN,NaN,NaN,NaN
2021-09-18,2021,False,Georgetown,46,Harvard,108,9,44,0,12.5,45.0,400.0,-500.0,NaN,NaN,NaN,NaN
2021-09-18,2021,False,Lafayette,322,NewHampshire,160,13,19,0,14.0,40.5,450.0,-600.0,NaN,NaN,NaN,NaN
2021-09-18,2021,False,Brown,225,RhodeIsland,227,24,45,0,11.0,62.5,375.0,-450.0,NaN,NaN,NaN,NaN
2021-09-18,2021,False,SacredHeart,2529,MorganSt,2415,21,7,1,15.0,42.0,-900.0,600.0,NaN,NaN,NaN,NaN
2021-09-18,2021,False,Columbia,171,Marist,2368,37,14,1,17.5,49.0,-1100.0,700.0,NaN,NaN,NaN,NaN
2021-09-18,2021,False,Colgate,2142,William&Mary,2729,7,27,0,13.0,35.0,425.0,-550.0,NaN,NaN,NaN,NaN
2021-09-18,2021,False,Cornell,172,VMI,2678,21,31,0,3.5,53.0,170.0,-190.0,NaN,NaN,NaN,NaN
2021-09-18,2021,False,WesternCarolina,2717,Samford,2535,37,42,0,14.0,71.5,500.0,-700.0,NaN,NaN,NaN,NaN
2021-09-18,2021,False,Villanova,222,Richmond,257,34,27,1,11.0,51.0,-450.0,375.0,NaN,NaN,NaN,NaN
2021-09-18,2021,False,WesternIllinois,2710,EastWashington,331,56,62,0,11.0,61.5,330.0,-400.0,NaN,NaN,NaN,NaN
2021-09-18,2021,False,CharlestonSou,2127,Monmouth,2405,14,41,0,3.0,53.5,160.0,-180.0,NaN,NaN,NaN,NaN
2021-09-18,2021,False,Bucknell,2083,Pennsylvania,219,6,30,0,10.0,43.0,300.0,-360.0,NaN,NaN,NaN,NaN
2021-09-18,2021,False,Campbell,2097,Presbyterian,2506,72,0,1,9.5,80.0,-360.0,300.0,NaN,NaN,NaN,NaN
2021-09-18,2021,False,EasternKentucky,2198,IndianaSt,282,21,23,0,2.5,42.5,120.0,-140.0,NaN,NaN,NaN,NaN
2021-09-18,2021,False,JacksonvilleSt,55,NorthAlabama,2453,27,24,1,22.0,44.5,-6000.0,1600.0,NaN,NaN,NaN,NaN
2021-09-18,2021,False,TarletonState,2627,SouthernUtah,253,35,40,0,3.5,50.5,140.0,-160.0,NaN,NaN,NaN,NaN
2021-09-18,2021,False,NorthwesternSt,2466,TennesseeMartin,2630,10,35,0,2.5,51.5,150.0,-170.0,NaN,NaN,NaN,NaN
2021-09-18,2021,False,PrairieView,2504,HoustonBaptist,2277,37,27,1,3.0,56.5,-170.0,150.0,NaN,NaN,NaN,NaN
2021-09-18,2021,False,Southern,2582,McNeeseSt,2377,24,31,0,9.0,53.0,280.0,-340.0,NaN,NaN,NaN,NaN
2021-09-18,2021,False,WeberSt,2692,JamesMadison,256,24,37,0,7.0,55.0,210.0,-250.0,NaN,NaN,NaN,NaN
2021-09-23,2021,False,AppalachianSt,2026,Marshall,276,31,30,1,7.5,59.0,-280.0,240.0,NaN,NaN,NaN,NaN
2021-09-23,2021,False,ArkPineBluff,2029,AlcornSt,2016,38,39,0,5.0,54.5,175.0,-200.0,NaN,NaN,NaN,NaN
2021-09-24,2021,False,Charlotte,2429,MiddleTennSt,2393,42,39,1,2.5,55.5,-140.0,120.0,NaN,NaN,NaN,NaN
2021-09-24,2021,False,Harvard,108,Brown,225,49,17,1,15.5,66.0,-800.0,550.0,NaN,NaN,NaN,NaN
2021-09-25,2021,False,SouthCarolina,2579,Kentucky,96,10,16,0,4.0,49.0,160.0,-180.0,NaN,NaN,NaN,NaN
2021-09-25,2021,False,BallState,2050,Toledo,2649,12,22,0,4.5,56.5,170.0,-190.0,NaN,NaN,NaN,NaN
2021-09-25,2021,False,WesternMichigan,2711,SanJoseState,23,23,3,1,2.5,62.0,-145.0,125.0,NaN,NaN,NaN,NaN
2021-09-25,2021,False,EasternMichigan,2199,TexasState,326,59,21,1,7.5,62.5,-300.0,250.0,NaN,NaN,NaN,NaN
2021-09-25,2021,False,Maryland,120,KentState,2309,37,16,1,13.0,71.5,-450.0,375.0,NaN,NaN,NaN,NaN
2021-09-25,2021,False,Purdue,2509,Illinois,356,13,9,1,10.5,53.5,-400.0,330.0,NaN,NaN,NaN,NaN
2021-09-25,2021,False,CoastalCarolina,324,Massachusetts,113,53,3,1,36.0,66.0,-21000.0,7000.0,17,526.0,NaN,NaN
2021-09-25,2021,False,CentralMichigan,2117,FloridaIntl,2229,31,27,1,12.0,55.5,-450.0,375.0,NaN,NaN,NaN,NaN
2021-09-25,2021,False,Army,349,MiamiOhio,193,23,10,1,7.5,48.5,-310.0,260.0,NaN,NaN,NaN,NaN
2021-09-25,2021,False,OhioState,194,Akron,2006,59,7,1,48.5,66.5,-150000.0,30000.0,10,976.0,NaN,NaN
2021-09-25,2021,False,GeorgiaSouthern,290,ULLafayette,322,20,28,0,14.5,54.5,475.0,-650.0,NaN,NaN,NaN,NaN
2021-09-25,2021,False,UtahState,328,BoiseState,68,3,27,0,9.5,69.5,290.0,-350.0,NaN,NaN,NaN,NaN
2021-09-25,2021,False,Duke,150,Kansas,2305,52,33,1,16.0,57.5,-750.0,525.0,NaN,NaN,NaN,NaN
2021-09-25,2021,False,BostonCollege,103,Missouri,142,41,34,1,1.0,58.5,-110.0,-110.0,NaN,NaN,NaN,NaN
2021-09-25,2021,False,Northwestern,77,Ohio,195,35,6,1,13.5,47.0,-650.0,475.0,NaN,NaN,NaN,NaN
2021-09-25,2021,False,Iowa,2294,ColoradoState,36,24,14,1,23.5,43.5,-3500.0,1300.0,5,1298.0,NaN,NaN
2021-09-25,2021,False,WesternKentucky,98,Indiana,84,31,33,0,9.0,62.5,280.0,-340.0,NaN,NaN,NaN,NaN
2021-09-25,2021,False,AirForce,2005,FloridaAtlantic,2226,31,7,1,3.5,54.0,-165.0,145.0,NaN,NaN,NaN,NaN
2021-09-25,2021,False,Utah,254,WashingtonState,265,24,13,1,15.0,53.0,-700.0,500.0,NaN,NaN,NaN,NaN
2021-09-25,2021,False,NewMexicoState,166,Hawaii,62,21,41,0,17.0,63.0,650.0,-1000.0,NaN,NaN,NaN,NaN
2021-09-25,2021,False,BYU,252,SouthFlorida,58,35,27,1,23.0,54.0,-2000.0,1000.0,15,603.0,NaN,NaN
2021-09-25,2021,False,ArizonaState,9,Colorado,38,35,13,1,14.0,45.5,-600.0,450.0,NaN,NaN,NaN,NaN
2021-09-25,2021,False,Stanford,24,UCLA,26,24,35,0,4.0,60.5,150.0,-170.0,NaN,NaN,24,142.0
2021-09-25,2021,False,OklahomaState,197,KansasState,2306,31,20,1,6.0,47.5,-230.0,195.0,NaN,NaN,25,127.0
2021-09-25,2021,False,Alabama,333,SouthernMiss,2572,63,14,1,45.0,58.0,-90000.0,30000.0,1,1547.0,NaN,NaN
2021-09-25,2021,False,Vanderbilt,238,Georgia,61,0,62,0,36.0,54.5,6000.0,-18000.0,NaN,NaN,2,1491.0
2021-09-25,2021,False,Houston,248,Navy,2426,28,20,1,20.0,47.0,-1400.0,800.0,NaN,NaN,NaN,NaN
2021-09-25,2021,False,Oklahoma,201,WestVirginia,277,16,13,1,17.5,56.5,-900.0,600.0,4,1302.0,NaN,NaN
2021-09-25,2021,False,MississippiState,344,LSU,99,25,28,0,1.5,55.0,100.0,-120.0,NaN,NaN,NaN,NaN
2021-09-25,2021,False,Connecticut,41,Wyoming,2751,22,24,0,31.5,53.5,3000.0,-9000.0,NaN,NaN,NaN,NaN
2021-09-25,2021,False,Texas,251,TexasTech,2641,70,35,1,9.0,62.5,-360.0,300.0,NaN,NaN,NaN,NaN
2021-09-25,2021,False,Florida,57,TennesseeU,2633,38,14,1,19.0,65.0,-1200.0,750.0,11,930.0,NaN,NaN
2021-09-25,2021,False,MichiganState,127,Nebraska,158,23,20,1,3.5,55.0,-165.0,145.0,20,389.0,NaN,NaN
2021-09-25,2021,False,Michigan,130,Rutgers,164,20,13,1,20.0,50.0,-1200.0,750.0,19,456.0,NaN,NaN
2021-09-25,2021,False,Auburn,2,GeorgiaState,2247,34,24,1,27.0,57.5,-8000.0,1800.0,23,166.0,NaN,NaN
2021-09-25,2021,False,Tulsa,202,ArkansasState,2032,41,34,1,14.5,65.0,-600.0,450.0,NaN,NaN,NaN,NaN
2021-09-25,2021,False,OldDominion,295,BuffaloU,2084,34,35,0,13.0,50.5,400.0,-500.0,NaN,NaN,NaN,NaN
2021-09-25,2021,False,LouisianaTech,2348,NorthTexas,249,24,17,1,9.5,65.0,-340.0,280.0,NaN,NaN,NaN,NaN
2021-09-25,2021,False,Washington,264,California,25,31,24,1,7.5,47.5,-300.0,250.0,NaN,NaN,NaN,NaN
2021-09-25,2021,False,Oregon,2483,Arizona,12,41,19,1,30.0,59.0,-6000.0,2000.0,3,1385.0,NaN,NaN
2021-09-25,2021,False,PittsburghU,221,NewHampshire,160,77,7,1,29.0,53.0,-6500.0,2200.0,NaN,NaN,NaN,NaN
2021-09-25,2021,False,VirginiaTech,259,Richmond,257,21,10,1,29.0,50.0,-5000.0,2000.0,NaN,NaN,NaN,NaN
2021-09-25,2021,False,NoIllinois,2459,Maine,311,41,14,1,21.5,62.0,-2500.0,1100.0,NaN,NaN,NaN,NaN
2021-09-25,2021,False,SanDiegoState,21,Towson,119,48,21,1,22.5,41.0,-2000.0,1000.0,NaN,NaN,NaN,NaN
2021-09-25,2021,False,EastCarolina,151,CharlestonSou,2127,31,28,1,24.5,59.5,-3000.0,1200.0,NaN,NaN,NaN,NaN
2021-09-25,2021,False,RobertMorris,2523,Howard,47,22,16,1,10.0,54.0,-380.0,304.0,NaN,NaN,NaN,NaN
2021-09-25,2021,False,Yale,43,Cornell,172,23,17,1,14.5,48.0,-600.0,450.0,NaN,NaN,NaN,NaN
2021-09-25,2021,False,IncarnateWord,2916,McNeeseSt,2377,31,0,1,9.5,68.0,-335.0,271.0,NaN,NaN,NaN,NaN
2021-09-25,2021,False,Colgate,2142,Lehigh,2329,30,3,1,5.5,31.0,-230.0,190.0,NaN,NaN,NaN,NaN
2021-09-25,2021,False,IndianaSt,282,SouthDakotaSt,2571,0,44,0,20.0,47.5,884.0,-1410.0,NaN,NaN,NaN,NaN
2021-09-25,2021,False,Dayton,2168,Presbyterian,2506,63,43,1,13.0,71.5,-485.0,381.0,NaN,NaN,NaN,NaN
2021-09-25,2021,False,Davidson,2166,SanDiego,301,28,16,1,4.5,59.0,-180.0,158.0,NaN,NaN,NaN,NaN
2021-09-25,2021,False,St.ThomasMinn,2900,Butler,2086,36,0,1,9.5,58.5,-355.0,287.0,NaN,NaN,NaN,NaN
2021-09-25,2021,False,Columbia,171,Georgetown,46,35,24,1,14.0,43.5,-550.0,424.0,NaN,NaN,NaN,NaN
2021-09-25,2021,False,Dartmouth,159,SacredHeart,2529,41,3,1,12.5,37.0,-485.0,375.0,NaN,NaN,NaN,NaN
2021-09-25,2021,False,VMI,2678,Wofford,2747,31,23,1,3.0,55.0,-155.0,135.0,NaN,NaN,NaN,NaN
2021-09-25,2021,False,Elon,2210,William&Mary,2729,31,34,0,3.0,40.0,135.0,-155.0,NaN,NaN,NaN,NaN
2021-09-25,2021,False,DelawareSt,2169,Merrimack,2771,10,47,0,8.0,52.5,240.0,-290.0,NaN,NaN,NaN,NaN
2021-09-25,2021,False,TennesseeTech,2635,EasternIllinois,2197,14,28,0,3.5,46.5,155.0,-175.0,NaN,NaN,NaN,NaN
2021-09-25,2021,False,IdahoSt,304,CSSacramento,16,21,23,0,8.0,55.5,247.0,-305.0,NaN,NaN,NaN,NaN
2021-09-25,2021,False,SEMissouriSt,2546,TennesseeSt,2634,47,14,1,13.0,53.5,-485.0,375.0,NaN,NaN,NaN,NaN
2021-09-25,2021,False,SoIllinois,79,IllinoisSt,2287,35,17,1,16.5,50.5,-850.0,574.0,NaN,NaN,NaN,NaN
2021-09-25,2021,False,Samford,2535,EastTennesseeSt,2193,48,55,0,1.0,55.5,100.0,-120.0,NaN,NaN,NaN,NaN
2021-09-25,2021,False,NichollsSt,2447,NorthAlabama,2453,31,14,1,16.5,57.0,-800.0,550.0,NaN,NaN,NaN,NaN
2021-09-25,2021,False,CentralArkansas,2110,SamHoustonSt,2534,35,45,0,10.0,63.5,300.0,-370.0,NaN,NaN,NaN,NaN
2021-09-25,2021,False,PrairieView,2504,Grambling,2755,24,10,1,7.0,43.5,-265.0,221.0,NaN,NaN,NaN,NaN
2021-09-25,2021,False,PortlandSt,2502,MontanaSt,147,17,30,0,12.0,62.5,365.0,-465.0,NaN,NaN,NaN,NaN
2021-09-25,2021,False,N.CarolinaA&T,2448,NCCentral,2428,37,14,1,14.0,48.5,-550.0,424.0,NaN,NaN,NaN,NaN
2021-09-25,2021,False,GardnerWebb,2241,WesternCarolina,2717,52,34,1,3.5,64.5,-170.0,150.0,NaN,NaN,NaN,NaN
2021-09-25,2021,False,Marist,2368,Bryant,2803,17,34,0,8.0,48.5,235.0,-285.0,NaN,NaN,NaN,NaN
2021-09-25,2021,False,Lamar,2320,AbileneChristian,2000,0,56,0,3.0,51.5,138.0,-160.0,NaN,NaN,NaN,NaN
2021-09-25,2021,False,SouthernUtah,253,EastWashington,331,21,50,0,9.5,76.5,282.0,-350.0,NaN,NaN,NaN,NaN
2021-09-26,2021,False,Miss.ValleySt,2400,Southern,2582,25,38,0,15.0,52.5,475.0,-650.0,NaN,NaN,NaN,NaN
2021-09-30,2021,False,PrairieView,2504,ArkPineBluff,2029,27,17,1,6.5,56.0,-260.0,220.0,NaN,NaN,NaN,NaN
2021-10-01,2021,False,Maryland,120,Iowa,2294,14,51,0,3.0,47.5,135.0,-155.0,NaN,NaN,5,1277.0
2021-10-01,2021,False,UtahState,328,BYU,252,20,34,0,8.0,65.5,280.0,-350.0,NaN,NaN,13,748.0
2021-10-01,2021,False,Pennsylvania,219,Dartmouth,159,7,31,0,8.5,46.5,270.0,-340.0,NaN,NaN,NaN,NaN
2021-10-02,2021,False,FloridaState,52,Syracuse,183,33,30,1,5.5,50.5,-210.0,180.0,NaN,NaN,NaN,NaN
2021-10-02,2021,False,NorthCarolina,153,Duke,150,38,7,1,19.5,73.5,-1100.0,700.0,NaN,NaN,NaN,NaN
2021-10-02,2021,False,Clemson,228,BostonCollege,103,19,13,1,15.0,46.5,-700.0,500.0,25,138.0,NaN,NaN
2021-10-02,2021,False,GeorgiaTech,59,PittsburghU,221,21,52,0,3.0,57.5,130.0,-150.0,NaN,NaN,NaN,NaN
2021-10-02,2021,False,NCState,152,LouisianaTech,2348,34,27,1,18.5,56.0,-1000.0,650.0,23,145.0,NaN,NaN
2021-10-02,2021,False,GeorgiaState,2247,AppalachianSt,2026,16,45,0,10.0,54.5,320.0,-380.0,NaN,NaN,NaN,NaN
2021-10-02,2021,False,SouthCarolina,2579,Troy,2653,23,14,1,6.5,43.5,-250.0,210.0,NaN,NaN,NaN,NaN
2021-10-02,2021,False,PennState,213,Indiana,84,24,0,1,12.5,54.0,-500.0,400.0,4,1283.0,NaN,NaN
2021-10-02,2021,False,Massachusetts,113,Toledo,2649,7,45,0,26.5,56.5,1600.0,-6000.0,NaN,NaN,NaN,NaN
2021-10-02,2021,False,Illinois,356,Charlotte,2429,24,14,1,10.0,54.0,-360.0,300.0,NaN,NaN,NaN,NaN
2021-10-02,2021,False,WakeForest,154,Louisville,97,37,34,1,7.0,64.5,-275.0,235.0,24,142.0,NaN,NaN
2021-10-02,2021,False,BuffaloU,2084,WesternMichigan,2711,17,24,0,7.0,59.5,220.0,-260.0,NaN,NaN,NaN,NaN
2021-10-02,2021,False,Rutgers,164,OhioState,194,13,52,0,15.0,58.0,500.0,-700.0,NaN,NaN,11,1005.0
2021-10-02,2021,False,NoIllinois,2459,EasternMichigan,2199,27,20,1,1.0,61.5,-105.0,-115.0,NaN,NaN,NaN,NaN
2021-10-02,2021,False,NewMexico,167,AirForce,2005,10,38,0,11.5,46.0,350.0,-420.0,NaN,NaN,NaN,NaN
2021-10-02,2021,False,Colorado,38,USC,30,14,37,0,9.0,51.0,270.0,-330.0,NaN,NaN,NaN,NaN
2021-10-02,2021,False,NotreDame,87,CincinnatiU,2132,13,24,0,2.0,50.5,125.0,-145.0,9,1076.0,7,1154.0
2021-10-02,2021,False,SanJoseState,23,NewMexicoState,166,37,31,1,25.0,51.5,-4000.0,1400.0,NaN,NaN,NaN,NaN
2021-10-02,2021,False,OregonState,204,Washington,264,27,24,1,2.5,57.5,-130.0,110.0,NaN,NaN,NaN,NaN
2021-10-02,2021,False,KentState,2309,BowlingGreen,189,27,20,1,16.5,56.0,-900.0,600.0,NaN,NaN,NaN,NaN
2021-10-02,2021,False,Alabama,333,Mississippi,145,42,21,1,15.0,79.5,-600.0,450.0,1,1546.0,12,852.0
2021-10-02,2021,False,SMU,2567,SouthFlorida,58,41,17,1,21.0,68.5,-1600.0,900.0,NaN,NaN,NaN,NaN
2021-10-02,2021,False,OklahomaState,197,Baylor,239,24,14,1,3.5,47.0,-180.0,160.0,19,341.0,21,233.0
2021-10-02,2021,False,Georgia,61,Arkansas,8,37,0,1,16.5,48.0,-1000.0,650.0,2,1492.0,8,1094.0
2021-10-02,2021,False,Akron,2006,Ohio,195,17,34,0,9.5,55.0,300.0,-360.0,NaN,NaN,NaN,NaN
2021-10-02,2021,False,TCU,2628,Texas,251,27,32,0,4.0,65.5,170.0,-190.0,NaN,NaN,NaN,NaN
2021-10-02,2021,False,KansasState,2306,Oklahoma,201,31,37,0,12.5,53.0,360.0,-430.0,NaN,NaN,6,1212.0
2021-10-02,2021,False,FloridaAtlantic,2226,FloridaIntl,2229,58,21,1,10.5,51.5,-400.0,330.0,NaN,NaN,NaN,NaN
2021-10-02,2021,False,Vanderbilt,238,Connecticut,41,30,28,1,14.5,51.5,-700.0,500.0,NaN,NaN,NaN,NaN
2021-10-02,2021,False,GeorgiaSouthern,290,ArkansasState,2032,59,33,1,2.0,66.0,-130.0,110.0,NaN,NaN,NaN,NaN
2021-10-02,2021,False,TexSanAntonio,2636,UNLV,2439,24,17,1,21.5,55.5,-1600.0,900.0,NaN,NaN,NaN,NaN
2021-10-02,2021,False,Rice,242,SouthernMiss,2572,24,19,1,1.5,44.5,-120.0,100.0,NaN,NaN,NaN,NaN
2021-10-02,2021,False,SouthAlabama,6,ULLafayette,322,18,20,0,12.0,52.5,375.0,-450.0,NaN,NaN,NaN,NaN
2021-10-02,2021,False,Nebraska,158,Northwestern,77,56,7,1,11.0,51.5,-400.0,330.0,NaN,NaN,NaN,NaN
2021-10-02,2021,False,MichiganState,127,WesternKentucky,98,48,31,1,10.5,66.5,-360.0,300.0,17,581.0,NaN,NaN
2021-10-02,2021,False,UTEP,2638,OldDominion,295,28,21,1,5.5,48.5,-230.0,195.0,NaN,NaN,NaN,NaN
2021-10-02,2021,False,MorganSt,2415,St.Francis(PA),2598,14,27,0,10.0,45.0,285.0,-345.0,NaN,NaN,NaN,NaN
2021-10-02,2021,False,Butler,2086,Drake,2181,3,6,0,12.5,49.5,337.0,-425.0,NaN,NaN,NaN,NaN
2021-10-02,2021,False,RhodeIsland,227,StonyBrook,2619,27,20,1,10.0,51.0,-395.0,317.0,NaN,NaN,NaN,NaN
2021-10-02,2021,False,McNeeseSt,2377,SELouisiana,2545,35,38,0,15.5,63.5,498.0,-700.0,NaN,NaN,NaN,NaN
2021-10-02,2021,False,N.CarolinaA&T,2448,RobertMorris,2523,41,14,1,22.0,47.0,-1655.0,1017.0,NaN,NaN,NaN,NaN
2021-10-02,2021,False,Monmouth,2405,GardnerWebb,2241,54,17,1,11.0,62.0,-395.0,319.0,NaN,NaN,NaN,NaN
2021-10-02,2021,False,Stetson,56,Davidson,2166,28,35,0,14.5,61.0,409.0,-535.0,NaN,NaN,NaN,NaN
2021-10-02,2021,False,Princeton,163,Columbia,171,24,7,1,24.0,52.5,-2360.0,1276.0,NaN,NaN,NaN,NaN
2021-10-02,2021,False,Chattanooga,236,WesternCarolina,2717,45,17,1,23.5,57.5,-2360.0,1274.0,NaN,NaN,NaN,NaN
2021-10-02,2021,False,SoCarolinaSt,2569,BethuneCookman,2065,42,35,1,9.5,65.0,-365.0,295.0,NaN,NaN,NaN,NaN
2021-10-02,2021,False,IllinoisSt,2287,MissouriSt,2623,20,41,0,3.0,46.5,145.0,-165.0,NaN,NaN,NaN,NaN
2021-10-02,2021,False,Hampton,2261,NorfolkSt,2450,44,47,0,9.0,64.5,269.0,-335.0,NaN,NaN,NaN,NaN
2021-10-02,2021,False,Georgetown,46,Colgate,2142,21,28,0,3.0,40.5,120.0,-140.0,NaN,NaN,NaN,NaN
2021-10-02,2021,False,MontanaSt,147,NO.Colorado,2458,40,7,1,22.0,43.5,-1630.0,1010.0,NaN,NaN,NaN,NaN
2021-10-02,2021,False,Delaware,48,Albany,399,20,15,1,10.5,48.0,-375.0,305.0,NaN,NaN,NaN,NaN
2021-10-02,2021,False,SouthDakota,233,IndianaSt,282,38,10,1,14.5,42.5,-600.0,450.0,NaN,NaN,NaN,NaN
2021-10-02,2021,False,KennesawSt,338,JacksonvilleSt,55,31,6,1,3.5,52.5,-155.0,135.0,NaN,NaN,NaN,NaN
2021-10-02,2021,False,EasternKentucky,2198,TarletonState,2627,20,3,1,8.0,50.5,-315.0,257.0,NaN,NaN,NaN,NaN
2021-10-02,2021,False,NorthDakota,155,NoDakotaState,2449,10,16,0,13.0,47.5,397.0,-515.0,NaN,NaN,NaN,NaN
2021-10-02,2021,False,EastTennesseeSt,2193,Wofford,2747,27,21,1,14.0,49.5,-600.0,450.0,NaN,NaN,NaN,NaN
2021-10-02,2021,False,NewHampshire,160,JamesMadison,256,21,23,0,24.0,57.5,1374.0,-2400.0,NaN,NaN,NaN,NaN
2021-10-02,2021,False,Lafayette,322,Fordham,2230,41,42,0,2.5,42.5,113.0,-135.0,NaN,NaN,NaN,NaN
2021-10-02,2021,False,NichollsSt,2447,HoustonBaptist,2277,48,17,1,25.5,62.5,-3005.0,1501.0,NaN,NaN,NaN,NaN
2021-10-02,2021,False,SanDiego,301,St.Thomas-Minn,2900,27,24,1,4.0,43.5,-170.0,150.0,NaN,NaN,NaN,NaN
2021-10-02,2021,False,WesternIllinois,2710,SoIllinois,79,30,31,0,16.5,68.0,563.0,-825.0,NaN,NaN,NaN,NaN
2021-10-02,2021,False,NorthernArizona,2464,IdahoSt,304,48,17,1,4.0,44.5,-185.0,161.0,NaN,NaN,NaN,NaN
2021-10-02,2021,False,StephenF.Austin,2617,SamHoustonSt,2534,20,21,0,13.0,53.5,367.0,-465.0,NaN,NaN,NaN,NaN
2021-10-02,2021,False,NorthernIowa,2460,YoungstownSt,2754,34,7,1,16.0,49.0,-800.0,550.0,NaN,NaN,NaN,NaN
2021-10-02,2021,False,MurraySt,93,EasternIllinois,2197,22,6,1,13.0,42.5,-500.0,386.0,NaN,NaN,NaN,NaN
2021-10-02,2021,False,FloridaA&M,50,AlabamaSt,2011,28,0,1,7.0,43.5,-285.0,235.0,NaN,NaN,NaN,NaN
2021-10-02,2021,False,Mercer,2382,Samford,2535,45,42,1,6.0,68.5,-240.0,200.0,NaN,NaN,NaN,NaN
2021-10-02,2021,False,NorthAlabama,2453,Campbell,2097,31,48,0,3.0,49.5,130.0,-150.0,NaN,NaN,NaN,NaN
2021-10-02,2021,False,NorthwesternSt,2466,IncarnateWord,2916,27,38,0,17.5,59.5,624.0,-950.0,NaN,NaN,NaN,NaN
2021-10-02,2021,False,CalPoly,13,WeberSt,2692,7,38,0,21.0,51.5,949.0,-1505.0,NaN,NaN,NaN,NaN
2021-10-02,2021,False,UCDavis,302,Idaho,70,27,20,1,20.0,57.5,-1270.0,812.0,NaN,NaN,NaN,NaN
2021-10-07,2021,False,Tulane,2655,Houston,248,22,40,0,6.5,60.0,210.0,-250.0,NaN,NaN,NaN,NaN
2021-10-07,2021,False,ArkansasState,2032,CoastalCarolina,324,20,52,0,20.0,74.5,800.0,-1400.0,NaN,NaN,15,694.0
2021-10-08,2021,False,FloridaIntl,2229,Charlotte,2429,33,45,0,3.5,61.0,140.0,-160.0,NaN,NaN,NaN,NaN
2021-10-08,2021,False,ArizonaState,9,Stanford,24,28,10,1,13.5,53.0,-550.0,425.0,22,297.0,NaN,NaN
2021-10-08,2021,False,Howard,47,MorganSt,2415,27,0,1,6.5,51.5,-250.0,210.0,NaN,NaN,NaN,NaN
2021-10-09,2021,False,Rutgers,164,MichiganState,127,13,31,0,4.0,50.0,155.0,-175.0,NaN,NaN,11,852.0
2021-10-09,2021,False,Syracuse,183,WakeForest,154,37,40,0,6.0,59.0,190.0,-220.0,NaN,NaN,19,412.0
2021-10-09,2021,False,CentralFlorida,2116,EastCarolina,151,20,16,1,10.0,65.0,-380.0,320.0,NaN,NaN,NaN,NaN
2021-10-09,2021,False,OhioState,194,Maryland,120,66,17,1,21.5,71.5,-2500.0,1100.0,7,1094.0,NaN,NaN
2021-10-09,2021,False,KentState,2309,BuffaloU,2084,48,38,1,7.0,66.0,-260.0,220.0,NaN,NaN,NaN,NaN
2021-10-09,2021,False,Duke,150,GeorgiaTech,59,27,31,0,4.5,60.5,165.0,-185.0,NaN,NaN,NaN,NaN
2021-10-09,2021,False,Liberty,2335,MiddleTennSt,2393,41,13,1,20.0,59.0,-1400.0,800.0,NaN,NaN,NaN,NaN
2021-10-09,2021,False,AirForce,2005,Wyoming,2751,24,14,1,5.0,46.5,-200.0,175.0,NaN,NaN,NaN,NaN
2021-10-09,2021,False,Marshall,276,OldDominion,295,20,13,1,21.0,62.5,-1600.0,900.0,NaN,NaN,NaN,NaN
2021-10-09,2021,False,ColoradoState,36,SanJoseState,23,32,14,1,3.5,44.5,-165.0,145.0,NaN,NaN,NaN,NaN
2021-10-09,2021,False,TennesseeU,2633,SouthCarolina,2579,45,20,1,11.0,56.5,-400.0,330.0,NaN,NaN,NaN,NaN
2021-10-09,2021,False,Navy,2426,SMU,2567,24,31,0,13.5,57.0,425.0,-550.0,NaN,NaN,24,136.0
2021-10-09,2021,False,TexasTech,2641,TCU,2628,31,52,0,2.5,60.5,110.0,-130.0,NaN,NaN,NaN,NaN
2021-10-09,2021,False,Auburn,2,Georgia,61,10,34,0,14.5,46.0,550.0,-800.0,18,448.0,2,1497.0
2021-10-09,2021,False,Kentucky,96,LSU,99,42,21,1,2.0,50.5,-130.0,110.0,16,662.0,NaN,NaN
2021-10-09,2021,False,Baylor,239,WestVirginia,277,45,20,1,1.0,3.5,-120.0,100.0,NaN,NaN,NaN,NaN
2021-10-09,2021,False,Missouri,142,NorthTexas,249,48,35,1,18.5,69.0,-1100.0,700.0,NaN,NaN,NaN,NaN
2021-10-09,2021,False,UAB,5,FloridaAtlantic,2226,31,14,1,3.5,49.0,-170.0,150.0,NaN,NaN,NaN,NaN
2021-10-09,2021,False,Florida,57,Vanderbilt,238,42,0,1,39.0,60.0,-45000.0,15000.0,20,343.0,NaN,NaN
2021-10-09,2021,False,Tulsa,202,Memphis,235,35,29,1,3.0,60.5,-150.0,130.0,NaN,NaN,NaN,NaN
2021-10-09,2021,False,ULMonroe,2433,GeorgiaState,2247,21,55,0,15.0,49.5,450.0,-600.0,NaN,NaN,NaN,NaN
2021-10-09,2021,False,Illinois,356,Wisconsin,275,0,24,0,12.0,42.0,375.0,-450.0,NaN,NaN,NaN,NaN
2021-10-09,2021,False,Nebraska,158,Michigan,130,29,32,0,2.0,50.0,115.0,-135.0,NaN,NaN,9,1053.0
2021-10-09,2021,False,Troy,2653,GeorgiaSouthern,290,27,24,1,5.5,51.0,-220.0,190.0,NaN,NaN,NaN,NaN
2021-10-09,2021,False,Ohio,195,CentralMichigan,2117,27,30,0,5.0,58.0,180.0,-210.0,NaN,NaN,NaN,NaN
2021-10-09,2021,False,Mississippi,145,Arkansas,8,52,51,1,5.0,66.5,-180.0,160.0,17,601.0,13,745.0
2021-10-09,2021,False,SouthernMiss,2572,UTEP,2638,13,26,0,1.0,46.5,105.0,-125.0,NaN,NaN,NaN,NaN
2021-10-09,2021,False,Iowa,2294,PennState,213,23,20,1,2.5,41.0,-145.0,125.0,3,1381.0,4,1360.0
2021-10-09,2021,False,Arizona,12,UCLA,26,16,34,0,16.0,61.0,550.0,-800.0,NaN,NaN,NaN,NaN
2021-10-09,2021,False,SanDiegoState,21,NewMexico,167,31,7,1,19.5,42.5,-1100.0,700.0,25,111.0,NaN,NaN
2021-10-09,2021,False,Nevada,2440,NewMexicoState,166,55,28,1,28.5,65.0,-12000.0,4000.0,NaN,NaN,NaN,NaN
2021-10-09,2021,False,Maine,311,Elon,2210,23,33,0,1.0,53.5,100.0,-120.0,NaN,NaN,NaN,NaN
2021-10-09,2021,False,Butler,2086,SanDiego,301,21,52,0,7.5,51.0,234.0,-280.0,NaN,NaN,NaN,NaN
2021-10-09,2021,False,Marist,2368,Stetson,56,34,3,1,4.0,61.0,-185.0,161.0,NaN,NaN,NaN,NaN
2021-10-09,2021,False,Duquesne,2184,Bryant,2803,39,34,1,14.5,48.0,-600.0,450.0,NaN,NaN,NaN,NaN
2021-10-09,2021,False,Brown,225,Colgate,2142,31,10,1,3.0,56.0,-170.0,150.0,NaN,NaN,NaN,NaN
2021-10-09,2021,False,Lafayette,322,Bucknell,2083,27,0,1,15.5,38.0,-700.0,500.0,NaN,NaN,NaN,NaN
2021-10-09,2021,False,Pennsylvania,219,Lehigh,2329,20,0,1,21.5,38.5,-1435.0,899.0,NaN,NaN,NaN,NaN
2021-10-09,2021,False,N.CarolinaA&T,2448,NorthAlabama,2453,38,34,1,10.0,54.0,-380.0,308.0,NaN,NaN,NaN,NaN
2021-10-09,2021,False,St.Francis(PA),2598,LongIsland,2341,55,10,1,13.0,48.0,-510.0,398.0,NaN,NaN,NaN,NaN
2021-10-09,2021,False,RhodeIsland,227,Delaware,48,22,15,1,3.0,48.5,-150.0,130.0,NaN,NaN,NaN,NaN
2021-10-09,2021,False,CentralConn.,2115,Columbia,171,20,22,0,10.5,54.0,322.0,-410.0,NaN,NaN,NaN,NaN
2021-10-09,2021,False,Drake,2181,Dayton,2168,10,28,0,3.0,47.5,135.0,-155.0,NaN,NaN,NaN,NaN
2021-10-09,2021,False,Monmouth,2405,Princeton,163,28,31,0,3.0,47.5,140.0,-160.0,NaN,NaN,NaN,NaN
2021-10-09,2021,False,Presbyterian,2506,MoreheadSt,2413,30,38,0,6.0,93.0,182.0,-220.0,NaN,NaN,NaN,NaN
2021-10-09,2021,False,Harvard,108,Cornell,172,24,10,1,24.0,47.5,-2860.0,1438.0,NaN,NaN,NaN,NaN
2021-10-09,2021,False,Fordham,2230,Wagner,2681,56,7,1,25.0,59.0,-3005.0,1477.0,NaN,NaN,NaN,NaN
2021-10-09,2021,False,Dartmouth,159,Yale,43,24,17,1,8.5,43.5,-325.0,263.0,NaN,NaN,NaN,NaN
2021-10-09,2021,False,NCCentral,2428,TennesseeTech,2635,16,27,0,3.5,42.0,140.0,-160.0,NaN,NaN,NaN,NaN
2021-10-09,2021,False,NoDakotaState,2449,NorthernIowa,2460,34,20,1,9.5,35.5,-340.0,274.0,NaN,NaN,NaN,NaN
2021-10-09,2021,False,Hampton,2261,KennesawSt,338,15,34,0,21.0,66.0,875.0,-1395.0,NaN,NaN,NaN,NaN
2021-10-09,2021,False,St.Thomas-Minn,2900,Valparaiso,2674,20,13,1,9.5,47.5,-355.0,285.0,NaN,NaN,NaN,NaN
2021-10-09,2021,False,AlcornSt,2016,Grambling,2755,24,20,1,10.5,42.5,-395.0,319.0,NaN,NaN,NaN,NaN
2021-10-09,2021,False,SouthDakota,233,NorthDakota,155,20,13,1,3.5,43.5,-160.0,142.0,NaN,NaN,NaN,NaN
2021-10-09,2021,False,AlabamaA&M,2010,JacksonSt,2296,15,61,0,3.5,52.5,140.0,-160.0,NaN,NaN,NaN,NaN
2021-10-09,2021,False,TennesseeMartin,2630,MurraySt,93,48,24,1,2.5,46.5,-145.0,123.0,NaN,NaN,NaN,NaN
2021-10-09,2021,False,NO.Colorado,2458,EastWashington,331,17,63,0,19.5,61.5,770.0,-1240.0,NaN,NaN,NaN,NaN
2021-10-09,2021,False,WesternCarolina,2717,Mercer,2382,24,34,0,15.5,71.5,536.0,-770.0,NaN,NaN,NaN,NaN
2021-10-09,2021,False,William&Mary,2729,Albany,399,31,24,1,7.0,42.5,-290.0,240.0,NaN,NaN,NaN,NaN
2021-10-09,2021,False,Towson,119,StonyBrook,2619,21,14,1,6.5,44.5,-245.0,205.0,NaN,NaN,NaN,NaN
2021-10-09,2021,False,EastTennesseeSt,2193,TheCitadel,2643,48,21,1,12.0,58.5,-470.0,364.0,NaN,NaN,NaN,NaN
2021-10-09,2021,False,Idaho,70,PortlandSt,2502,42,35,1,4.5,54.5,-200.0,170.0,NaN,NaN,NaN,NaN
2021-10-09,2021,False,GardnerWebb,2241,Campbell,2097,28,42,0,9.0,67.0,269.0,-335.0,NaN,NaN,NaN,NaN
2021-10-09,2021,False,FloridaA&M,50,SoCarolinaSt,2569,30,7,1,4.5,54.5,-195.0,167.0,NaN,NaN,NaN,NaN
2021-10-09,2021,False,EasternKentucky,2198,AbileneChristian,2000,30,15,1,4.5,50.5,-190.0,162.0,NaN,NaN,NaN,NaN
2021-10-09,2021,False,HoustonBaptist,2277,NorthwesternSt,2466,17,21,0,4.0,59.5,161.0,-185.0,NaN,NaN,NaN,NaN
2021-10-14,2021,False,SouthAlabama,6,GeorgiaSouthern,290,41,14,1,2.5,49.0,-140.0,120.0,NaN,NaN,NaN,NaN
2021-10-14,2021,False,Memphis,235,Navy,2426,35,17,1,11.0,55.0,-410.0,340.0,NaN,NaN,NaN,NaN
2021-10-15,2021,False,Syracuse,183,Clemson,228,14,17,0,13.5,44.0,450.0,-600.0,NaN,NaN,NaN,NaN
2021-10-15,2021,False,NorthTexas,249,Marshall,276,21,49,0,11.0,66.0,330.0,-400.0,NaN,NaN,NaN,NaN
2021-10-15,2021,False,SanJoseState,23,SanDiegoState,21,13,19,0,10.0,41.0,290.0,-350.0,NaN,NaN,24,176.0
2021-10-15,2021,False,Oregon,2483,California,25,24,17,1,13.5,53.5,-500.0,400.0,9,1057.0,NaN,NaN
2021-10-15,2021,False,Cornell,172,Colgate,2142,34,20,1,3.5,36.5,-185.0,165.0,NaN,NaN,NaN,NaN
2021-10-16,2021,False,NoIllinois,2459,BowlingGreen,189,34,26,1,9.0,45.0,-350.0,290.0,NaN,NaN,NaN,NaN
2021-10-16,2021,False,NorthCarolina,153,MiamiFlorida,2390,45,42,1,7.5,63.5,-300.0,250.0,NaN,NaN,NaN,NaN
2021-10-16,2021,False,VirginiaTech,259,PittsburghU,221,7,28,0,6.0,56.0,175.0,-200.0,NaN,NaN,NaN,NaN
2021-10-16,2021,False,Kansas,2305,TexasTech,2641,14,41,0,18.0,67.5,650.0,-1000.0,NaN,NaN,NaN,NaN
2021-10-16,2021,False,Indiana,84,MichiganState,127,15,20,0,3.5,48.5,145.0,-165.0,NaN,NaN,10,992.0
2021-10-16,2021,False,Wisconsin,275,Army,349,20,14,1,14.0,37.5,-600.0,450.0,NaN,NaN,NaN,NaN
2021-10-16,2021,False,BuffaloU,2084,Ohio,195,27,26,1,7.5,54.5,-310.0,260.0,NaN,NaN,NaN,NaN
2021-10-16,2021,False,SouthCarolina,2579,Vanderbilt,238,21,20,1,19.0,50.0,-1100.0,700.0,NaN,NaN,NaN,NaN
2021-10-16,2021,False,SouthFlorida,58,Tulsa,202,31,32,0,7.5,56.0,240.0,-280.0,NaN,NaN,NaN,NaN
2021-10-16,2021,False,BostonCollege,103,NCState,152,7,33,0,3.0,51.0,135.0,-155.0,NaN,NaN,22,265.0
2021-10-16,2021,False,MiamiOhio,193,Akron,2006,34,21,1,20.0,51.0,-1200.0,750.0,NaN,NaN,NaN,NaN
2021-10-16,2021,False,CincinnatiU,2132,CentralFlorida,2116,56,21,1,21.5,56.0,-1600.0,900.0,3,1407.0,NaN,NaN
2021-10-16,2021,False,Virginia,258,Duke,150,48,0,1,10.5,69.5,-400.0,330.0,NaN,NaN,NaN,NaN
2021-10-16,2021,False,EasternMichigan,2199,BallState,2050,31,38,0,1.0,54.5,105.0,-125.0,NaN,NaN,NaN,NaN
2021-10-16,2021,False,NewMexico,167,ColoradoState,36,7,36,0,13.0,44.5,400.0,-500.0,NaN,NaN,NaN,NaN
2021-10-16,2021,False,Colorado,38,Arizona,12,34,0,1,6.0,46.5,-240.0,200.0,NaN,NaN,NaN,NaN
2021-10-16,2021,False,Utah,254,ArizonaState,9,35,21,1,1.0,52.5,-125.0,105.0,NaN,NaN,18,428.0
2021-10-16,2021,False,Wyoming,2751,FresnoState,278,0,17,0,3.0,53.5,140.0,-160.0,NaN,NaN,NaN,NaN
2021-10-16,2021,False,Baylor,239,BYU,252,38,24,1,5.0,52.5,-220.0,190.0,NaN,NaN,19,421.0
2021-10-16,2021,False,Missouri,142,TexasA&M,245,14,35,0,11.5,59.5,350.0,-420.0,NaN,NaN,21,348.0
2021-10-16,2021,False,Oklahoma,201,TCU,2628,52,31,1,12.5,64.5,-470.0,385.0,4,1336.0,NaN,NaN
2021-10-16,2021,False,SouthernMiss,2572,UAB,5,0,34,0,17.0,43.0,550.0,-800.0,NaN,NaN,NaN,NaN
2021-10-16,2021,False,MississippiState,344,Alabama,333,9,49,0,17.0,59.5,650.0,-1000.0,NaN,NaN,5,1286.0
2021-10-16,2021,False,WesternMichigan,2711,KentState,2309,64,31,1,7.0,68.5,-255.0,215.0,NaN,NaN,NaN,NaN
2021-10-16,2021,False,OldDominion,295,WesternKentucky,98,20,43,0,13.5,66.5,400.0,-500.0,NaN,NaN,NaN,NaN
2021-10-16,2021,False,Georgia,61,Kentucky,96,30,13,1,21.5,44.5,-2500.0,1100.0,1,1550.0,11,918.0
2021-10-16,2021,False,TexasState,326,Troy,2653,28,31,0,7.5,48.5,240.0,-280.0,NaN,NaN,NaN,NaN
2021-10-16,2021,False,KansasState,2306,IowaState,66,20,33,0,6.5,51.0,220.0,-260.0,NaN,NaN,NaN,NaN
2021-10-16,2021,False,TexSanAntonio,2636,Rice,242,45,0,1,17.0,53.0,-900.0,600.0,NaN,NaN,NaN,NaN
2021-10-16,2021,False,UNLV,2439,UtahState,328,24,28,0,7.5,64.0,250.0,-300.0,NaN,NaN,NaN,NaN
2021-10-16,2021,False,WashingtonState,265,Stanford,24,34,31,1,1.0,53.0,-115.0,-105.0,NaN,NaN,NaN,NaN
2021-10-16,2021,False,Nevada,2440,Hawaii,62,34,17,1,14.0,62.0,-600.0,450.0,NaN,NaN,NaN,NaN
2021-10-16,2021,False,Bryant,2803,St.Francis(PA),2598,18,17,1,1.0,51.0,-125.0,105.0,NaN,NaN,NaN,NaN
2021-10-16,2021,False,LongIsland,2341,Merrimack,2771,5,43,0,11.0,54.0,333.0,-425.0,NaN,NaN,NaN,NaN
2021-10-16,2021,False,IncarnateWord,2916,NichollsSt,2447,38,21,1,1.0,76.0,-120.0,100.0,NaN,NaN,NaN,NaN
2021-10-16,2021,False,Brown,225,Princeton,163,42,56,0,20.5,58.0,850.0,-1350.0,NaN,NaN,NaN,NaN
2021-10-16,2021,False,BethuneCookman,2065,PrairieView,2504,29,35,0,9.5,55.5,280.0,-350.0,NaN,NaN,NaN,NaN
2021-10-16,2021,False,Stetson,56,St.Thomas-Minn,2900,7,38,0,11.0,48.5,343.0,-435.0,NaN,NaN,NaN,NaN
2021-10-16,2021,False,Fordham,2230,Bucknell,2083,66,21,1,25.5,45.5,-2770.0,1362.0,NaN,NaN,NaN,NaN
2021-10-16,2021,False,WesternIllinois,2710,SouthDakotaSt,2571,17,41,0,24.0,70.0,1227.0,-2185.0,NaN,NaN,NaN,NaN
2021-10-16,2021,False,Harvard,108,Lafayette,322,30,3,1,17.5,43.5,-1130.0,720.0,NaN,NaN,NaN,NaN
2021-10-16,2021,False,SacredHeart,2529,CentralConn.,2115,27,17,1,9.5,38.5,-385.0,315.0,NaN,NaN,NaN,NaN
2021-10-16,2021,False,Wofford,2747,Samford,2535,24,27,0,5.0,72.0,170.0,-200.0,NaN,NaN,NaN,NaN
2021-10-16,2021,False,SoCarolinaSt,2569,MorganSt,2415,38,14,1,18.5,53.0,-1275.0,799.0,NaN,NaN,NaN,NaN
2021-10-16,2021,False,HolyCross,107,Georgetown,46,48,14,1,23.5,49.5,-1795.0,1119.0,NaN,NaN,NaN,NaN
2021-10-16,2021,False,Columbia,171,Pennsylvania,219,23,14,1,2.5,38.5,-135.0,115.0,NaN,NaN,NaN,NaN
2021-10-16,2021,False,Richmond,257,JamesMadison,256,3,19,0,15.0,47.5,500.0,-700.0,NaN,NaN,NaN,NaN
2021-10-16,2021,False,AlabamaA&M,2010,FloridaA&M,50,31,35,0,7.5,55.5,234.0,-280.0,NaN,NaN,NaN,NaN
2021-10-16,2021,False,EastWashington,331,Idaho,70,71,21,1,17.5,78.5,-1050.0,676.0,NaN,NaN,NaN,NaN
2021-10-16,2021,False,ArkPineBluff,2029,Southern,2582,7,34,0,2.0,64.5,110.0,-130.0,NaN,NaN,NaN,NaN
2021-10-16,2021,False,Grambling,2755,TexasSouthern,2640,34,20,1,10.0,53.5,-380.0,310.0,NaN,NaN,NaN,NaN
2021-10-16,2021,False,IllinoisSt,2287,NoDakotaState,2449,0,20,0,20.5,44.0,783.0,-1245.0,NaN,NaN,NaN,NaN
2021-10-16,2021,False,JacksonSt,2296,AlabamaSt,2011,28,7,1,17.0,41.5,-905.0,601.0,NaN,NaN,NaN,NaN
2021-10-16,2021,False,MoreheadSt,2413,Butler,2086,31,8,1,16.0,66.5,-800.0,548.0,NaN,NaN,NaN,NaN
2021-10-16,2021,False,SoIllinois,79,NorthDakota,155,31,28,1,9.0,52.5,-355.0,285.0,NaN,NaN,NaN,NaN
2021-10-16,2021,False,MissouriSt,2623,IndianaSt,282,37,7,1,15.5,54.0,-775.0,537.0,NaN,NaN,NaN,NaN
2021-10-16,2021,False,EasternIllinois,2197,TennesseeMartin,2630,17,28,0,11.5,49.5,343.0,-435.0,NaN,NaN,NaN,NaN
2021-10-16,2021,False,TennesseeSt,2634,TennesseeTech,2635,20,13,1,2.0,45.0,-130.0,110.0,NaN,NaN,NaN,NaN
2021-10-16,2021,False,Albany,399,Villanova,222,10,17,0,13.5,51.5,419.0,-535.0,NaN,NaN,NaN,NaN
2021-10-16,2021,False,Miss.ValleySt,2400,AlcornSt,2016,12,24,0,12.0,47.5,349.0,-445.0,NaN,NaN,NaN,NaN
2021-10-16,2021,False,AbileneChristian,2000,Lamar,2320,24,17,1,16.0,49.5,-750.0,526.0,NaN,NaN,NaN,NaN
2021-10-16,2021,False,NorthernArizona,2464,SouthernUtah,253,59,35,1,9.5,49.5,-360.0,290.0,NaN,NaN,NaN,NaN
2021-10-16,2021,False,NorthwesternSt,2466,McNeeseSt,2377,17,35,0,3.5,45.0,150.0,-170.0,NaN,NaN,NaN,NaN
2021-10-16,2021,False,SanDiego,301,Drake,2181,13,10,1,9.5,41.5,-345.0,275.0,NaN,NaN,NaN,NaN
2021-10-16,2021,False,SELouisiana,2545,HoustonBaptist,2277,61,24,1,32.0,78.5,-10015.0,4001.0,NaN,NaN,NaN,NaN
2021-10-16,2021,False,KennesawSt,338,N.CarolinaA&T,2448,14,0,1,10.5,52.5,-420.0,336.0,NaN,NaN,NaN,NaN
2021-10-16,2021,False,PortlandSt,2502,IdahoSt,304,31,10,1,4.0,58.5,-185.0,161.0,NaN,NaN,NaN,NaN
2021-10-16,2021,False,Furman,231,TheCitadel,2643,24,14,1,10.5,50.5,-390.0,318.0,NaN,NaN,NaN,NaN
2021-10-16,2021,False,CharlestonSou,2127,Hampton,2261,35,5,1,16.5,67.5,-760.0,530.0,NaN,NaN,NaN,NaN
2021-10-16,2021,False,Davidson,2166,Presbyterian,2506,70,35,1,18.5,81.5,-960.0,630.0,NaN,NaN,NaN,NaN
2021-10-16,2021,False,NorthAlabama,2453,RobertMorris,2523,42,31,1,10.5,50.0,-400.0,318.0,NaN,NaN,NaN,NaN
2021-10-16,2021,False,UCDavis,302,NO.Colorado,2458,32,3,1,21.5,42.5,-1505.0,949.0,NaN,NaN,NaN,NaN
2021-10-21,2021,False,SMU,2567,Tulane,2655,55,26,1,14.0,70.5,-490.0,395.0,21,358.0,NaN,NaN
2021-10-21,2021,False,ArkansasState,2032,ULLafayette,322,27,28,0,18.0,70.0,600.0,-900.0,NaN,NaN,NaN,NaN
2021-10-21,2021,False,Charlotte,2429,FloridaAtlantic,2226,9,38,0,6.5,58.0,210.0,-250.0,NaN,NaN,NaN,NaN
2021-10-21,2021,False,UNLV,2439,SanJoseState,23,20,27,0,6.0,44.0,190.0,-220.0,NaN,NaN,NaN,NaN
2021-10-22,2021,False,Connecticut,41,MiddleTennSt,2393,13,44,0,14.0,54.0,475.0,-650.0,NaN,NaN,NaN,NaN
2021-10-22,2021,False,CentralFlorida,2116,Memphis,235,24,7,1,1.5,63.5,-120.0,100.0,NaN,NaN,NaN,NaN
2021-10-22,2021,False,Arizona,12,Washington,264,16,21,0,17.0,46.0,550.0,-800.0,NaN,NaN,NaN,NaN
2021-10-23,2021,False,FloridaState,52,Massachusetts,113,59,3,1,35.0,59.0,-24000.0,8000.0,NaN,NaN,NaN,NaN
2021-10-23,2021,False,GeorgiaState,2247,TexasState,326,28,16,1,10.5,58.0,-400.0,330.0,NaN,NaN,NaN,NaN
2021-10-23,2021,False,Indiana,84,OhioState,194,7,54,0,21.5,59.0,775.0,-1300.0,NaN,NaN,5,1252.0
2021-10-23,2021,False,Akron,2006,BuffaloU,2084,10,45,0,13.5,58.5,400.0,-500.0,NaN,NaN,NaN,NaN
2021-10-23,2021,False,Virginia,258,GeorgiaTech,59,48,40,1,6.5,66.5,-250.0,210.0,NaN,NaN,NaN,NaN
2021-10-23,2021,False,Louisville,97,BostonCollege,103,28,14,1,4.0,57.5,-185.0,165.0,NaN,NaN,NaN,NaN
2021-10-23,2021,False,PittsburghU,221,Clemson,228,27,17,1,3.5,47.0,-165.0,145.0,23,177.0,NaN,NaN
2021-10-23,2021,False,MinnesotaU,135,Maryland,120,34,16,1,4.0,53.0,-175.0,155.0,NaN,NaN,NaN,NaN
2021-10-23,2021,False,Michigan,130,Northwestern,77,33,7,1,23.5,51.0,-3500.0,1300.0,6,1214.0,NaN,NaN
2021-10-23,2021,False,Ohio,195,KentState,2309,27,34,0,5.0,68.5,175.0,-200.0,NaN,NaN,NaN,NaN
2021-10-23,2021,False,Navy,2426,CincinnatiU,2132,20,27,0,29.0,49.0,1800.0,-8000.0,NaN,NaN,2,1483.0
2021-10-23,2021,False,Army,349,WakeForest,154,56,70,0,3.0,53.5,140.0,-160.0,NaN,NaN,16,629.0
2021-10-23,2021,False,SouthFlorida,58,Temple,218,34,14,1,1.5,54.5,-125.0,105.0,NaN,NaN,NaN,NaN
2021-10-23,2021,False,BowlingGreen,189,EasternMichigan,2199,24,55,0,4.0,49.5,160.0,-180.0,NaN,NaN,NaN,NaN
2021-10-23,2021,False,Houston,248,EastCarolina,151,31,24,1,13.5,56.5,-550.0,425.0,NaN,NaN,NaN,NaN
2021-10-23,2021,False,Kansas,2305,Oklahoma,201,23,35,0,38.5,66.5,10000.0,-30000.0,NaN,NaN,3,1434.0
2021-10-23,2021,False,California,25,Colorado,38,26,3,1,8.5,44.0,-310.0,260.0,NaN,NaN,NaN,NaN
2021-10-23,2021,False,WashingtonState,265,BYU,252,19,21,0,3.5,56.5,155.0,-175.0,NaN,NaN,NaN,NaN
2021-10-23,2021,False,IowaState,66,OklahomaState,197,24,21,1,7.5,47.0,-270.0,230.0,NaN,NaN,8,1082.0
2021-10-23,2021,False,Alabama,333,TennesseeU,2633,52,24,1,25.5,68.0,-5000.0,1500.0,4,1393.0,NaN,NaN
2021-10-23,2021,False,TexasA&M,245,SouthCarolina,2579,44,14,1,19.0,46.0,-1600.0,900.0,17,536.0,NaN,NaN
2021-10-23,2021,False,Vanderbilt,238,MississippiState,344,6,45,0,20.5,53.0,900.0,-1600.0,NaN,NaN,NaN,NaN
2021-10-23,2021,False,Purdue,2509,Wisconsin,275,13,30,0,3.5,41.0,135.0,-155.0,25,68.0,NaN,NaN
2021-10-23,2021,False,Mississippi,145,LSU,99,31,17,1,9.0,76.5,-340.0,280.0,12,879.0,NaN,NaN
2021-10-23,2021,False,NorthTexas,249,Liberty,2335,26,35,0,21.5,61.0,900.0,-1600.0,NaN,NaN,NaN,NaN
2021-10-23,2021,False,LouisianaTech,2348,TexSanAntonio,2636,16,45,0,5.5,59.5,180.0,-210.0,NaN,NaN,24,104.0
2021-10-23,2021,False,FloridaIntl,2229,WesternKentucky,98,19,34,0,16.5,78.0,525.0,-750.0,NaN,NaN,NaN,NaN
2021-10-23,2021,False,NotreDame,87,USC,30,31,16,1,8.0,59.5,-300.0,250.0,13,763.0,NaN,NaN
2021-10-23,2021,False,FresnoState,278,Nevada,2440,34,32,1,3.5,64.5,-170.0,150.0,NaN,NaN,NaN,NaN
2021-10-23,2021,False,Hawaii,62,NewMexicoState,166,48,34,1,19.0,64.0,-1100.0,700.0,NaN,NaN,NaN,NaN
2021-10-23,2021,False,Marist,2368,MoreheadSt,2413,24,27,0,3.5,58.5,150.0,-170.0,NaN,NaN,NaN,NaN
2021-10-23,2021,False,Wagner,2681,Bryant,2803,10,31,0,13.0,52.5,386.0,-500.0,NaN,NaN,NaN,NaN
2021-10-23,2021,False,Yale,43,Pennsylvania,219,42,28,1,15.0,38.0,-650.0,474.0,NaN,NaN,NaN,NaN
2021-10-23,2021,False,Butler,2086,Davidson,2166,35,49,0,18.5,58.5,648.0,-1000.0,NaN,NaN,NaN,NaN
2021-10-23,2021,False,Samford,2535,Chattanooga,236,13,55,0,3.0,64.0,130.0,-150.0,NaN,NaN,NaN,NaN
2021-10-23,2021,False,Bucknell,2083,Georgetown,46,21,29,0,3.0,45.5,135.0,-155.0,NaN,NaN,NaN,NaN
2021-10-23,2021,False,MorganSt,2415,NCCentral,2428,17,28,0,5.0,42.5,170.0,-200.0,NaN,NaN,NaN,NaN
2021-10-23,2021,False,Presbyterian,2506,SanDiego,301,28,69,0,14.0,83.0,424.0,-550.0,NaN,NaN,NaN,NaN
2021-10-23,2021,False,Howard,47,NorfolkSt,2450,31,45,0,6.5,61.0,224.0,-270.0,NaN,NaN,NaN,NaN
2021-10-23,2021,False,Elon,2210,NewHampshire,160,24,10,1,2.5,48.0,-130.0,110.0,NaN,NaN,NaN,NaN
2021-10-23,2021,False,Princeton,163,Harvard,108,18,16,1,6.0,53.5,-220.0,180.0,NaN,NaN,NaN,NaN
2021-10-23,2021,False,GardnerWebb,2241,RobertMorris,2523,28,17,1,5.5,61.5,-220.0,180.0,NaN,NaN,NaN,NaN
2021-10-23,2021,False,JacksonSt,2296,BethuneCookman,2065,42,12,1,19.5,51.0,-1320.0,820.0,NaN,NaN,NaN,NaN
2021-10-23,2021,False,DelawareSt,2169,SoCarolinaSt,2569,7,13,0,10.5,53.0,316.0,-390.0,NaN,NaN,NaN,NaN
2021-10-23,2021,False,Furman,231,EastTennesseeSt,2193,13,17,0,3.0,44.5,130.0,-150.0,NaN,NaN,NaN,NaN
2021-10-23,2021,False,TennesseeMartin,2630,SEMissouriSt,2546,38,30,1,10.0,62.0,-365.0,295.0,NaN,NaN,NaN,NaN
2021-10-23,2021,False,NorthDakota,155,WesternIllinois,2710,34,10,1,14.5,58.0,-600.0,450.0,NaN,NaN,NaN,NaN
2021-10-23,2021,False,MontanaSt,147,IdahoSt,304,27,9,1,24.5,49.5,-2405.0,1299.0,NaN,NaN,NaN,NaN
2021-10-23,2021,False,SamHoustonSt,2534,JacksonvilleSt,55,42,7,1,17.5,55.0,-950.0,624.0,NaN,NaN,NaN,NaN
2021-10-23,2021,False,Delaware,48,JamesMadison,256,10,22,0,17.0,46.5,600.0,-900.0,NaN,NaN,NaN,NaN
2021-10-23,2021,False,Villanova,222,RhodeIsland,227,44,0,1,14.0,51.0,-540.0,412.0,NaN,NaN,NaN,NaN
2021-10-23,2021,False,NoDakotaState,2449,MissouriSt,2623,27,20,1,13.0,48.0,-500.0,400.0,NaN,NaN,NaN,NaN
2021-10-23,2021,False,Miss.ValleySt,2400,FloridaA&M,50,28,31,0,17.5,42.0,600.0,-900.0,NaN,NaN,NaN,NaN
2021-10-23,2021,False,Campbell,2097,KennesawSt,338,7,30,0,7.0,48.5,216.0,-260.0,NaN,NaN,NaN,NaN
2021-10-23,2021,False,NorthwesternSt,2466,SELouisiana,2545,14,51,0,21.5,70.0,800.0,-1250.0,NaN,NaN,NaN,NaN
2021-10-23,2021,False,HolyCross,107,Colgate,2142,42,10,1,20.0,46.0,-1250.0,800.0,NaN,NaN,NaN,NaN
2021-10-23,2021,False,Mercer,2382,Wofford,2747,45,14,1,7.5,55.0,-300.0,250.0,NaN,NaN,NaN,NaN
2021-10-23,2021,False,Lamar,2320,CentralArkansas,2110,38,49,0,17.5,62.0,574.0,-850.0,NaN,NaN,NaN,NaN
2021-10-23,2021,False,HoustonBaptist,2277,NichollsSt,2447,14,44,0,21.0,65.0,924.0,-1400.0,NaN,NaN,NaN,NaN
2021-10-23,2021,False,Idaho,70,Montana,149,14,34,0,13.5,55.0,401.0,-515.0,NaN,NaN,NaN,NaN
2021-10-23,2021,False,TexasSouthern,2640,AlcornSt,2016,27,44,0,9.5,58.5,282.0,-350.0,NaN,NaN,NaN,NaN
2021-10-23,2021,False,CalPoly,13,UCDavis,302,13,24,0,21.5,54.0,982.0,-1580.0,NaN,NaN,NaN,NaN
2021-10-23,2021,False,CSSacramento,16,NorthernArizona,2464,44,0,1,7.5,54.5,-270.0,224.0,NaN,NaN,NaN,NaN
2021-10-23,2021,False,DixieState,3101,StephenF.Austin,2617,20,37,0,18.0,53.5,674.0,-1050.0,NaN,NaN,NaN,NaN
2021-10-28,2021,False,CoastalCarolina,324,Troy,2653,35,28,1,17.0,50.0,-1000.0,650.0,24,132.0,NaN,NaN
2021-10-28,2021,False,EastCarolina,151,SouthFlorida,58,29,14,1,9.5,55.5,-370.0,310.0,NaN,NaN,NaN,NaN
2021-10-29,2021,False,Nevada,2440,UNLV,2439,51,20,1,18.0,58.0,-1300.0,775.0,NaN,NaN,NaN,NaN
2021-10-29,2021,False,Cornell,172,Princeton,163,16,34,0,18.5,46.5,575.0,-850.0,NaN,NaN,NaN,NaN
2021-10-30,2021,False,Wisconsin,275,Iowa,2294,27,7,1,3.0,35.5,-150.0,130.0,NaN,NaN,9,1035.0
2021-10-30,2021,False,WakeForest,154,Duke,150,45,7,1,16.0,71.5,-750.0,525.0,13,801.0,NaN,NaN
2021-10-30,2021,False,NCState,152,Louisville,97,28,13,1,6.0,57.0,-220.0,190.0,NaN,NaN,NaN,NaN
2021-10-30,2021,False,Syracuse,183,BostonCollege,103,21,6,1,6.5,51.5,-260.0,220.0,NaN,NaN,NaN,NaN
2021-10-30,2021,False,GeorgiaSouthern,290,GeorgiaState,2247,14,21,0,6.0,55.0,180.0,-210.0,NaN,NaN,NaN,NaN
2021-10-30,2021,False,Maryland,120,Indiana,84,38,35,1,4.0,48.0,-165.0,145.0,NaN,NaN,NaN,NaN
2021-10-30,2021,False,FloridaAtlantic,2226,UTEP,2638,28,25,1,11.0,49.0,-420.0,350.0,NaN,NaN,NaN,NaN
2021-10-30,2021,False,Illinois,356,Rutgers,164,14,20,0,1.5,41.5,105.0,-125.0,NaN,NaN,NaN,NaN
2021-10-30,2021,False,Northwestern,77,MinnesotaU,135,14,41,0,7.5,43.5,250.0,-300.0,NaN,NaN,NaN,NaN
2021-10-30,2021,False,Temple,218,CentralFlorida,2116,7,49,0,12.0,52.5,375.0,-450.0,NaN,NaN,NaN,NaN
2021-10-30,2021,False,Clemson,228,FloridaState,52,30,20,1,9.5,47.5,-370.0,310.0,NaN,NaN,NaN,NaN
2021-10-30,2021,False,Liberty,2335,Massachusetts,113,62,17,1,35.5,56.5,-20000.0,7000.0,NaN,NaN,NaN,NaN
2021-10-30,2021,False,UtahState,328,Hawaii,62,51,31,1,4.0,66.0,-180.0,160.0,NaN,NaN,NaN,NaN
2021-10-30,2021,False,BYU,252,Virginia,258,66,49,1,1.5,67.0,-125.0,105.0,25,44.0,NaN,NaN
2021-10-30,2021,False,Utah,254,UCLA,26,44,24,1,6.5,60.0,-255.0,215.0,NaN,NaN,NaN,NaN
2021-10-30,2021,False,USC,30,Arizona,12,41,34,1,21.5,55.5,-1500.0,850.0,NaN,NaN,NaN,NaN
2021-10-30,2021,False,SanJoseState,23,Wyoming,2751,27,21,1,3.0,40.5,-150.0,130.0,NaN,NaN,NaN,NaN
2021-10-30,2021,False,Oregon,2483,Colorado,38,52,29,1,24.5,49.5,-4000.0,1400.0,7,1165.0,NaN,NaN
2021-10-30,2021,False,Marshall,276,FloridaIntl,2229,38,0,1,21.5,64.0,-1600.0,900.0,NaN,NaN,NaN,NaN
2021-10-30,2021,False,OklahomaState,197,Kansas,2305,55,3,1,28.5,54.5,-7500.0,2500.0,15,682.0,NaN,NaN
2021-10-30,2021,False,ULLafayette,322,TexasState,326,45,0,1,21.0,58.0,-1500.0,850.0,NaN,NaN,NaN,NaN
2021-10-30,2021,False,MiddleTennSt,2393,SouthernMiss,2572,35,10,1,13.0,47.0,-500.0,400.0,NaN,NaN,NaN,NaN
2021-10-30,2021,False,Vanderbilt,238,Missouri,142,28,37,0,16.0,62.0,550.0,-800.0,NaN,NaN,NaN,NaN
2021-10-30,2021,False,KansasState,2306,TCU,2628,31,12,1,3.5,58.5,-170.0,150.0,NaN,NaN,NaN,NaN
2021-10-30,2021,False,MississippiState,344,Kentucky,96,31,17,1,1.5,47.5,-110.0,-110.0,NaN,NaN,12,849.0
2021-10-30,2021,False,Oklahoma,201,TexasTech,2641,52,21,1,18.5,67.0,-1100.0,700.0,4,1383.0,NaN,NaN
2021-10-30,2021,False,OhioState,194,PennState,213,33,24,1,18.5,61.0,-1100.0,700.0,5,1311.0,20,471.0
2021-10-30,2021,False,Houston,248,SMU,2567,44,37,1,61.5,1.0,-115.0,-105.0,NaN,NaN,19,473.0
2021-10-30,2021,False,Baylor,239,Texas,251,31,24,1,2.0,61.5,-130.0,110.0,16,513.0,NaN,NaN
2021-10-30,2021,False,Auburn,2,Mississippi,145,31,20,1,3.0,67.5,-150.0,130.0,18,481.0,10,1034.0
2021-10-30,2021,False,Florida,57,Georgia,61,7,34,0,14.0,51.0,450.0,-600.0,NaN,NaN,1,1575.0
2021-10-30,2021,False,Tulane,2655,CincinnatiU,2132,12,31,0,27.5,61.5,2000.0,-10000.0,NaN,NaN,2,1477.0
2021-10-30,2021,False,AppalachianSt,2026,ULMonroe,2433,59,28,1,27.0,58.0,-8000.0,1800.0,NaN,NaN,NaN,NaN
2021-10-30,2021,False,SouthAlabama,6,ArkansasState,2032,31,13,1,9.0,66.0,-350.0,290.0,NaN,NaN,NaN,NaN
2021-10-30,2021,False,WesternKentucky,98,Charlotte,2429,45,13,1,19.5,71.5,-1200.0,750.0,NaN,NaN,NaN,NaN
2021-10-30,2021,False,ColoradoState,36,BoiseState,68,19,28,0,2.0,51.5,110.0,-130.0,NaN,NaN,NaN,NaN
2021-10-30,2021,False,NotreDame,87,NorthCarolina,153,44,34,1,3.5,62.5,-170.0,150.0,11,922.0,NaN,NaN
2021-10-30,2021,False,SanDiegoState,21,FresnoState,278,20,30,0,2.5,44.0,110.0,-130.0,21,390.0,NaN,NaN
2021-10-30,2021,False,RobertMorris,2523,Hampton,2261,38,35,1,2.5,57.0,-135.0,115.0,NaN,NaN,NaN,NaN
2021-10-30,2021,False,Yale,43,Columbia,171,37,30,1,8.5,35.5,-330.0,255.0,NaN,NaN,NaN,NaN
2021-10-30,2021,False,Georgetown,46,Lafayette,322,23,24,0,11.5,42.5,320.0,-430.0,NaN,NaN,NaN,NaN
2021-10-30,2021,False,LongIsland,2341,Wagner,2681,28,14,1,7.0,50.0,-270.0,215.0,NaN,NaN,NaN,NaN
2021-10-30,2021,False,Pennsylvania,219,Brown,225,45,17,1,3.0,65.5,-150.0,130.0,NaN,NaN,NaN,NaN
2021-10-30,2021,False,Dayton,2168,Butler,2086,38,31,1,16.5,60.5,-850.0,580.0,NaN,NaN,NaN,NaN
2021-10-30,2021,False,KennesawSt,338,GardnerWebb,2241,34,30,1,23.0,53.0,-1850.0,1050.0,NaN,NaN,NaN,NaN
2021-10-30,2021,False,Delaware,48,DixieState,3101,17,10,1,22.0,49.0,-1950.0,1100.0,NaN,NaN,NaN,NaN
2021-10-30,2021,False,CharlestonSou,2127,Campbell,2097,27,14,1,4.5,56.0,-190.0,160.0,NaN,NaN,NaN,NaN
2021-10-30,2021,False,Colgate,2142,Bucknell,2083,33,10,1,9.5,39.0,-340.0,260.0,NaN,NaN,NaN,NaN
2021-10-30,2021,False,NewHampshire,160,Richmond,257,21,35,0,3.5,38.5,140.0,-165.0,NaN,NaN,NaN,NaN
2021-10-30,2021,False,Chattanooga,236,Furman,231,13,3,1,10.0,38.0,-390.0,295.0,NaN,NaN,NaN,NaN
2021-10-30,2021,False,VMI,2678,Samford,2535,46,45,1,6.5,72.5,-255.0,200.0,NaN,NaN,NaN,NaN
2021-10-30,2021,False,MoreheadSt,2413,Davidson,2166,22,29,0,3.5,72.0,145.0,-170.0,NaN,NaN,NaN,NaN
2021-10-30,2021,False,YoungstownSt,2754,SouthDakotaSt,2571,16,47,0,18.5,64.5,670.0,-1025.0,NaN,NaN,NaN,NaN
2021-10-30,2021,False,St.Thomas-Minn,2900,Marist,2368,27,7,1,13.0,41.0,-500.0,370.0,NaN,NaN,NaN,NaN
2021-10-30,2021,False,TheCitadel,2643,Mercer,2382,7,34,0,7.5,61.5,240.0,-310.0,NaN,NaN,NaN,NaN
2021-10-30,2021,False,Towson,119,Albany,399,38,24,1,6.0,40.0,-260.0,205.0,NaN,NaN,NaN,NaN
2021-10-30,2021,False,NCCentral,2428,SoCarolinaSt,2569,24,27,0,5.0,49.5,170.0,-200.0,NaN,NaN,NaN,NaN
2021-10-30,2021,False,SEMissouriSt,2546,EasternIllinois,2197,38,15,1,16.5,49.0,-775.0,540.0,NaN,NaN,NaN,NaN
2021-10-30,2021,False,TennesseeMartin,2630,AustinPeay,2046,17,16,1,4.0,64.0,-190.0,160.0,NaN,NaN,NaN,NaN
2021-10-30,2021,False,IdahoSt,304,WeberSt,2692,17,40,0,14.5,43.5,430.0,-600.0,NaN,NaN,NaN,NaN
2021-10-30,2021,False,MissouriSt,2623,NorthDakota,155,32,28,1,3.5,50.0,-170.0,145.0,NaN,NaN,NaN,NaN
2021-10-30,2021,False,NO.Colorado,2458,CSSacramento,16,24,27,0,18.5,43.0,650.0,-975.0,NaN,NaN,NaN,NaN
2021-10-30,2021,False,TexasSouthern,2640,ArkPineBluff,2029,59,17,1,2.0,64.5,-130.0,110.0,NaN,NaN,NaN,NaN
2021-10-30,2021,False,AlabamaA&M,2010,AlabamaSt,2011,42,28,1,2.5,62.0,-135.0,115.0,NaN,NaN,NaN,NaN
2021-10-30,2021,False,FloridaA&M,50,Grambling,2755,26,3,1,12.5,41.0,-480.0,360.0,NaN,NaN,NaN,NaN
2021-10-30,2021,False,SanDiego,301,Valparaiso,2674,21,14,1,8.5,51.0,-330.0,255.0,NaN,NaN,NaN,NaN
2021-10-30,2021,False,NorthernIowa,2460,SoIllinois,79,23,16,1,3.0,54.5,-150.0,130.0,NaN,NaN,NaN,NaN
2021-10-30,2021,False,StephenF.Austin,2617,AbileneChristian,2000,41,27,1,12.5,49.0,-470.0,350.0,NaN,NaN,NaN,NaN
2021-10-30,2021,False,PortlandSt,2502,CalPoly,13,42,21,1,14.5,56.5,-640.0,460.0,NaN,NaN,NaN,NaN
2021-10-30,2021,False,TennesseeSt,2634,MurraySt,93,27,21,1,41.0,3.5,-165.0,140.0,NaN,NaN,NaN,NaN
2021-10-30,2021,False,Southern,2582,AlcornSt,2016,38,35,1,1.0,57.5,-105.0,-115.0,NaN,NaN,NaN,NaN
2021-10-30,2021,False,SELouisiana,2545,McNeeseSt,2377,23,20,1,16.0,69.5,-750.0,530.0,NaN,NaN,NaN,NaN
2021-10-30,2021,False,TarletonState,2627,SamHoustonSt,2534,27,45,0,23.5,50.0,1375.0,-2800.0,NaN,NaN,NaN,NaN
2021-11-02,2021,False,Akron,2006,BallState,2050,25,31,0,20.0,58.0,800.0,-1400.0,NaN,NaN,NaN,NaN
2021-11-03,2021,False,KentState,2309,NoIllinois,2459,52,47,1,3.0,72.5,-170.0,150.0,NaN,NaN,NaN,NaN
2021-11-04,2021,False,ULLafayette,322,GeorgiaState,2247,21,17,1,13.5,53.5,-550.0,425.0,NaN,NaN,NaN,NaN
2021-11-05,2021,False,BostonCollege,103,VirginiaTech,259,17,3,1,51.0,1.0,-110.0,-110.0,NaN,NaN,NaN,NaN
2021-11-05,2021,False,Stanford,24,Utah,254,7,52,0,10.5,51.5,330.0,-400.0,NaN,NaN,NaN,NaN
2021-11-06,2021,False,Duke,150,PittsburghU,221,29,54,0,21.0,64.5,900.0,-1600.0,NaN,NaN,NaN,NaN
2021-11-06,2021,False,FloridaState,52,NCState,152,14,28,0,3.0,55.0,130.0,-150.0,NaN,NaN,NaN,NaN
2021-11-06,2021,False,MiamiFlorida,2390,GeorgiaTech,59,33,30,1,10.0,63.0,-360.0,300.0,NaN,NaN,NaN,NaN
2021-11-06,2021,False,Rutgers,164,Wisconsin,275,3,52,0,13.0,37.5,400.0,-500.0,NaN,NaN,NaN,NaN
2021-11-06,2021,False,Louisville,97,Clemson,228,24,30,0,3.5,46.0,150.0,-170.0,NaN,NaN,NaN,NaN
2021-11-06,2021,False,UAB,5,LouisianaTech,2348,52,38,1,14.0,49.5,-600.0,450.0,NaN,NaN,NaN,NaN
2021-11-06,2021,False,Northwestern,77,Iowa,2294,12,17,0,11.5,40.5,400.0,-500.0,NaN,NaN,19,342.0
2021-11-06,2021,False,SouthFlorida,58,Houston,248,42,54,0,13.5,53.0,425.0,-550.0,NaN,NaN,20,338.0
2021-11-06,2021,False,Michigan,130,Indiana,84,29,7,1,20.5,51.0,-1600.0,900.0,9,1048.0,NaN,NaN
2021-11-06,2021,False,NorthCarolina,153,WakeForest,154,58,55,1,2.5,78.0,-145.0,125.0,NaN,NaN,10,1025.0
2021-11-06,2021,False,GeorgiaSouthern,290,CoastalCarolina,324,8,28,0,16.0,56.5,550.0,-800.0,NaN,NaN,21,237.0
2021-11-06,2021,False,CentralFlorida,2116,Tulane,2655,14,10,1,12.5,57.0,-550.0,425.0,NaN,NaN,NaN,NaN
2021-11-06,2021,False,CincinnatiU,2132,Tulsa,202,28,20,1,22.5,56.5,-2500.0,1100.0,2,1455.0,NaN,NaN
2021-11-06,2021,False,Kansas,2305,KansasState,2306,10,35,0,24.0,56.0,1100.0,-2500.0,NaN,NaN,NaN,NaN
2021-11-06,2021,False,EastCarolina,151,Temple,218,45,3,1,15.5,52.0,-700.0,500.0,NaN,NaN,NaN,NaN
2021-11-06,2021,False,Mississippi,145,Liberty,2335,27,14,1,7.5,67.0,-300.0,250.0,15,678.0,NaN,NaN
2021-11-06,2021,False,Maryland,120,PennState,213,14,31,0,10.0,56.5,320.0,-380.0,NaN,NaN,22,182.0
2021-11-06,2021,False,NewMexicoState,166,UtahState,328,13,35,0,18.5,72.0,650.0,-1000.0,NaN,NaN,NaN,NaN
2021-11-06,2021,False,ArizonaState,9,USC,30,31,16,1,9.5,62.0,-350.0,290.0,NaN,NaN,NaN,NaN
2021-11-06,2021,False,SouthernMiss,2572,NorthTexas,249,14,38,0,5.5,49.0,180.0,-210.0,NaN,NaN,NaN,NaN
2021-11-06,2021,False,ArkansasState,2032,AppalachianSt,2026,14,48,0,21.5,68.0,900.0,-1600.0,NaN,NaN,NaN,NaN
2021-11-06,2021,False,Nebraska,158,OhioState,194,17,26,0,14.0,68.5,550.0,-800.0,NaN,NaN,6,1296.0
2021-11-06,2021,False,Arkansas,8,MississippiState,344,31,28,1,4.0,53.5,-185.0,165.0,NaN,NaN,NaN,NaN
2021-11-06,2021,False,NotreDame,87,Navy,2426,34,6,1,21.0,47.5,-1500.0,850.0,8,1067.0,NaN,NaN
2021-11-06,2021,False,Troy,2653,SouthAlabama,6,31,24,1,4.0,48.0,-170.0,150.0,NaN,NaN,NaN,NaN
2021-11-06,2021,False,Charlotte,2429,Rice,242,31,24,1,6.5,52.5,-240.0,200.0,NaN,NaN,NaN,NaN
2021-11-06,2021,False,WestVirginia,277,OklahomaState,197,3,24,0,3.5,48.5,145.0,-165.0,NaN,NaN,11,915.0
2021-11-06,2021,False,TexasState,326,ULMonroe,2433,27,19,1,3.0,57.5,-140.0,120.0,NaN,NaN,NaN,NaN
2021-11-06,2021,False,IowaState,66,Texas,251,30,7,1,6.0,59.5,-240.0,200.0,NaN,NaN,NaN,NaN
2021-11-06,2021,False,TexasA&M,245,Auburn,2,20,3,1,4.5,49.5,-200.0,175.0,13,847.0,12,853.0
2021-11-06,2021,False,WesternKentucky,98,MiddleTennSt,2393,48,21,1,17.5,66.5,-900.0,600.0,NaN,NaN,NaN,NaN
2021-11-06,2021,False,Washington,264,Oregon,2483,16,26,0,7.0,48.0,220.0,-260.0,NaN,NaN,7,1233.0
2021-11-06,2021,False,UTEP,2638,TexSanAntonio,2636,23,44,0,11.5,53.5,350.0,-420.0,NaN,NaN,16,460.0
2021-11-06,2021,False,FloridaAtlantic,2226,Marshall,276,13,28,0,1.5,58.0,100.0,-120.0,NaN,NaN,NaN,NaN
2021-11-06,2021,False,FloridaIntl,2229,OldDominion,295,24,47,0,3.0,50.0,125.0,-145.0,NaN,NaN,NaN,NaN
2021-11-06,2021,False,Alabama,333,LSU,99,20,14,1,29.5,67.0,-8000.0,1800.0,3,1413.0,NaN,NaN
2021-11-06,2021,False,Nevada,2440,SanJoseState,23,27,24,1,11.5,55.5,-420.0,350.0,NaN,NaN,NaN,NaN
2021-11-06,2021,False,Hawaii,62,SanDiegoState,21,10,17,0,7.5,45.5,240.0,-280.0,NaN,NaN,NaN,NaN
2021-11-06,2021,False,Marist,2368,Drake,2181,7,0,1,3.0,38.0,-160.0,135.0,NaN,NaN,NaN,NaN
2021-11-06,2021,False,Wagner,2681,Merrimack,2771,26,35,0,15.5,51.5,480.0,-680.0,NaN,NaN,NaN,NaN
2021-11-06,2021,False,St.Francis(PA),2598,SacredHeart,2529,13,14,0,1.0,32.5,100.0,-120.0,NaN,NaN,NaN,NaN
2021-11-06,2021,False,HolyCross,107,Lafayette,322,35,10,1,13.5,45.5,-530.0,390.0,NaN,NaN,NaN,NaN
2021-11-06,2021,False,Brown,225,Yale,43,38,63,0,12.5,67.5,360.0,-490.0,NaN,NaN,NaN,NaN
2021-11-06,2021,False,Georgetown,46,Fordham,2230,20,41,0,14.5,59.0,430.0,-600.0,NaN,NaN,NaN,NaN
2021-11-06,2021,False,Davidson,2166,St.Thomas-Minn,2900,42,15,1,3.5,51.0,-185.0,155.0,NaN,NaN,NaN,NaN
2021-11-06,2021,False,EastTennesseeSt,2193,VMI,2678,27,20,1,7.0,59.0,-280.0,220.0,NaN,NaN,NaN,NaN
2021-11-06,2021,False,Stetson,56,Dayton,2168,13,41,0,6.5,59.0,200.0,-255.0,NaN,NaN,NaN,NaN
2021-11-06,2021,False,LongIsland,2341,Duquesne,2184,28,34,0,11.0,49.5,310.0,-410.0,NaN,NaN,NaN,NaN
2021-11-06,2021,False,NorthDakota,155,YoungstownSt,2754,24,21,1,17.0,56.5,-850.0,580.0,NaN,NaN,NaN,NaN
2021-11-06,2021,False,McNeeseSt,2377,NichollsSt,2447,14,24,0,5.5,54.5,170.0,-215.0,NaN,NaN,NaN,NaN
2021-11-06,2021,False,WesternIllinois,2710,SouthDakota,233,21,42,0,10.5,55.5,310.0,-400.0,NaN,NaN,NaN,NaN
2021-11-06,2021,False,Albany,399,NewHampshire,160,20,7,1,3.0,43.5,-150.0,130.0,NaN,NaN,NaN,NaN
2021-11-06,2021,False,Columbia,171,Harvard,108,21,49,0,9.5,39.5,265.0,-350.0,NaN,NaN,NaN,NaN
2021-11-06,2021,False,Wofford,2747,Chattanooga,236,10,35,0,18.5,48.0,650.0,-975.0,NaN,NaN,NaN,NaN
2021-11-06,2021,False,Richmond,257,Towson,119,28,17,1,7.0,41.5,-260.0,205.0,NaN,NaN,NaN,NaN
2021-11-06,2021,False,JacksonvilleSt,55,AbileneChristian,2000,40,25,1,8.5,47.5,-320.0,245.0,NaN,NaN,NaN,NaN
2021-11-06,2021,False,MurraySt,93,TennesseeTech,2635,32,27,1,10.0,44.0,-390.0,295.0,NaN,NaN,NaN,NaN
2021-11-06,2021,False,NO.Colorado,2458,Montana,149,0,35,0,15.0,37.5,460.0,-640.0,NaN,NaN,NaN,NaN
2021-11-06,2021,False,JacksonSt,2296,TexasSouthern,2640,41,21,1,17.5,55.0,-850.0,580.0,NaN,NaN,NaN,NaN
2021-11-06,2021,False,Elon,2210,Villanova,222,0,35,0,9.5,50.5,275.0,-360.0,NaN,NaN,NaN,NaN
2021-11-06,2021,False,AlabamaA&M,2010,Miss.ValleySt,2400,42,14,1,10.5,64.0,-390.0,295.0,NaN,NaN,NaN,NaN
2021-11-06,2021,False,SoCarolinaSt,2569,Howard,47,15,12,1,10.5,58.5,-390.0,300.0,NaN,NaN,NaN,NaN
2021-11-06,2021,False,Valparaiso,2674,Presbyterian,2506,65,55,1,20.0,76.5,-1300.0,800.0,NaN,NaN,NaN,NaN
2021-11-06,2021,False,NorthernArizona,2464,UCDavis,302,24,40,0,6.0,51.0,200.0,-255.0,NaN,NaN,NaN,NaN
2021-11-06,2021,False,PrairieView,2504,AlabamaSt,2011,24,20,1,14.0,48.5,-580.0,420.0,NaN,NaN,NaN,NaN
2021-11-06,2021,False,Samford,2535,TheCitadel,2643,35,14,1,12.5,76.0,-440.0,330.0,NaN,NaN,NaN,NaN
2021-11-06,2021,False,AustinPeay,2046,EasternIllinois,2197,42,26,1,20.0,46.0,-1275.0,800.0,NaN,NaN,NaN,NaN
2021-11-06,2021,False,TennesseeMartin,2630,TennesseeSt,2634,41,20,1,13.0,48.5,-500.0,370.0,NaN,NaN,NaN,NaN
2021-11-06,2021,False,SouthDakotaSt,2571,NoDakotaState,2449,27,19,1,2.0,45.5,-140.0,120.0,NaN,NaN,NaN,NaN
2021-11-06,2021,False,SanDiego,301,MoreheadSt,2413,10,3,1,6.5,57.5,-260.0,205.0,NaN,NaN,NaN,NaN
2021-11-06,2021,False,NorthwesternSt,2466,HoustonBaptist,2277,28,24,1,7.0,54.5,-265.0,210.0,NaN,NaN,NaN,NaN
2021-11-06,2021,False,Idaho,70,SouthernUtah,253,42,24,1,5.0,62.5,-200.0,170.0,NaN,NaN,NaN,NaN
2021-11-06,2021,False,StephenF.Austin,2617,EasternKentucky,2198,31,17,1,5.5,48.5,-195.0,165.0,NaN,NaN,NaN,NaN
2021-11-06,2021,False,Southern,2582,FloridaA&M,50,17,29,0,7.0,52.5,230.0,-290.0,NaN,NaN,NaN,NaN
2021-11-06,2021,False,TarletonState,2627,Lamar,2320,42,21,1,13.5,50.0,-520.0,380.0,NaN,NaN,NaN,NaN
2021-11-09,2021,False,MiamiOhio,193,BuffaloU,2084,45,18,1,7.5,58.0,-275.0,235.0,NaN,NaN,NaN,NaN
2021-11-09,2021,False,WesternMichigan,2711,Akron,2006,45,40,1,26.5,62.0,-5000.0,1500.0,NaN,NaN,NaN,NaN
2021-11-10,2021,False,BowlingGreen,189,Toledo,2649,17,49,0,10.5,50.0,330.0,-400.0,NaN,NaN,NaN,NaN
2021-11-10,2021,False,CentralMichigan,2117,KentState,2309,54,30,1,2.5,76.5,-140.0,120.0,NaN,NaN,NaN,NaN
2021-11-11,2021,False,PittsburghU,221,NorthCarolina,153,30,23,1,6.5,72.0,-230.0,195.0,25,193.0,NaN,NaN
2021-11-12,2021,False,SouthFlorida,58,CincinnatiU,2132,28,45,0,24.5,59.0,1200.0,-3000.0,NaN,NaN,2,1440.0
2021-11-12,2021,False,BoiseState,68,Wyoming,2751,23,13,1,14.0,48.5,-600.0,450.0,NaN,NaN,NaN,NaN
2021-11-13,2021,False,KansasState,2306,WestVirginia,277,34,17,1,6.0,47.5,-230.0,195.0,NaN,NaN,NaN,NaN
2021-11-13,2021,False,Clemson,228,Connecticut,41,44,7,1,40.5,50.5,-45000.0,15000.0,NaN,NaN,NaN,NaN
2021-11-13,2021,False,Iowa,2294,MinnesotaU,135,27,22,1,4.0,37.0,-175.0,155.0,19,436.0,NaN,NaN
2021-11-13,2021,False,VirginiaTech,259,Duke,150,48,17,1,13.5,50.0,-550.0,425.0,NaN,NaN,NaN,NaN
2021-11-13,2021,False,GeorgiaTech,59,BostonCollege,103,30,41,0,2.0,55.0,105.0,-125.0,NaN,NaN,NaN,NaN
2021-11-13,2021,False,PennState,213,Michigan,130,17,21,0,2.5,48.0,120.0,-140.0,23,244.0,9,1071.0
2021-11-13,2021,False,Temple,218,Houston,248,8,37,0,25.5,52.5,1200.0,-3000.0,NaN,NaN,17,466.0
2021-11-13,2021,False,MichiganState,127,Maryland,120,40,21,1,11.5,61.0,-500.0,400.0,8,1095.0,NaN,NaN
2021-11-13,2021,False,Louisville,97,Syracuse,183,41,3,1,3.0,55.5,-150.0,130.0,NaN,NaN,NaN,NaN
2021-11-13,2021,False,OklahomaState,197,TCU,2628,63,17,1,11.0,54.0,-450.0,375.0,10,1037.0,NaN,NaN
2021-11-13,2021,False,Virginia,258,NotreDame,87,3,28,0,8.0,62.0,290.0,-350.0,NaN,NaN,7,1138.0
2021-11-13,2021,False,Wisconsin,275,Northwestern,77,35,7,1,25.5,42.0,-3000.0,1200.0,20,285.0,NaN,NaN
2021-11-13,2021,False,Rice,242,WesternKentucky,98,21,42,0,19.0,61.5,650.0,-1000.0,NaN,NaN,NaN,NaN
2021-11-13,2021,False,Arizona,12,Utah,254,29,38,0,24.0,54.5,1200.0,-3000.0,NaN,NaN,NaN,NaN
2021-11-13,2021,False,AppalachianSt,2026,SouthAlabama,6,31,7,1,21.5,52.0,-2500.0,1100.0,NaN,NaN,NaN,NaN
2021-11-13,2021,False,UCLA,26,Colorado,38,44,20,1,18.0,57.5,-1100.0,700.0,NaN,NaN,NaN,NaN
2021-11-13,2021,False,Washington,264,ArizonaState,9,30,35,0,6.0,45.5,190.0,-220.0,NaN,NaN,NaN,NaN
2021-11-13,2021,False,Oregon,2483,WashingtonState,265,38,24,1,13.5,58.0,-500.0,400.0,5,1318.0,NaN,NaN
2021-11-13,2021,False,OregonState,204,Stanford,24,35,14,1,12.5,56.5,-550.0,425.0,NaN,NaN,NaN,NaN
2021-11-13,2021,False,LouisianaTech,2348,Charlotte,2429,42,32,1,7.0,58.5,-250.0,210.0,NaN,NaN,NaN,NaN
2021-11-13,2021,False,Troy,2653,ULLafayette,322,21,35,0,6.0,48.0,210.0,-250.0,NaN,NaN,NaN,NaN
2021-11-13,2021,False,SMU,2567,CentralFlorida,2116,55,28,1,7.0,61.0,-265.0,225.0,NaN,NaN,NaN,NaN
2021-11-13,2021,False,Missouri,142,SouthCarolina,2579,31,28,1,0.0,57.0,-110.0,-110.0,NaN,NaN,NaN,NaN
2021-11-13,2021,False,Vanderbilt,238,Kentucky,96,17,34,0,21.5,52.5,1000.0,-2000.0,NaN,NaN,NaN,NaN
2021-11-13,2021,False,TexSanAntonio,2636,SouthernMiss,2572,27,17,1,32.5,54.5,-15000.0,5000.0,15,605.0,NaN,NaN
2021-11-13,2021,False,Alabama,333,NewMexicoState,166,59,3,1,50.0,67.0,-21000.0,7000.0,3,1436.0,NaN,NaN
2021-11-13,2021,False,TennesseeU,2633,Georgia,61,17,41,0,19.5,56.0,900.0,-1600.0,NaN,NaN,1,1575.0
2021-11-13,2021,False,OhioState,194,Purdue,2509,59,31,1,19.0,65.5,-1400.0,800.0,6,1314.0,NaN,NaN
2021-11-13,2021,False,LSU,99,Arkansas,8,13,16,0,3.0,59.5,120.0,-140.0,NaN,NaN,NaN,NaN
2021-11-13,2021,False,MiddleTennSt,2393,FloridaIntl,2229,50,10,1,10.5,55.0,-410.0,340.0,NaN,NaN,NaN,NaN
2021-11-13,2021,False,Tulane,2655,Tulsa,202,13,20,0,3.0,55.5,130.0,-150.0,NaN,NaN,NaN,NaN
2021-11-13,2021,False,NorthTexas,249,UTEP,2638,20,17,1,0.0,55.0,-110.0,-110.0,NaN,NaN,NaN,NaN
2021-11-13,2021,False,FresnoState,278,NewMexico,167,34,7,1,24.0,51.0,-3000.0,1200.0,NaN,NaN,NaN,NaN
2021-11-13,2021,False,ColoradoState,36,AirForce,2005,21,35,0,3.5,45.0,145.0,-165.0,NaN,NaN,NaN,NaN
2021-11-13,2021,False,SanDiegoState,21,Nevada,2440,23,21,1,2.5,45.0,-140.0,120.0,NaN,NaN,NaN,NaN
2021-11-13,2021,False,Lehigh,2329,Georgetown,46,23,9,1,2.0,40.5,-130.0,110.0,NaN,NaN,NaN,NaN
2021-11-13,2021,False,YoungstownSt,2754,NoDakotaState,2449,17,49,0,19.0,47.5,650.0,-1000.0,NaN,NaN,NaN,NaN
2021-11-13,2021,False,SacredHeart,2529,Wagner,2681,27,0,1,21.0,38.5,-1405.0,893.0,NaN,NaN,NaN,NaN
2021-11-13,2021,False,Butler,2086,Valparaiso,2674,3,47,0,7.0,56.5,235.0,-285.0,NaN,NaN,NaN,NaN
2021-11-13,2021,False,Duquesne,2184,CentralConn.,2115,31,27,1,8.5,49.5,-335.0,267.0,NaN,NaN,NaN,NaN
2021-11-13,2021,False,Monmouth,2405,RobertMorris,2523,44,7,1,23.5,57.5,-2510.0,1322.0,NaN,NaN,NaN,NaN
2021-11-13,2021,False,Harvard,108,Pennsylvania,219,23,7,1,22.5,41.5,-2000.0,1250.0,NaN,NaN,NaN,NaN
2021-11-13,2021,False,St.Francis(PA),2598,Merrimack,2771,22,6,1,7.0,45.5,-235.0,195.0,NaN,NaN,NaN,NaN
2021-11-13,2021,False,Howard,47,NCCentral,2428,27,45,0,2.5,47.0,120.0,-140.0,NaN,NaN,NaN,NaN
2021-11-13,2021,False,Fordham,2230,HolyCross,107,24,52,0,2.0,59.0,125.0,-145.0,NaN,NaN,NaN,NaN
2021-11-13,2021,False,IndianaSt,282,SoIllinois,79,21,47,0,16.0,54.0,536.0,-770.0,NaN,NaN,NaN,NaN
2021-11-13,2021,False,Presbyterian,2506,Marist,2368,32,57,0,11.0,76.5,322.0,-410.0,NaN,NaN,NaN,NaN
2021-11-13,2021,False,Princeton,163,Yale,43,35,20,1,8.5,51.0,-325.0,263.0,NaN,NaN,NaN,NaN
2021-11-13,2021,False,Bryant,2803,LongIsland,2341,52,7,1,13.0,52.5,-480.0,370.0,NaN,NaN,NaN,NaN
2021-11-13,2021,False,SamHoustonSt,2534,EasternKentucky,2198,42,28,1,20.5,54.5,-1355.0,861.0,NaN,NaN,NaN,NaN
2021-11-13,2021,False,RhodeIsland,227,NewHampshire,160,28,3,1,3.5,46.0,-180.0,158.0,NaN,NaN,NaN,NaN
2021-11-13,2021,False,Albany,399,MorganSt,2415,41,14,1,27.0,39.0,-5480.0,2618.0,NaN,NaN,NaN,NaN
2021-11-13,2021,False,Columbia,171,Brown,225,23,17,1,10.0,67.5,-375.0,305.0,NaN,NaN,NaN,NaN
2021-11-13,2021,False,Villanova,222,StonyBrook,2619,33,14,1,17.0,43.5,-1075.0,687.0,NaN,NaN,NaN,NaN
2021-11-13,2021,False,Drake,2181,St.Thomas-Minn,2900,14,21,0,6.0,36.5,180.0,-220.0,NaN,NaN,NaN,NaN
2021-11-13,2021,False,MoreheadSt,2413,Stetson,56,36,35,1,14.0,55.5,-500.0,386.0,NaN,NaN,NaN,NaN
2021-11-13,2021,False,GardnerWebb,2241,CharlestonSou,2127,24,32,0,6.5,55.5,205.0,-245.0,NaN,NaN,NaN,NaN
2021-11-13,2021,False,SoCarolinaSt,2569,N.CarolinaA&T,2448,17,27,0,3.5,50.5,150.0,-170.0,NaN,NaN,NaN,NaN
2021-11-13,2021,False,Dartmouth,159,Cornell,172,41,7,1,20.5,39.5,-1505.0,951.0,NaN,NaN,NaN,NaN
2021-11-13,2021,False,Richmond,257,Delaware,48,51,27,1,6.0,35.5,-215.0,179.0,NaN,NaN,NaN,NaN
2021-11-13,2021,False,TheCitadel,2643,Wofford,2747,45,44,1,5.0,51.5,-195.0,167.0,NaN,NaN,NaN,NaN
2021-11-13,2021,False,Furman,231,VMI,2678,37,31,1,1.5,51.0,-125.0,105.0,NaN,NaN,NaN,NaN
2021-11-13,2021,False,WesternCarolina,2717,EastTennesseeSt,2193,35,56,0,8.5,63.5,265.0,-325.0,NaN,NaN,NaN,NaN
2021-11-13,2021,False,AbileneChristian,2000,TarletonState,2627,29,3,1,2.5,56.5,-135.0,115.0,NaN,NaN,NaN,NaN
2021-11-13,2021,False,TennesseeTech,2635,TennesseeMartin,2630,3,42,0,14.5,50.5,424.0,-550.0,NaN,NaN,NaN,NaN
2021-11-13,2021,False,ArkPineBluff,2029,FloridaA&M,50,7,37,0,17.0,50.5,574.0,-850.0,NaN,NaN,NaN,NaN
2021-11-13,2021,False,MontanaSt,147,Idaho,70,20,13,1,22.0,52.5,-1600.0,988.0,NaN,NaN,NaN,NaN
2021-11-13,2021,False,NorthAlabama,2453,KennesawSt,338,24,28,0,11.0,56.5,322.0,-400.0,NaN,NaN,NaN,NaN
2021-11-13,2021,False,HoustonBaptist,2277,McNeeseSt,2377,3,44,0,15.5,53.0,536.0,-770.0,NaN,NaN,NaN,NaN
2021-11-13,2021,False,TennesseeSt,2634,AustinPeay,2046,7,36,0,8.5,51.0,263.0,-325.0,NaN,NaN,NaN,NaN
2021-11-13,2021,False,NorthernArizona,2464,Montana,149,3,30,0,12.5,48.5,410.0,-530.0,NaN,NaN,NaN,NaN
2021-11-13,2021,False,MissouriSt,2623,NorthernIowa,2460,34,27,1,2.5,49.0,-135.0,115.0,NaN,NaN,NaN,NaN
2021-11-13,2021,False,TexasSouthern,2640,AlabamaA&M,2010,49,52,0,1.5,74.5,105.0,-125.0,NaN,NaN,NaN,NaN
2021-11-13,2021,False,NorthDakota,155,IllinoisSt,2287,14,7,1,11.0,42.5,-400.0,322.0,NaN,NaN,NaN,NaN
2021-11-13,2021,False,William&Mary,2729,JamesMadison,256,22,32,0,14.5,47.5,450.0,-600.0,NaN,NaN,NaN,NaN
2021-11-13,2021,False,SouthernUtah,253,WeberSt,2692,0,62,0,16.0,50.5,526.0,-750.0,NaN,NaN,NaN,NaN
2021-11-13,2021,False,Lamar,2320,JacksonvilleSt,55,7,38,0,18.5,52.0,660.0,-1020.0,NaN,NaN,NaN,NaN
2021-11-13,2021,False,Southern,2582,JacksonSt,2296,17,21,0,10.0,53.0,315.0,-395.0,NaN,NaN,NaN,NaN
2021-11-13,2021,False,UCDavis,302,EastWashington,331,20,38,0,3.5,65.0,150.0,-170.0,NaN,NaN,NaN,NaN
2021-11-13,2021,False,CSSacramento,16,PortlandSt,2502,49,20,1,9.5,53.0,-350.0,282.0,NaN,NaN,NaN,NaN
2021-11-16,2021,False,Ohio,195,Toledo,2649,23,35,0,7.5,57.0,260.0,-310.0,NaN,NaN,NaN,NaN
2021-11-16,2021,False,MiamiOhio,193,BowlingGreen,189,34,7,1,17.0,52.0,-800.0,550.0,NaN,NaN,NaN,NaN
2021-11-17,2021,False,BallState,2050,CentralMichigan,2117,17,37,0,2.5,57.0,115.0,-135.0,NaN,NaN,NaN,NaN
2021-11-17,2021,False,BuffaloU,2084,NoIllinois,2459,27,33,0,2.0,59.0,105.0,-125.0,NaN,NaN,NaN,NaN
2021-11-18,2021,False,Duke,150,Louisville,97,22,62,0,20.0,60.0,900.0,-1600.0,NaN,NaN,NaN,NaN
2021-11-19,2021,False,Houston,248,Memphis,235,31,13,1,9.5,59.0,-355.0,295.0,17,509.0,NaN,NaN
2021-11-19,2021,False,WashingtonState,265,Arizona,12,44,18,1,14.5,52.5,-600.0,450.0,NaN,NaN,NaN,NaN
2021-11-19,2021,False,Nevada,2440,AirForce,2005,39,41,0,2.0,54.5,115.0,-135.0,NaN,NaN,NaN,NaN
2021-11-19,2021,False,UNLV,2439,SanDiegoState,21,20,28,0,11.0,41.0,350.0,-420.0,NaN,NaN,23,239.0
2021-11-20,2021,False,PittsburghU,221,Virginia,258,48,38,1,12.0,69.0,-450.0,375.0,20,358.0,NaN,NaN
2021-11-20,2021,False,CincinnatiU,2132,SMU,2567,48,14,1,9.5,65.5,-360.0,300.0,3,1420.0,NaN,NaN
2021-11-20,2021,False,Army,349,Massachusetts,113,33,17,1,37.5,56.0,-15000.0,5000.0,NaN,NaN,NaN,NaN
2021-11-20,2021,False,CentralFlorida,2116,Connecticut,41,49,17,1,30.0,56.0,-9000.0,3000.0,NaN,NaN,NaN,NaN
2021-11-20,2021,False,MiamiFlorida,2390,VirginiaTech,259,38,26,1,7.0,55.5,-270.0,230.0,NaN,NaN,NaN,NaN
2021-11-20,2021,False,NCState,152,Syracuse,183,41,17,1,11.5,49.5,-450.0,375.0,25,95.0,NaN,NaN
2021-11-20,2021,False,Akron,2006,KentState,2309,0,38,0,14.0,73.0,400.0,-500.0,NaN,NaN,NaN,NaN
2021-11-20,2021,False,OhioState,194,MichiganState,127,56,7,1,19.5,70.5,-1200.0,750.0,5,1341.0,7,1161.0
2021-11-20,2021,False,CoastalCarolina,324,TexasState,326,35,21,1,24.5,60.5,-3000.0,1200.0,NaN,NaN,NaN,NaN
2021-11-20,2021,False,Maryland,120,Michigan,130,18,59,0,16.0,58.5,525.0,-750.0,NaN,NaN,8,1134.0
2021-11-20,2021,False,WestVirginia,277,Texas,251,31,23,1,2.5,56.0,-130.0,110.0,NaN,NaN,NaN,NaN
2021-11-20,2021,False,TennesseeU,2633,SouthAlabama,6,60,14,1,28.5,61.0,-10000.0,2000.0,NaN,NaN,NaN,NaN
2021-11-20,2021,False,Northwestern,77,Purdue,2509,14,32,0,11.0,47.5,330.0,-400.0,NaN,NaN,NaN,NaN
2021-11-20,2021,False,Indiana,84,MinnesotaU,135,14,35,0,7.5,43.0,250.0,-300.0,NaN,NaN,NaN,NaN
2021-11-20,2021,False,PennState,213,Rutgers,164,28,0,1,14.0,44.5,-600.0,450.0,NaN,NaN,NaN,NaN
2021-11-20,2021,False,Clemson,228,WakeForest,154,48,27,1,3.5,57.0,-170.0,150.0,NaN,NaN,13,851.0
2021-11-20,2021,False,Wisconsin,275,Nebraska,158,35,28,1,9.5,43.5,-380.0,320.0,19,467.0,NaN,NaN
2021-11-20,2021,False,WesternKentucky,98,FloridaAtlantic,2226,52,17,1,11.0,64.0,-450.0,375.0,NaN,NaN,NaN,NaN
2021-11-20,2021,False,Iowa,2294,Illinois,356,33,23,1,12.0,38.5,-450.0,375.0,18,491.0,NaN,NaN
2021-11-20,2021,False,BoiseState,68,NewMexico,167,37,0,1,27.0,48.0,-7000.0,1700.0,NaN,NaN,NaN,NaN
2021-11-20,2021,False,Utah,254,Oregon,2483,38,7,1,3.0,58.0,-160.0,140.0,24,141.0,4,1353.0
2021-11-20,2021,False,NotreDame,87,GeorgiaTech,59,55,0,1,17.5,57.5,-900.0,600.0,6,1175.0,NaN,NaN
2021-11-20,2021,False,Stanford,24,California,25,11,41,0,2.5,46.5,115.0,-135.0,NaN,NaN,NaN,NaN
2021-11-20,2021,False,USC,30,UCLA,26,33,62,0,4.5,66.5,160.0,-180.0,NaN,NaN,NaN,NaN
2021-11-20,2021,False,Navy,2426,EastCarolina,151,35,38,0,3.5,46.0,155.0,-175.0,NaN,NaN,NaN,NaN
2021-11-20,2021,False,Tulsa,202,Temple,218,44,10,1,22.0,50.5,-1600.0,900.0,NaN,NaN,NaN,NaN
2021-11-20,2021,False,Troy,2653,AppalachianSt,2026,7,45,0,10.0,51.5,300.0,-360.0,NaN,NaN,NaN,NaN
2021-11-20,2021,False,Mississippi,145,Vanderbilt,238,31,17,1,36.0,65.5,-7500.0,2500.0,10,943.0,NaN,NaN
2021-11-20,2021,False,Alabama,333,Arkansas,8,42,35,1,21.0,58.5,-1600.0,900.0,2,1449.0,21,277.0
2021-11-20,2021,False,LSU,99,ULMonroe,2433,27,14,1,29.0,57.5,-4500.0,1500.0,NaN,NaN,NaN,NaN
2021-11-20,2021,False,Tulane,2655,SouthFlorida,58,45,14,1,5.5,60.0,-220.0,190.0,NaN,NaN,NaN,NaN
2021-11-20,2021,False,Oklahoma,201,IowaState,66,28,21,1,3.0,59.0,-155.0,135.0,12,870.0,NaN,NaN
2021-11-20,2021,False,TCU,2628,Kansas,2305,31,28,1,21.0,64.0,-1600.0,900.0,NaN,NaN,NaN,NaN
2021-11-20,2021,False,Kentucky,96,NewMexicoState,166,56,16,1,35.5,61.0,-12000.0,4000.0,NaN,NaN,NaN,NaN
2021-11-20,2021,False,Charlotte,2429,Marshall,276,28,49,0,14.5,62.0,475.0,-650.0,NaN,NaN,NaN,NaN
2021-11-20,2021,False,TexSanAntonio,2636,UAB,5,34,31,1,4.0,54.0,-175.0,155.0,15,591.0,NaN,NaN
2021-11-20,2021,False,TexasTech,2641,OklahomaState,197,0,23,0,10.0,55.0,330.0,-400.0,NaN,NaN,9,1106.0
2021-11-20,2021,False,GeorgiaState,2247,ArkansasState,2032,28,20,1,15.5,66.0,-800.0,550.0,NaN,NaN,NaN,NaN
2021-11-20,2021,False,UTEP,2638,Rice,242,38,28,1,9.5,47.0,-360.0,300.0,NaN,NaN,NaN,NaN
2021-11-20,2021,False,GeorgiaSouthern,290,BYU,252,17,34,0,20.0,57.5,800.0,-1400.0,NaN,NaN,14,671.0
2021-11-20,2021,False,FloridaIntl,2229,NorthTexas,249,7,49,0,10.0,57.0,300.0,-360.0,NaN,NaN,NaN,NaN
2021-11-20,2021,False,Wagner,2681,Duquesne,2184,0,44,0,17.0,51.5,580.0,-850.0,NaN,NaN,NaN,NaN
2021-11-20,2021,False,Yale,43,Harvard,108,31,34,0,3.5,48.0,150.0,-180.0,NaN,NaN,NaN,NaN
2021-11-20,2021,False,Cornell,172,Columbia,171,26,34,0,4.5,41.0,170.0,-215.0,NaN,NaN,NaN,NaN
2021-11-20,2021,False,Hampton,2261,NorthAlabama,2453,27,35,0,4.0,67.0,160.0,-190.0,NaN,NaN,NaN,NaN
2021-11-20,2021,False,Davidson,2166,Drake,2181,45,14,1,14.0,43.5,-580.0,420.0,NaN,NaN,NaN,NaN
2021-11-20,2021,False,LongIsland,2341,SacredHeart,2529,14,38,0,16.0,40.5,490.0,-690.0,NaN,NaN,NaN,NaN
2021-11-20,2021,False,Delaware,48,Villanova,222,13,21,0,12.0,44.5,350.0,-470.0,NaN,NaN,NaN,NaN
2021-11-20,2021,False,EasternIllinois,2197,MurraySt,93,13,20,0,7.0,42.5,230.0,-290.0,NaN,NaN,NaN,NaN
2021-11-20,2021,False,NewHampshire,160,Maine,311,20,33,0,2.0,45.5,115.0,-135.0,NaN,NaN,NaN,NaN
2021-11-20,2021,False,StonyBrook,2619,Albany,399,36,14,1,4.0,38.5,-190.0,160.0,NaN,NaN,NaN,NaN
2021-11-20,2021,False,Merrimack,2771,Bryant,2803,14,58,0,2.0,51.5,110.0,-130.0,NaN,NaN,NaN,NaN
2021-11-20,2021,False,Stetson,56,SanDiego,301,16,41,0,12.5,47.0,370.0,-500.0,NaN,NaN,NaN,NaN
2021-11-20,2021,False,EastTennesseeSt,2193,Mercer,2382,38,35,1,5.0,47.5,-215.0,170.0,NaN,NaN,NaN,NaN
2021-11-20,2021,False,NCCentral,2428,DelawareSt,2169,34,28,1,8.5,43.5,-330.0,255.0,NaN,NaN,NaN,NaN
2021-11-20,2021,False,AlabamaA&M,2010,ArkPineBluff,2029,52,24,1,14.0,72.0,-550.0,410.0,NaN,NaN,NaN,NaN
2021-11-20,2021,False,Elon,2210,RhodeIsland,227,43,28,1,5.0,45.0,-195.0,165.0,NaN,NaN,NaN,NaN
2021-11-20,2021,False,EasternKentucky,2198,JacksonvilleSt,55,39,31,1,3.5,47.0,-180.0,150.0,NaN,NaN,NaN,NaN
2021-11-20,2021,False,NorthernIowa,2460,WesternIllinois,2710,41,3,1,20.5,55.5,-1325.0,825.0,NaN,NaN,NaN,NaN
2021-11-20,2021,False,JacksonSt,2296,AlcornSt,2016,24,10,1,13.5,45.5,-550.0,410.0,NaN,NaN,NaN,NaN
2021-11-20,2021,False,Montana,149,MontanaSt,147,29,10,1,2.5,32.5,-135.0,115.0,NaN,NaN,NaN,NaN
2021-11-20,2021,False,AbileneChristian,2000,SamHoustonSt,2534,9,35,0,20.5,61.5,800.0,-1300.0,NaN,NaN,NaN,NaN
2021-11-20,2021,False,AlabamaSt,2011,TexasSouthern,2640,24,21,1,2.5,65.0,-140.0,120.0,NaN,NaN,NaN,NaN
2021-11-20,2021,False,AustinPeay,2046,TennesseeTech,2635,48,20,1,21.5,51.5,-1350.0,825.0,NaN,NaN,NaN,NaN
2021-11-20,2021,False,IdahoSt,304,Idaho,70,0,14,0,2.0,56.0,110.0,-130.0,NaN,NaN,NaN,NaN
2021-11-20,2021,False,SouthDakotaSt,2571,NorthDakota,155,24,21,1,14.5,47.5,-580.0,420.0,NaN,NaN,NaN,NaN
2021-11-20,2021,False,BethuneCookman,2065,FloridaA&M,50,21,46,0,15.0,51.5,470.0,-650.0,NaN,NaN,NaN,NaN
2021-11-20,2021,False,NoDakotaState,2449,SouthDakota,233,52,24,1,12.5,39.0,-490.0,360.0,NaN,NaN,NaN,NaN
2021-11-20,2021,False,PortlandSt,2502,EastWashington,331,28,42,0,14.5,73.5,430.0,-600.0,NaN,NaN,NaN,NaN
2021-11-20,2021,False,CalPoly,13,NorthernArizona,2464,21,45,0,8.5,55.5,255.0,-330.0,NaN,NaN,NaN,NaN
2021-11-23,2021,False,BallState,2050,BuffaloU,2084,20,3,1,6.0,59.5,-220.0,190.0,NaN,NaN,NaN,NaN
2021-11-23,2021,False,NoIllinois,2459,WesternMichigan,2711,21,42,0,7.0,58.5,225.0,-265.0,NaN,NaN,NaN,NaN
2021-11-25,2021,False,SanJoseState,23,FresnoState,278,9,40,0,7.5,52.5,240.0,-280.0,NaN,NaN,NaN,NaN
2021-11-26,2021,False,CentralMichigan,2117,EasternMichigan,2199,31,10,1,8.5,64.5,-310.0,260.0,NaN,NaN,NaN,NaN
2021-11-26,2021,False,Texas,251,KansasState,2306,22,17,1,3.0,55.0,-140.0,120.0,NaN,NaN,NaN,NaN
2021-11-26,2021,False,NewMexico,167,UtahState,328,10,35,0,17.0,48.5,575.0,-850.0,NaN,NaN,NaN,NaN
2021-11-26,2021,False,UAB,5,UTEP,2638,42,25,1,13.5,49.5,-550.0,425.0,NaN,NaN,NaN,NaN
2021-11-26,2021,False,NCState,152,NorthCarolina,153,34,30,1,5.0,61.5,-200.0,175.0,24,141.0,NaN,NaN
2021-11-26,2021,False,Arkansas,8,Missouri,142,34,17,1,14.5,63.0,-650.0,475.0,25,105.0,NaN,NaN
2021-11-26,2021,False,CentralFlorida,2116,SouthFlorida,58,17,13,1,17.0,62.5,-1100.0,700.0,NaN,NaN,NaN,NaN
2021-11-26,2021,False,SouthAlabama,6,CoastalCarolina,324,21,27,0,15.0,55.5,450.0,-600.0,NaN,NaN,NaN,NaN
2021-11-26,2021,False,AirForce,2005,UNLV,2439,48,14,1,18.5,49.5,-1000.0,650.0,NaN,NaN,NaN,NaN
2021-11-26,2021,False,IowaState,66,TCU,2628,48,14,1,15.5,61.5,-650.0,475.0,NaN,NaN,NaN,NaN
2021-11-26,2021,False,Washington,264,WashingtonState,265,13,40,0,1.0,45.0,110.0,-130.0,NaN,NaN,NaN,NaN
2021-11-26,2021,False,Utah,254,Colorado,38,28,13,1,24.0,52.5,-2500.0,1100.0,16,561.0,NaN,NaN
2021-11-26,2021,False,EastCarolina,151,CincinnatiU,2132,13,35,0,14.5,56.5,475.0,-650.0,NaN,NaN,4,1416.0
2021-11-27,2021,False,TennesseeU,2633,Vanderbilt,238,45,21,1,33.0,65.0,-10000.0,1800.0,NaN,NaN,NaN,NaN
2021-11-27,2021,False,Duke,150,MiamiFlorida,2390,10,47,0,20.5,67.0,850.0,-1400.0,NaN,NaN,NaN,NaN
2021-11-27,2021,False,GeorgiaState,2247,Troy,2653,37,10,1,7.0,49.5,-240.0,200.0,NaN,NaN,NaN,NaN
2021-11-27,2021,False,Syracuse,183,PittsburghU,221,14,31,0,11.5,58.5,350.0,-450.0,NaN,NaN,20,445.0
2021-11-27,2021,False,Temple,218,Navy,2426,14,38,0,13.5,42.5,400.0,-525.0,NaN,NaN,NaN,NaN
2021-11-27,2021,False,BostonCollege,103,WakeForest,154,10,41,0,5.0,65.0,195.0,-235.0,NaN,NaN,21,344.0
2021-11-27,2021,False,Kansas,2305,WestVirginia,277,28,34,0,15.5,55.5,525.0,-750.0,NaN,NaN,NaN,NaN
2021-11-27,2021,False,Connecticut,41,Houston,248,17,45,0,32.5,55.0,4000.0,-50000.0,NaN,NaN,19,516.0
2021-11-27,2021,False,Purdue,2509,Indiana,84,44,7,1,18.0,50.5,-800.0,550.0,NaN,NaN,NaN,NaN
2021-11-27,2021,False,Illinois,356,Northwestern,77,47,14,1,7.5,45.5,-260.0,215.0,NaN,NaN,NaN,NaN
2021-11-27,2021,False,Toledo,2649,Akron,2006,49,14,1,28.5,57.5,-5000.0,1600.0,NaN,NaN,NaN,NaN
2021-11-27,2021,False,Baylor,239,TexasTech,2641,27,24,1,14.0,51.5,-600.0,450.0,9,1046.0,NaN,NaN
2021-11-27,2021,False,KentState,2309,MiamiOhio,193,48,47,1,0.0,68.0,-115.0,-105.0,NaN,NaN,NaN,NaN
2021-11-27,2021,False,ArizonaState,9,Arizona,12,38,15,1,19.5,52.5,-1300.0,800.0,NaN,NaN,NaN,NaN
2021-11-27,2021,False,OldDominion,295,Charlotte,2429,56,34,1,8.5,56.0,-340.0,270.0,NaN,NaN,NaN,NaN
2021-11-27,2021,False,NewMexicoState,166,Massachusetts,113,44,27,1,7.0,58.5,-250.0,210.0,NaN,NaN,NaN,NaN
2021-11-27,2021,False,AppalachianSt,2026,GeorgiaSouthern,290,27,3,1,24.5,55.5,-2400.0,1200.0,NaN,NaN,NaN,NaN
2021-11-27,2021,False,USC,30,BYU,252,31,35,0,8.5,65.5,255.0,-315.0,NaN,NaN,13,771.0
2021-11-27,2021,False,UCLA,26,California,25,42,14,1,6.0,58.5,-240.0,200.0,NaN,NaN,NaN,NaN
2021-11-27,2021,False,Oregon,2483,OregonState,204,38,29,1,8.5,61.5,-280.0,230.0,11,849.0,NaN,NaN
2021-11-27,2021,False,SouthernMiss,2572,FloridaIntl,2229,37,17,1,14.5,45.5,-550.0,425.0,NaN,NaN,NaN,NaN
2021-11-27,2021,False,Stanford,24,NotreDame,87,14,45,0,21.0,53.0,900.0,-1500.0,NaN,NaN,5,1262.0
2021-11-27,2021,False,OklahomaState,197,Oklahoma,201,37,33,1,4.0,51.0,-185.0,165.0,7,1209.0,10,1001.0
2021-11-27,2021,False,Auburn,2,Alabama,333,22,24,0,21.0,57.5,850.0,-1400.0,NaN,NaN,3,1423.0
2021-11-27,2021,False,Memphis,235,Tulane,2655,33,28,1,5.5,58.0,-220.0,180.0,NaN,NaN,NaN,NaN
2021-11-27,2021,False,SouthCarolina,2579,Clemson,228,0,30,0,11.5,42.5,350.0,-450.0,NaN,NaN,NaN,NaN
2021-11-27,2021,False,Florida,57,FloridaState,52,24,21,1,4.5,59.0,-165.0,145.0,NaN,NaN,NaN,NaN
2021-11-27,2021,False,ULLafayette,322,ULMonroe,2433,21,16,1,21.5,56.0,-1600.0,950.0,NaN,NaN,NaN,NaN
2021-11-27,2021,False,ColoradoState,36,Nevada,2440,10,52,0,3.0,58.0,140.0,-160.0,NaN,NaN,NaN,NaN
2021-11-27,2021,False,HolyCross,107,SacredHeart,2529,13,10,1,14.5,40.5,-1115.0,650.0,NaN,NaN,NaN,NaN
2021-11-27,2021,False,SouthDakotaSt,2571,UCDavis,302,56,24,1,17.0,48.5,-1115.0,650.0,NaN,NaN,NaN,NaN
2021-11-27,2021,False,IncarnateWord,2916,StephenF.Austin,2617,35,28,1,2.5,57.0,-132.0,106.0,NaN,NaN,NaN,NaN
2021-11-27,2021,False,EastWashington,331,NorthernIowa,2460,19,9,1,5.5,60.5,-200.0,160.0,NaN,NaN,NaN,NaN
2021-11-27,2021,False,SELouisiana,2545,FloridaA&M,50,38,14,1,13.5,65.5,-590.0,370.0,NaN,NaN,NaN,NaN
2021-12-03,2021,False,Utah,254,Oregon,2483,38,10,1,3.0,57.5,-150.0,130.0,14,667.0,10,932.0
2021-12-03,2021,False,Villanova,222,HolyCross,107,21,16,1,13.0,49.0,-600.0,450.0,NaN,NaN,NaN,NaN
2021-12-03,2021,False,Montana,149,EastWashington,331,57,41,1,3.5,58.5,-180.0,160.0,NaN,NaN,NaN,NaN
2021-12-04,2021,False,CincinnatiU,2132,Houston,248,35,20,1,10.5,52.5,-420.0,350.0,3,1422.0,16,603.0
2021-12-04,2021,False,JacksonSt,2296,PrairieView,2504,27,10,1,8.0,44.0,-340.0,280.0,NaN,NaN,NaN,NaN
2021-12-04,2021,False,California,25,USC,30,24,14,1,4.5,57.0,-180.0,160.0,NaN,NaN,NaN,NaN
2021-12-04,2021,False,JamesMadison,256,SELouisiana,2545,59,20,1,14.5,69.0,-700.0,500.0,NaN,NaN,NaN,NaN
2021-12-04,2021,False,SamHoustonSt,2534,IncarnateWord,2916,49,42,1,12.5,63.5,-450.0,375.0,NaN,NaN,NaN,NaN
2021-12-04,2021,False,NoDakotaState,2449,SoIllinois,79,38,7,1,15.0,54.5,-600.0,450.0,NaN,NaN,NaN,NaN
2021-12-04,2021,False,MontanaSt,147,TennesseeMartin,2630,26,7,1,11.5,43.0,-420.0,350.0,NaN,NaN,NaN,NaN
2021-12-04,2021,False,SacramentoSt,16,SouthDakotaSt,2571,19,24,0,7.0,55.0,220.0,-260.0,NaN,NaN,NaN,NaN
2021-12-10,2021,False,JamesMadison,256,Montana,149,28,6,1,8.5,49.0,-330.0,270.0,NaN,NaN,NaN,NaN
2021-12-11,2021,False,Villanova,222,SouthDakotaSt,2571,21,35,0,7.0,47.0,225.0,-265.0,NaN,NaN,NaN,NaN
2021-12-11,2021,False,NoDakotaState,2449,EastTennesseeSt,2193,27,3,1,25.5,50.5,-4000.0,1400.0,NaN,NaN,NaN,NaN
2021-12-17,2021,False,NoDakotaState,2449,JamesMadison,256,20,14,1,4.0,48.5,-175.0,155.0,NaN,NaN,NaN,NaN
2021-12-20,2021,False,OldDominion,295,Tulsa,202,17,30,0,8.0,55.0,240.0,-280.0,NaN,NaN,NaN,NaN
