date,season,regular,homeTeam,awayTeam,homeScore,awayScore,result,spreadOpen,spreadClose,spreadH2,overUnderOpen,overUnderClose,overUnderH2,homeMoneyline,awayMoneyline
2007-12-01,2007,False,MiamiOhio,CentralMichigan,10,35,0,3.0,3.0,0.0,63.0,64.0,28.5,135.0,-155.0
2007-12-01,2007,False,CentralFlorida,Tulsa,44,25,1,6.0,7.5,3.0,75.0,73.5,38.0,-275.0,235.0
2007-12-01,2007,False,BostonCollege,VirginiaTech,16,30,0,4.0,4.0,3.5,46.0,48.0,24.5,175.0,-205.0
2007-12-01,2007,False,LSU,TennesseeU,21,14,1,7.5,7.0,6.5,61.0,58.0,27.5,-275.0,235.0
2007-12-01,2007,False,Missouri,Oklahoma,17,38,0,3.0,3.0,3.0,68.0,65.0,31.5,130.0,-150.0
2007-12-20,2007,False,Utah,Navy,35,32,1,10.0,9.0,6.0,68.0,63.5,29.0,NaN,NaN
2007-12-21,2007,False,Memphis,FloridaAtlantic,27,44,0,3.0,3.5,35.0,68.0,67.5,0.0,150.0,-170.0
2007-12-22,2007,False,CincinnatiU,SoMississippi,31,21,1,11.0,11.0,7.0,56.0,54.0,27.0,-550.0,450.0
2007-12-22,2007,False,NewMexico,Nevada,23,0,1,3.5,2.0,27.0,63.0,56.5,0.0,-125.0,105.0
2007-12-22,2007,False,BYU,UCLA,17,16,1,4.0,5.5,3.0,47.0,47.0,22.0,-205.0,175.0
2007-12-23,2007,False,BoiseState,EastCarolina,38,41,0,12.5,11.0,7.0,72.0,66.0,31.5,-425.0,355.0
2007-12-26,2007,False,Purdue,CentralMichigan,51,48,1,10.0,8.5,3.0,74.0,70.5,35.0,-335.0,285.0
2007-12-27,2007,False,ArizonaState,Texas,34,52,0,1.5,1.5,30.0,62.5,62.0,2.0,110.0,-130.0
2007-12-28,2007,False,BostonCollege,MichiganState,24,21,1,2.5,5.0,2.0,58.0,56.5,28.0,-205.0,175.0
2007-12-28,2007,False,HoustonU,TCU,13,20,0,3.5,6.5,6.0,61.5,57.0,28.0,210.0,-250.0
2007-12-28,2007,False,OregonState,Maryland,21,14,1,3.5,4.0,3.0,49.0,47.0,24.0,-175.0,155.0
2007-12-29,2007,False,WakeForest,Connecticut,24,10,1,3.5,2.0,3.0,50.0,47.0,21.0,-135.0,115.0
2007-12-29,2007,False,MississippiSt,CentralFlorida,10,3,1,3.0,3.0,2.5,60.5,52.5,21.0,125.0,-145.0
2007-12-29,2007,False,TexasA&M,PennState,17,24,0,6.0,5.0,3.5,51.5,52.0,24.5,175.0,-205.0
2007-12-30,2007,False,Alabama,Colorado,30,24,1,3.5,4.0,27.0,51.0,52.5,1.0,-175.0,155.0
2007-12-31,2007,False,California,AirForce,42,36,1,6.0,4.5,7.0,53.5,57.0,29.0,-190.0,160.0
2007-12-31,2007,False,SouthFlorida,Oregon,21,56,0,7.0,5.5,2.5,52.5,52.0,27.5,-240.0,200.0
2007-12-31,2007,False,GeorgiaTech,FresnoState,28,40,0,5.0,5.0,3.5,55.5,55.0,28.0,-215.0,185.0
2007-12-31,2007,False,Kentucky,FloridaState,35,28,1,1.0,7.0,4.5,56.5,56.5,28.0,-300.0,250.0
2007-12-31,2007,False,OklahomaState,Indiana,49,33,1,4.0,6.5,3.0,68.0,69.5,33.0,-270.0,230.0
2007-12-31,2007,False,Clemson,Auburn,20,23,0,3.0,2.0,0.0,49.0,44.0,21.0,-130.0,110.0
2008-01-01,2007,False,TennesseeU,Wisconsin,21,17,1,3.5,2.5,0.0,61.0,56.5,28.5,-140.0,120.0
2008-01-01,2007,False,Missouri,Arkansas,38,7,1,4.0,4.0,2.5,71.0,68.5,31.5,-190.0,160.0
2008-01-01,2007,False,Florida,Michigan,35,41,0,11.0,10.0,10.0,62.5,60.5,31.5,-430.0,360.0
2008-01-01,2007,False,Virginia,TexasTech,28,31,0,5.5,6.5,5.5,60.5,58.5,28.0,205.0,-245.0
2008-01-01,2007,False,USC,Illinois,49,17,1,13.0,13.0,7.0,49.5,48.0,23.0,-500.0,400.0
2008-01-01,2007,False,Georgia,Hawaii,41,10,1,8.0,8.0,7.0,69.5,68.0,31.0,-350.0,290.0
2008-01-02,2007,False,Oklahoma,WestVirginia,28,48,0,6.0,7.5,6.5,65.0,61.0,30.0,-305.0,255.0
2008-01-03,2007,False,VirginiaTech,Kansas,21,24,0,0.0,3.0,5.0,54.0,50.5,24.5,-155.0,135.0
2008-01-05,2007,False,Rutgers,BallState,52,30,1,9.0,12.0,6.0,59.0,61.0,31.0,-480.0,380.0
2008-01-06,2007,False,Tulsa,BowlingGreen,63,7,1,4.0,6.0,0.5,75.0,76.0,34.0,-205.0,175.0
2008-01-07,2007,False,LSU,OhioState,38,24,1,3.0,3.5,1.0,51.5,46.5,24.0,-165.0,145.0
2008-12-06,2008,False,Tulsa,EastCarolina,24,27,0,13.0,12.0,7.0,66.0,67.0,31.5,-400.0,325.0
2008-12-06,2008,False,VirginiaTech,BostonCollege,30,12,1,39.5,39.0,1.5,0.0,1.0,19.5,100.0,-120.0
2008-12-06,2008,False,Florida,Alabama,31,20,1,10.0,9.5,3.5,51.0,54.5,27.5,-340.0,280.0
2008-12-06,2008,False,Oklahoma,Missouri,62,21,1,15.0,16.5,7.5,80.0,79.0,34.0,-640.0,470.0
2008-12-20,2008,False,WakeForest,Navy,29,19,1,3.0,3.0,3.0,41.0,44.5,22.5,-160.0,140.0
2008-12-20,2008,False,ColoradoState,FresnoState,40,35,1,3.0,2.0,0.5,60.0,61.0,31.0,105.0,-125.0
2008-12-20,2008,False,SouthFlorida,Memphis,41,14,1,13.0,10.5,3.0,51.0,57.0,28.0,-380.0,315.0
2008-12-20,2008,False,ArizonaU,BYU,31,21,1,3.5,3.0,0.0,62.0,62.0,29.5,-155.0,135.0
2008-12-21,2008,False,SoMississippi,Troy,30,27,1,3.5,4.5,2.0,55.0,55.0,28.0,165.0,-190.0
2008-12-23,2008,False,BoiseState,TCU,16,17,0,2.0,3.0,6.0,44.0,46.0,23.5,140.0,-160.0
2008-12-24,2008,False,Hawaii,NotreDame,21,49,0,48.0,2.5,1.5,1.5,49.0,24.5,115.0,-135.0
2008-12-26,2008,False,CentralMichigan,FloridaAtlantic,21,24,0,6.5,7.0,5.5,62.0,70.0,35.0,-300.0,250.0
2008-12-27,2008,False,NorthCarolina,WestVirginia,30,31,0,44.0,2.5,3.0,0.0,47.5,26.0,115.0,-135.0
2008-12-27,2008,False,FloridaState,Wisconsin,42,13,1,5.5,7.0,1.5,53.0,50.0,23.0,-255.0,215.0
2008-12-27,2008,False,California,MiamiFlorida,24,17,1,6.0,10.0,4.0,49.5,50.5,24.0,-400.0,325.0
2008-12-28,2008,False,LouisianaTech,NoIllinois,17,10,1,47.0,2.5,0.0,2.0,46.0,21.0,-150.0,130.0
2008-12-29,2008,False,Rutgers,NCState,29,23,1,7.0,6.0,4.5,55.5,58.0,28.5,-230.0,190.0
2008-12-29,2008,False,Missouri,Northwestern,30,23,1,13.5,14.0,8.5,66.0,66.0,31.0,-600.0,400.0
2008-12-30,2008,False,Maryland,Nevada,42,35,1,58.0,2.0,1.0,0.0,61.5,29.0,110.0,-130.0
2008-12-30,2008,False,Rice,WesternMichigan,38,14,1,3.0,2.5,32.5,72.0,74.0,1.0,-140.0,120.0
2008-12-30,2008,False,OklahomaState,Oregon,31,42,0,77.0,1.0,3.0,3.5,75.0,36.0,-105.0,-115.0
2008-12-31,2008,False,HoustonU,AirForce,34,28,1,3.0,5.5,3.0,64.0,65.5,31.5,-210.0,175.0
2008-12-31,2008,False,OregonState,PittsburghU,3,0,1,3.0,0.0,0.0,53.5,51.0,22.5,-110.0,-110.0
2008-12-31,2008,False,Vanderbilt,BostonCollege,16,14,1,4.0,4.5,3.0,41.0,40.0,20.0,170.0,-200.0
2008-12-31,2008,False,Kansas,MinnesotaU,42,21,1,10.0,9.0,3.0,57.0,58.5,30.0,-360.0,300.0
2008-12-31,2008,False,GeorgiaTech,LSU,3,38,0,4.0,4.0,5.0,49.0,53.5,24.5,-180.0,160.0
2009-01-01,2008,False,SouthCarolina,Iowa,10,31,0,3.0,3.5,1.5,42.5,42.0,20.0,150.0,-170.0
2009-01-01,2008,False,Nebraska,Clemson,26,21,1,3.0,1.5,23.5,55.0,55.0,0.5,105.0,-125.0
2009-01-01,2008,False,Georgia,MichiganState,24,12,1,5.5,9.5,6.5,54.0,57.0,24.0,-400.0,320.0
2009-01-01,2008,False,USC,PennState,38,24,1,10.0,10.0,6.0,45.0,44.5,22.5,-450.0,325.0
2009-01-01,2008,False,CincinnatiU,VirginiaTech,7,20,0,2.5,2.5,0.5,41.0,41.0,21.0,-140.0,120.0
2009-01-02,2008,False,TexasTech,Mississippi,34,47,0,6.0,4.0,1.5,71.0,66.0,34.5,-170.0,150.0
2009-01-02,2008,False,Kentucky,EastCarolina,25,19,1,2.5,3.0,0.0,41.0,41.0,21.0,130.0,-150.0
2009-01-02,2008,False,Alabama,Utah,17,31,0,11.0,10.0,8.0,45.0,46.5,24.0,-425.0,335.0
2009-01-03,2008,False,Connecticut,BuffaloU,38,20,1,4.5,4.5,9.5,51.5,52.0,26.5,-260.0,220.0
2009-01-05,2008,False,Texas,OhioState,24,21,1,11.0,9.0,6.0,53.5,51.5,24.5,-325.0,265.0
2009-01-06,2008,False,Tulsa,BallState,45,13,1,77.0,2.5,0.0,3.0,70.5,35.0,-150.0,130.0
2009-01-08,2008,False,Oklahoma,Florida,14,24,0,3.0,4.0,3.0,71.5,69.0,33.0,155.0,-175.0
2009-09-10,2009,False,GeorgiaTech,Clemson,30,27,1,4.0,5.0,0.5,41.0,44.0,21.5,-220.0,180.0
2009-10-17,2009,False,Michigan,DelawareSt,63,6,1,NaN,NaN,NaN,NaN,NaN,NaN,NaN,NaN
2009-10-31,2009,False,Clemson,CoastalCarolina,49,3,1,NaN,NaN,NaN,NaN,NaN,NaN,NaN,NaN
2009-11-15,2009,False,Tulsa,EastCarolina,17,44,0,6.0,4.0,5.0,52.0,50.5,25.0,-195.0,165.0
2009-11-24,2009,False,WesternMichigan,BallState,17,22,0,9.5,10.5,7.0,51.5,54.5,27.0,-400.0,320.0
2009-12-05,2009,False,Alabama,Florida,32,13,1,4.0,4.5,4.0,42.5,41.0,21.0,170.0,-200.0
2009-12-05,2009,False,Clemson,GeorgiaTech,34,39,0,0.0,1.0,0.5,57.5,56.5,28.0,-118.0,-102.0
2009-12-05,2009,False,Nebraska,Texas,12,13,0,13.0,14.0,7.5,46.5,46.0,22.5,515.0,-680.0
2009-12-19,2009,False,FresnoState,Wyoming,28,35,0,10.0,10.0,7.5,55.5,54.5,27.0,-420.0,330.0
2009-12-19,2009,False,Rutgers,CentralFlorida,45,24,1,45.0,3.0,0.0,1.0,45.0,23.5,-140.0,120.0
2009-12-20,2009,False,SoMississippi,MiddleTennSt,32,42,0,3.0,3.5,0.5,59.0,61.5,31.0,-165.0,145.0
2009-12-22,2009,False,OregonState,BYU,20,44,0,60.0,3.0,3.5,1.5,58.5,28.0,-150.0,130.0
2009-12-23,2009,False,California,Utah,27,37,0,3.0,2.5,2.5,54.5,52.0,26.0,-140.0,120.0
2009-12-24,2009,False,Nevada,SMU,10,45,0,12.0,11.0,6.0,73.0,69.5,29.5,-440.0,350.0
2009-12-26,2009,False,Marshall,Ohio,21,17,1,4.5,3.0,1.5,50.5,49.0,24.0,125.0,-145.0
2009-12-26,2009,False,PittsburghU,NorthCarolina,19,17,1,3.0,0.0,0.0,44.5,45.5,23.0,-115.0,-105.0
2009-12-26,2009,False,USC,BostonCollege,24,13,1,8.0,7.5,3.5,46.5,45.0,23.5,-300.0,250.0
2009-12-27,2009,False,Clemson,Kentucky,21,13,1,7.5,6.5,3.0,53.0,53.0,25.5,-250.0,200.0
2009-12-28,2009,False,Georgia,TexasA&M,44,20,1,6.0,6.5,0.5,64.0,65.5,30.0,-245.0,205.0
2009-12-29,2009,False,Temple,UCLA,21,30,0,4.5,4.0,4.0,47.0,44.0,22.0,165.0,-190.0
2009-12-29,2009,False,MiamiFlorida,Wisconsin,14,20,0,1.5,3.5,1.0,56.5,55.0,27.0,-170.0,150.0
2009-12-30,2009,False,Idaho,BowlingGreen,43,42,1,1.0,1.0,34.5,68.5,69.5,0.0,-115.0,-105.0
2009-12-30,2009,False,ArizonaU,Nebraska,0,33,0,2.0,2.0,0.0,41.0,41.5,19.5,115.0,-135.0
2009-12-31,2009,False,Missouri,Navy,13,35,0,6.5,6.5,4.0,52.5,54.5,27.0,-255.0,215.0
2009-12-31,2009,False,HoustonU,AirForce,20,47,0,5.0,4.0,6.0,62.0,65.0,33.5,-180.0,158.0
2009-12-31,2009,False,Oklahoma,Stanford,31,27,1,12.0,11.0,8.0,57.0,54.5,28.0,-420.0,335.0
2009-12-31,2009,False,MinnesotaU,IowaState,13,14,0,3.0,1.5,3.0,48.0,47.0,24.0,-123.0,103.0
2009-12-31,2009,False,VirginiaTech,TennesseeU,37,14,1,6.0,5.0,3.0,50.5,48.5,24.0,-220.0,180.0
2010-01-01,2009,False,Auburn,Northwestern,38,35,1,8.0,8.5,1.5,54.0,55.0,27.0,-340.0,280.0
2010-01-01,2009,False,WestVirginia,FloridaState,21,33,0,2.0,3.0,27.0,61.0,56.5,1.0,-145.0,125.0
2010-01-01,2009,False,PennState,LSU,19,17,1,44.0,1.5,1.0,2.5,40.5,17.5,110.0,-130.0
2010-01-01,2009,False,Oregon,OhioState,17,26,0,4.0,4.5,4.0,50.5,51.0,25.0,-200.0,170.0
2010-01-01,2009,False,Florida,CincinnatiU,51,24,1,10.5,12.0,7.0,55.5,60.0,27.0,-460.0,365.0
2010-01-02,2009,False,SouthFlorida,NoIllinois,27,3,1,4.0,6.5,3.0,50.5,49.5,23.0,-260.0,220.0
2010-01-02,2009,False,SouthCarolina,Connecticut,7,20,0,7.0,4.0,3.0,53.0,50.5,23.0,-190.0,165.0
2010-01-02,2009,False,OklahomaState,Mississippi,7,21,0,3.5,3.5,22.5,50.0,51.0,0.0,140.0,-160.0
2010-01-02,2009,False,EastCarolina,Arkansas,17,20,0,9.0,7.5,6.5,63.5,60.0,28.0,245.0,-290.0
2010-01-02,2009,False,TexasTech,MichiganState,41,31,1,8.0,9.5,5.5,61.0,60.0,30.5,-320.0,260.0
2010-01-04,2009,False,TCU,BoiseState,10,17,0,6.0,7.0,6.5,56.0,54.5,27.0,-300.0,250.0
2010-01-05,2009,False,GeorgiaTech,Iowa,14,24,0,2.5,6.0,3.0,51.0,51.0,24.0,-235.0,195.0
2010-01-06,2009,False,CentralMichigan,Troy,44,41,1,3.5,3.5,3.0,63.5,63.5,31.5,-160.0,140.0
2010-01-07,2009,False,Alabama,Texas,37,21,1,3.5,4.0,9.0,45.5,44.5,19.0,-175.0,155.0
2010-12-04,2010,False,SouthCarolina,Auburn,17,56,0,5.0,3.5,31.0,61.0,61.0,0.5,150.0,-180.0
2010-12-04,2010,False,VirginiaTech,FloridaState,44,33,1,4.5,4.5,2.0,51.0,50.5,25.5,-195.0,165.0
2010-12-04,2010,False,Oklahoma,Nebraska,23,20,1,2.5,4.5,4.0,54.0,52.0,27.0,-200.0,170.0
2010-12-11,2010,False,Army,Navy,17,31,0,7.5,7.5,2.5,56.5,52.5,24.0,260.0,-320.0
2010-12-18,2010,False,BYU,UTEP,52,24,1,12.0,10.5,4.0,49.0,51.0,26.0,-380.0,310.0
2010-12-18,2010,False,FresnoState,NoIllinois,17,40,0,3.0,1.5,28.5,60.0,57.0,0.0,105.0,-125.0
2010-12-18,2010,False,Troy,Ohio,48,21,1,1.0,1.5,2.5,58.0,57.5,27.0,-120.0,100.0
2010-12-21,2010,False,SoMississippi,Louisville,28,31,0,3.5,2.5,1.5,57.5,59.5,31.0,120.0,-140.0
2010-12-22,2010,False,BoiseState,Utah,26,3,1,17.5,16.0,9.5,61.0,57.5,28.0,-750.0,550.0
2010-12-24,2010,False,Hawaii,Tulsa,35,62,0,12.0,10.5,10.0,70.0,75.0,37.0,-380.0,310.0
2010-12-26,2010,False,Toledo,FloridaIntl,32,34,0,56.0,2.5,0.5,2.5,59.0,29.0,110.0,-130.0
2010-12-27,2010,False,AirForce,GeorgiaTech,14,7,1,2.5,3.0,2.5,56.0,55.0,24.5,-145.0,125.0
2010-12-28,2010,False,WestVirginia,NCState,7,23,0,2.5,3.0,0.5,48.5,50.0,24.0,-150.0,130.0
2010-12-28,2010,False,Iowa,Missouri,27,24,1,1.0,3.0,3.5,46.5,46.5,24.0,130.0,-150.0
2010-12-29,2010,False,Maryland,EastCarolina,51,20,1,7.5,8.0,3.5,69.0,70.5,31.5,-330.0,270.0
2010-12-29,2010,False,Baylor,Illinois,14,38,0,61.5,2.5,0.0,1.5,65.5,31.0,110.0,-130.0
2010-12-29,2010,False,OklahomaState,ArizonaU,36,10,1,6.0,5.0,0.0,64.5,69.0,34.5,-200.0,170.0
2010-12-30,2010,False,SMU,Army,14,16,0,8.0,7.5,7.0,52.0,50.0,24.0,-300.0,250.0
2010-12-30,2010,False,Syracuse,KansasState,36,34,1,3.0,1.0,0.0,47.0,48.5,25.0,103.0,-114.0
2010-12-30,2010,False,TennesseeU,NorthCarolina,27,30,0,1.5,50.0,24.5,50.0,1.0,0.0,110.0,-130.0
2010-12-30,2010,False,Nebraska,WashingtonU,7,19,0,13.0,13.0,7.5,52.5,55.5,24.5,-490.0,390.0
2010-12-31,2010,False,Clemson,SouthFlorida,26,31,0,4.0,5.0,3.0,40.0,41.0,21.0,-210.0,175.0
2010-12-31,2010,False,MiamiFlorida,NotreDame,17,33,0,3.0,2.5,3.0,45.5,48.0,21.5,-135.0,115.0
2010-12-31,2010,False,Georgia,CentralFlorida,6,10,0,7.0,6.5,3.5,54.0,53.5,23.5,-250.0,210.0
2010-12-31,2010,False,SouthCarolina,FloridaState,17,26,0,3.0,3.0,3.5,54.0,55.0,24.0,-140.0,120.0
2011-01-01,2010,False,TexasTech,Northwestern,45,38,1,9.5,7.5,4.5,59.5,63.0,30.5,-300.0,250.0
2011-01-01,2010,False,Florida,PennState,37,24,1,7.0,7.0,4.5,47.0,47.5,24.0,-250.0,210.0
2011-01-01,2010,False,Alabama,MichiganState,49,7,1,10.5,8.0,4.0,50.5,51.0,23.5,-300.0,250.0
2011-01-01,2010,False,MississippiSt,Michigan,52,14,1,6.0,3.0,0.0,58.5,62.0,31.5,-165.0,145.0
2011-01-01,2010,False,Wisconsin,TCU,19,21,0,3.0,3.0,2.0,56.5,55.0,28.0,130.0,-150.0
2011-01-01,2010,False,Oklahoma,Connecticut,48,20,1,17.0,16.5,10.0,56.0,54.0,27.0,-720.0,520.0
2011-01-03,2010,False,Stanford,VirginiaTech,40,12,1,3.0,4.0,2.5,58.0,59.0,28.5,-175.0,155.0
2011-01-04,2010,False,OhioState,Arkansas,31,26,1,3.0,3.0,30.5,57.5,58.0,1.0,-150.0,130.0
2011-01-06,2010,False,MiamiOhio,MiddleTennSt,35,21,1,48.0,1.5,1.0,1.5,49.0,24.5,105.0,-125.0
2011-01-07,2010,False,LSU,TexasA&M,41,24,1,1.0,2.0,0.5,49.0,48.5,27.5,-130.0,110.0
2011-01-08,2010,False,PittsburghU,Kentucky,27,10,1,3.0,4.5,0.0,52.5,52.0,24.0,-190.0,165.0
2011-01-09,2010,False,Nevada,BostonCollege,20,13,1,9.5,8.0,5.5,55.0,54.0,26.5,-300.0,250.0
2011-01-10,2010,False,Auburn,Oregon,22,19,1,3.0,0.0,38.5,74.5,73.0,1.0,-120.0,100.0
2011-09-03,2011,False,LSU,Oregon,40,27,1,2.5,3.0,4.0,55.5,54.5,25.0,150.0,-170.0
2011-12-02,2011,False,Ohio,NoIllinois,20,23,0,4.0,3.5,5.0,70.0,71.5,33.5,150.0,-170.0
2011-12-03,2011,False,LSU,Georgia,42,10,1,10.0,12.0,6.5,45.0,46.5,23.0,-450.0,350.0
2011-12-03,2011,False,Clemson,VirginiaTech,38,10,1,6.5,7.0,4.0,52.5,54.0,26.0,220.0,-280.0
2011-12-03,2011,False,Wisconsin,MichiganState,42,39,1,10.0,9.5,5.5,54.5,56.0,28.5,-400.0,320.0
2011-12-10,2011,False,Navy,Army,27,21,1,7.0,7.0,4.0,56.5,56.0,27.5,-300.0,250.0
2011-12-17,2011,False,Wyoming,Temple,15,37,0,7.0,7.0,3.0,47.5,51.5,24.5,230.0,-270.0
2011-12-17,2011,False,Ohio,UtahState,24,23,1,3.0,1.0,0.0,58.0,62.0,28.5,110.0,-130.0
2011-12-17,2011,False,SanDiegoState,ULLafayette,30,32,0,5.0,6.0,4.5,60.0,60.0,29.5,-230.0,190.0
2011-12-20,2011,False,Marshall,FloridaIntl,20,10,1,4.0,4.5,3.5,50.0,49.0,24.0,175.0,-210.0
2011-12-21,2011,False,TCU,LouisianaTech,31,24,1,11.0,10.0,7.0,55.5,54.0,27.0,-375.0,305.0
2011-12-22,2011,False,BoiseState,ArizonaState,56,24,1,13.0,14.5,7.0,67.0,65.5,29.5,-600.0,450.0
2011-12-24,2011,False,SouthernMiss,Nevada,24,17,1,6.0,7.0,4.0,60.0,65.0,31.0,-305.0,245.0
2011-12-26,2011,False,Missouri,NorthCarolina,41,24,1,3.5,4.5,1.0,53.5,53.5,27.0,-200.0,170.0
2011-12-27,2011,False,Purdue,WesternMichigan,37,32,1,2.5,1.5,32.0,60.0,62.5,3.0,-120.0,100.0
2011-12-27,2011,False,NCState,Louisville,31,24,1,1.5,1.5,22.5,45.5,44.0,0.5,-125.0,105.0
2011-12-28,2011,False,AirForce,Toledo,41,42,0,3.0,3.0,2.5,71.0,68.5,36.5,145.0,-165.0
2011-12-28,2011,False,Texas,California,21,10,1,3.0,3.0,0.0,47.0,48.0,21.0,-155.0,135.0
2011-12-29,2011,False,FloridaState,NotreDame,18,14,1,3.0,3.0,0.5,48.0,47.0,21.0,-155.0,135.0
2011-12-29,2011,False,Baylor,WashingtonU,67,56,1,8.5,8.0,7.0,76.5,79.0,42.5,-320.0,260.0
2011-12-30,2011,False,BYU,Tulsa,24,21,1,55.5,2.5,0.5,0.0,60.0,28.5,120.0,-140.0
2011-12-30,2011,False,IowaState,Rutgers,13,27,0,44.5,2.0,3.0,2.0,46.0,23.0,-130.0,110.0
2011-12-30,2011,False,MississippiSt,WakeForest,23,17,1,6.5,7.0,3.5,48.0,49.0,24.0,-270.0,230.0
2011-12-30,2011,False,Oklahoma,Iowa,31,14,1,15.5,13.5,6.5,58.0,58.0,26.5,-550.0,425.0
2011-12-31,2011,False,Northwestern,TexasA&M,22,33,0,10.0,9.5,4.0,65.0,69.0,34.0,290.0,-350.0
2011-12-31,2011,False,GeorgiaTech,Utah,27,30,0,3.0,1.5,1.5,51.0,49.0,24.0,-125.0,105.0
2011-12-31,2011,False,Illinois,UCLA,20,14,1,3.0,3.0,3.0,47.0,45.5,21.0,-150.0,130.0
2011-12-31,2011,False,Vanderbilt,CincinnatiU,24,31,0,1.5,2.0,1.5,49.5,51.0,24.0,-125.0,105.0
2011-12-31,2011,False,Auburn,Virginia,43,24,1,1.0,2.5,27.5,48.5,49.0,2.0,-140.0,120.0
2012-01-02,2011,False,HoustonU,PennState,30,14,1,7.0,6.5,4.0,57.5,56.0,28.0,-260.0,220.0
2012-01-02,2011,False,Georgia,MichiganState,30,33,0,3.0,2.0,21.5,51.0,48.0,2.5,-135.0,115.0
2012-01-02,2011,False,SouthCarolina,Nebraska,30,13,1,1.0,3.0,0.0,48.0,45.0,23.5,-150.0,130.0
2012-01-02,2011,False,OhioState,Florida,17,24,0,1.0,2.5,22.0,43.0,44.0,0.5,120.0,-140.0
2012-01-02,2011,False,Oregon,Wisconsin,45,38,1,4.5,4.5,4.0,72.0,74.5,42.5,-200.0,170.0
2012-01-02,2011,False,OklahomaState,Stanford,41,38,1,3.0,4.5,3.5,76.0,73.5,38.0,-210.0,175.0
2012-01-03,2011,False,VirginiaTech,Michigan,20,23,0,1.0,2.5,25.0,51.0,53.0,1.0,125.0,-145.0
2012-01-04,2011,False,Clemson,WestVirginia,33,70,0,0.0,3.0,7.5,60.0,64.5,37.0,-155.0,135.0
2012-01-06,2011,False,Arkansas,KansasState,29,16,1,7.5,9.5,4.0,64.0,65.0,31.0,-350.0,290.0
2012-01-07,2011,False,PittsburghU,SMU,6,28,0,5.5,4.0,4.0,48.5,47.5,23.5,-185.0,165.0
2012-01-08,2011,False,NoIllinois,ArkansasState,38,20,1,1.0,1.5,2.5,62.0,66.0,33.0,105.0,-125.0
2012-01-09,2011,False,LSU,Alabama,0,21,0,39.0,2.5,0.0,1.0,41.5,19.5,120.0,-140.0
2012-09-01,2012,False,Navy,NotreDame,10,50,0,17.0,14.5,7.5,58.5,51.5,23.5,501.0,-624.0
2012-09-01,2012,False,Alabama,Michigan,41,14,1,11.0,13.0,7.0,46.0,48.5,23.5,-485.0,415.0
2012-12-01,2012,False,Georgia,Alabama,28,32,0,7.5,9.0,5.5,50.5,49.5,23.0,265.0,-325.0
2012-12-01,2012,False,GeorgiaTech,FloridaState,15,21,0,13.0,15.5,7.5,63.5,59.5,27.5,465.0,-590.0
2012-12-01,2012,False,Wisconsin,Nebraska,70,31,1,3.0,3.5,3.5,49.0,51.0,24.5,150.0,-170.0
2012-12-07,2012,False,Army,Navy,13,17,0,7.5,7.0,4.0,57.0,55.5,27.5,245.0,-290.0
2012-12-15,2012,False,ArizonaU,Nevada,49,48,1,9.0,8.5,7.0,76.0,80.0,45.0,-345.0,285.0
2012-12-15,2012,False,UtahState,Toledo,41,15,1,10.0,10.0,6.0,57.5,59.5,28.0,-425.0,335.0
2012-12-21,2012,False,CentralFlorida,BallState,38,17,1,7.5,7.0,2.5,63.0,60.0,28.5,-300.0,245.0
2012-12-22,2012,False,ULLafayette,EastCarolina,43,34,1,5.5,6.5,3.0,64.0,69.5,37.5,-230.0,190.0
2012-12-22,2012,False,BoiseState,WashingtonU,28,26,1,5.0,4.0,2.5,46.0,44.0,23.5,-190.0,165.0
2012-12-24,2012,False,FresnoState,SMU,10,43,0,10.5,13.5,9.0,59.5,63.0,30.0,-560.0,430.0
2012-12-26,2012,False,WesternKentucky,CentralMichigan,21,24,0,6.0,6.0,3.0,60.0,55.5,27.5,-240.0,200.0
2012-12-27,2012,False,SanJoseState,BowlingGreen,29,20,1,7.5,7.0,3.0,47.0,46.0,23.0,-290.0,245.0
2012-12-27,2012,False,Duke,CincinnatiU,34,48,0,7.5,8.5,6.5,58.0,62.5,32.0,270.0,-330.0
2012-12-27,2012,False,UCLA,Baylor,26,49,0,2.0,3.0,3.0,78.0,81.0,39.5,-145.0,125.0
2012-12-28,2012,False,ULMonroe,Ohio,14,45,0,6.5,7.0,6.0,61.0,59.0,29.0,-260.0,220.0
2012-12-28,2012,False,VirginiaTech,Rutgers,13,10,1,2.0,0.0,0.5,41.5,42.0,20.0,-110.0,-110.0
2012-12-28,2012,False,TexasTech,MinnesotaU,34,31,1,12.5,13.0,6.5,57.0,55.0,28.5,-500.0,395.0
2012-12-29,2012,False,ArizonaState,Navy,62,28,1,60.5,61.0,28.5,0.0,0.0,0.5,-105.0,-115.0
2012-12-29,2012,False,Syracuse,WestVirginia,38,14,1,14.5,13.0,6.5,56.0,54.5,27.5,-500.0,400.0
2012-12-29,2012,False,Texas,OregonState,31,27,1,3.5,4.0,2.5,73.5,70.5,29.0,165.0,-185.0
2012-12-29,2012,False,MichiganState,TCU,17,16,1,1.0,3.0,1.5,56.5,57.0,27.5,140.0,-160.0
2012-12-31,2012,False,USC,GeorgiaTech,7,21,0,10.0,7.5,4.0,66.0,63.0,27.5,-300.0,250.0
2012-12-31,2012,False,Tulsa,IowaState,31,17,1,52.0,1.5,1.5,1.0,50.5,24.5,-135.0,115.0
2012-12-31,2012,False,LSU,Clemson,24,25,0,3.5,5.5,3.0,58.5,57.5,28.0,-210.0,175.0
2013-01-01,2012,False,OklahomaState,Purdue,58,14,1,17.0,17.5,7.0,70.0,69.0,29.5,-820.0,610.0
2013-01-01,2012,False,MississippiSt,Northwestern,20,34,0,51.5,1.5,0.0,2.0,54.5,26.0,110.0,-130.0
2013-01-01,2012,False,SouthCarolina,Michigan,33,28,1,3.5,5.5,1.0,48.0,47.5,24.0,-215.0,175.0
2013-01-01,2012,False,Georgia,Nebraska,45,31,1,9.5,9.5,5.0,57.0,62.0,33.5,-400.0,320.0
2013-01-01,2012,False,Stanford,Wisconsin,20,14,1,6.5,4.5,1.5,47.5,46.5,23.5,-190.0,165.0
2013-01-01,2012,False,FloridaState,NoIllinois,31,10,1,14.0,14.5,9.5,58.0,58.5,27.0,-600.0,450.0
2013-01-02,2012,False,Florida,Louisville,23,33,0,13.5,14.0,9.0,45.5,47.0,24.0,-600.0,450.0
2013-01-03,2012,False,Oregon,KansasState,35,17,1,7.5,7.5,3.0,75.0,74.0,35.5,-300.0,250.0
2013-01-04,2012,False,Oklahoma,TexasA&M,13,41,0,4.5,3.0,2.0,71.5,72.0,35.5,130.0,-150.0
2013-01-05,2012,False,Mississippi,PittsburghU,38,17,1,3.0,4.5,1.5,52.0,54.0,26.0,-190.0,165.0
2013-01-06,2012,False,KentState,ArkansasState,13,17,0,5.0,2.5,0.0,61.0,64.5,31.5,105.0,-125.0
2013-01-07,2012,False,NotreDame,Alabama,14,42,0,9.5,9.5,7.0,42.0,40.0,18.0,255.0,-310.0
2013-12-07,2013,False,Auburn,Missouri,59,42,1,58.0,2.0,33.0,3.0,59.5,2.5,110.0,-130.0
2013-12-07,2013,False,FloridaState,Duke,45,7,1,30.0,30.0,14.0,61.5,66.0,30.5,-5200.0,2200.0
2013-12-07,2013,False,MichiganState,OhioState,34,24,1,6.5,5.5,4.5,51.5,53.5,26.5,190.0,-220.0
2013-12-21,2013,False,WashingtonState,ColoradoState,45,48,0,3.5,4.0,NaN,66.0,64.0,NaN,-185.0,160.0
2013-12-21,2013,False,FresnoState,USC,20,45,0,5.5,4.5,0.5,62.0,65.5,30.5,165.0,-195.0
2013-12-21,2013,False,SanDiegoState,BuffaloU,49,24,1,2.0,0.0,3.0,54.0,48.5,24.0,-105.0,-115.0
2013-12-24,2013,False,EastCarolina,Ohio,37,20,1,12.5,14.0,9.0,62.0,63.5,34.5,-575.0,435.0
2013-12-26,2013,False,BowlingGreen,PittsburghU,27,30,0,6.0,6.5,4.5,51.0,50.0,24.0,-250.0,210.0
2013-12-26,2013,False,NoIllinois,UtahState,14,21,0,58.0,2.5,24.5,1.5,55.5,0.5,115.0,-135.0
2013-12-27,2013,False,Maryland,Marshall,20,31,0,2.5,2.5,34.0,59.5,64.0,0.5,120.0,-140.0
2013-12-27,2013,False,MinnesotaU,Syracuse,17,21,0,4.5,3.5,0.5,47.5,48.0,21.0,-170.0,145.0
2013-12-27,2013,False,BYU,WashingtonU,16,31,0,3.0,6.0,3.0,59.0,65.5,34.5,192.0,-230.0
2013-12-28,2013,False,NotreDame,Rutgers,29,16,1,15.5,14.5,7.5,53.0,53.5,27.0,-600.0,450.0
2013-12-28,2013,False,NorthCarolina,CincinnatiU,39,17,1,3.0,2.5,28.5,54.5,60.0,0.5,-135.0,115.0
2013-12-28,2013,False,Louisville,MiamiFlorida,36,9,1,3.0,5.5,4.0,55.5,60.0,28.0,-210.0,180.0
2013-12-28,2013,False,KansasState,Michigan,31,14,1,3.0,7.0,3.0,56.0,52.5,26.0,-275.0,227.0
2013-12-30,2013,False,Navy,MiddleTennSt,24,6,1,6.5,6.5,2.5,55.0,58.0,27.5,-270.0,230.0
2013-12-30,2013,False,GeorgiaTech,Mississippi,17,25,0,2.5,2.5,27.0,57.5,57.0,0.0,115.0,-135.0
2013-12-30,2013,False,Oregon,Texas,30,7,1,10.5,15.0,7.5,66.0,68.0,33.5,-600.0,445.0
2013-12-30,2013,False,ArizonaState,TexasTech,23,37,0,11.5,17.0,10.5,68.5,72.5,36.5,-800.0,545.0
2013-12-31,2013,False,ArizonaU,BostonCollege,42,19,1,7.0,7.0,5.0,57.0,57.0,27.0,-290.0,240.0
2013-12-31,2013,False,UCLA,VirginiaTech,42,12,1,7.5,7.0,3.0,47.0,45.0,21.5,-290.0,240.0
2013-12-31,2013,False,Rice,MississippiSt,7,44,0,7.0,7.0,6.0,51.5,50.0,24.5,235.0,-285.0
2013-12-31,2013,False,TexasA&M,Duke,52,48,1,11.5,13.5,10.0,70.0,75.5,41.5,-560.0,435.0
2014-01-01,2013,False,Georgia,Nebraska,19,24,0,9.0,9.5,6.0,60.0,61.0,26.5,-350.0,280.0
2014-01-01,2013,False,NorthTexas,UNLV,36,14,1,6.5,6.0,3.0,54.5,53.0,24.5,-235.0,200.0
2014-01-01,2013,False,SouthCarolina,Wisconsin,34,24,1,2.0,1.5,2.0,51.0,51.0,26.5,100.0,-120.0
2014-01-01,2013,False,LSU,Iowa,21,14,1,7.0,7.5,4.0,49.5,48.5,21.0,-315.0,255.0
2014-01-01,2013,False,Stanford,MichiganState,20,24,0,3.0,7.0,3.0,45.0,41.5,21.0,-285.0,235.0
2014-01-01,2013,False,Baylor,CentralFlorida,42,52,0,16.5,16.5,11.5,66.5,75.0,41.5,-670.0,520.0
2014-01-02,2013,False,Alabama,Oklahoma,31,45,0,15.0,16.5,10.5,51.0,51.5,29.5,-800.0,565.0
2014-01-03,2013,False,Missouri,OklahomaState,41,31,1,60.5,3.0,3.5,1.5,62.0,31.5,135.0,-160.0
2014-01-03,2013,False,OhioState,Clemson,35,40,0,3.0,2.5,0.5,66.5,71.5,38.0,-135.0,115.0
2014-01-04,2013,False,Vanderbilt,HoustonU,41,24,1,3.0,1.5,0.5,54.5,53.0,24.0,-120.0,100.0
2014-01-05,2013,False,BallState,ArkansasState,20,23,0,9.0,6.0,3.5,61.0,65.5,31.5,-240.0,200.0
2014-01-06,2013,False,FloridaState,Auburn,34,31,1,9.5,11.0,8.5,65.0,68.0,35.0,-380.0,310.0
2014-12-06,2014,False,Alabama,Missouri,42,13,1,13.0,14.0,7.5,48.5,49.0,24.0,-800.0,575.0
2014-12-06,2014,False,GeorgiaTech,FloridaState,35,37,0,4.0,3.5,1.5,60.0,64.0,33.0,146.0,-170.0
2014-12-06,2014,False,OhioState,Wisconsin,59,0,1,4.0,4.0,0.5,54.0,55.0,26.5,161.0,-190.0
2014-12-20,2014,False,ULLafayette,Nevada,16,3,1,3.0,1.5,2.5,60.0,62.5,28.5,105.0,-125.0
2014-12-20,2014,False,UtahState,UTEP,21,6,1,10.5,10.0,5.5,50.0,45.5,21.0,-370.0,300.0
2014-12-20,2014,False,ColoradoState,Utah,10,45,0,4.5,3.0,2.5,58.5,57.5,28.5,140.0,-160.0
2014-12-20,2014,False,AirForce,WesternMichigan,38,24,1,2.0,2.0,3.0,56.5,59.0,28.0,110.0,-130.0
2014-12-20,2014,False,BowlingGreen,SouthAlabama,33,28,1,1.5,4.0,3.5,54.0,55.0,27.5,165.0,-190.0
2014-12-22,2014,False,Memphis,BYU,55,48,1,0.0,1.0,0.5,57.5,56.0,31.0,-119.0,-101.0
2014-12-23,2014,False,Marshall,NoIllinois,52,23,1,10.5,8.5,3.5,64.5,67.5,34.5,-320.0,265.0
2014-12-23,2014,False,SanDiegoState,Navy,16,17,0,3.0,3.0,2.0,54.5,52.0,23.5,-160.0,135.0
2014-12-24,2014,False,WesternKentucky,CentralMichigan,49,48,1,2.5,3.5,0.5,65.0,67.0,35.5,-170.0,145.0
2014-12-24,2014,False,Rice,FresnoState,30,6,1,59.0,58.5,27.5,1.5,0.0,1.0,-111.0,-109.0
2014-12-26,2014,False,LouisianaTech,Illinois,35,18,1,5.0,7.0,0.0,62.0,54.5,27.0,-275.0,230.0
2014-12-26,2014,False,NorthCarolina,Rutgers,21,40,0,3.5,3.5,4.0,65.5,72.0,35.5,-170.0,145.0
2014-12-26,2014,False,CentralFlorida,NCState,27,34,0,1.0,2.0,0.5,50.0,48.0,24.5,-130.0,110.0
2014-12-27,2014,False,CincinnatiU,VirginiaTech,17,33,0,3.5,2.0,1.5,51.0,50.0,25.5,-130.0,110.0
2014-12-27,2014,False,ArizonaState,Duke,36,31,1,8.0,7.5,4.0,68.0,64.5,31.5,-280.0,230.0
2014-12-27,2014,False,SouthCarolina,MiamiFlorida,24,21,1,60.0,3.0,3.5,0.0,62.0,30.0,130.0,-150.0
2014-12-27,2014,False,BostonCollege,PennState,30,31,0,2.5,3.0,2.5,40.0,41.0,20.5,-145.0,125.0
2014-12-27,2014,False,USC,Nebraska,45,42,1,5.5,7.5,3.0,61.0,63.0,31.0,-295.0,235.0
2014-12-29,2014,False,TexasA&M,WestVirginia,45,37,1,3.5,3.0,3.0,64.0,67.0,36.0,150.0,-170.0
2014-12-29,2014,False,Oklahoma,Clemson,6,40,0,0.0,6.0,6.5,54.0,49.5,23.5,-240.0,200.0
2014-12-29,2014,False,Arkansas,Texas,31,7,1,5.0,7.0,3.5,47.0,43.0,21.0,-290.0,240.0
2014-12-30,2014,False,LSU,NotreDame,28,31,0,8.0,8.5,7.0,52.0,51.0,27.0,-355.0,295.0
2014-12-30,2014,False,Georgia,Louisville,37,14,1,7.0,7.0,0.0,57.0,55.0,26.0,-260.0,220.0
2014-12-30,2014,False,Stanford,Maryland,45,21,1,13.5,14.0,6.5,48.5,44.5,22.5,-560.0,425.0
2014-12-31,2014,False,TCU,Mississippi,42,3,1,3.0,3.0,3.0,56.5,55.0,24.0,-165.0,145.0
2014-12-31,2014,False,ArizonaU,BoiseState,30,38,0,4.0,2.5,4.5,68.5,66.0,34.5,-135.0,115.0
2014-12-31,2014,False,MississippiSt,GeorgiaTech,34,49,0,7.0,6.0,5.0,60.5,60.0,30.5,-230.0,190.0
2015-01-01,2014,False,Auburn,Wisconsin,31,34,0,4.5,6.0,0.5,61.5,65.0,30.5,-230.0,190.0
2015-01-01,2014,False,Baylor,MichiganState,41,42,0,2.0,3.0,1.0,70.5,69.0,35.0,-145.0,125.0
2015-01-01,2014,False,Missouri,MinnesotaU,33,17,1,5.5,3.5,0.0,49.0,46.5,21.5,-160.0,140.0
2015-01-01,2014,False,Oregon,FloridaState,59,20,1,8.0,7.5,2.5,71.0,74.0,40.0,-290.0,240.0
2015-01-01,2014,False,Alabama,OhioState,35,42,0,9.5,7.5,3.5,58.0,58.0,30.0,-300.0,250.0
2015-01-02,2014,False,HoustonU,PittsburghU,35,34,1,2.5,5.5,1.0,54.0,54.0,24.5,190.0,-230.0
2015-01-02,2014,False,TennesseeU,Iowa,45,28,1,2.5,3.0,0.0,52.0,51.5,24.5,-160.0,140.0
2015-01-02,2014,False,KansasState,UCLA,35,40,0,1.5,1.5,2.0,58.5,61.5,28.5,-125.0,105.0
2015-01-02,2014,False,WashingtonU,OklahomaState,22,30,0,5.0,7.0,6.0,56.0,57.0,27.5,-265.0,225.0
2015-01-03,2014,False,Florida,EastCarolina,28,20,1,7.5,6.5,0.5,57.0,54.0,27.0,-237.0,200.0
2015-01-04,2014,False,ArkansasState,Toledo,44,63,0,2.0,3.0,36.5,66.5,70.5,0.5,130.0,-150.0
2015-01-12,2014,False,Oregon,OhioState,20,42,0,7.5,5.5,6.5,73.5,72.0,39.5,-195.0,166.0
2015-09-03,2015,False,NorthCarolina,SouthCarolina,13,17,0,1.0,1.5,NaN,63.5,62.0,NaN,101.0,-121.0
2015-09-05,2015,False,Auburn,Louisville,31,24,1,10.5,10.5,3.5,58.0,54.0,24.0,-445.0,355.0
2015-09-05,2015,False,TexasA&M,ArizonaState,38,17,1,3.0,3.0,28.5,66.0,65.0,0.5,-160.0,140.0
2015-09-05,2015,False,TennesseeU,BowlingGreen,59,30,1,21.0,22.0,10.0,60.0,67.5,34.5,-1515.0,1065.0
2015-09-05,2015,False,Alabama,Wisconsin,35,17,1,9.5,12.0,5.5,52.5,44.5,23.0,-590.0,465.0
2015-12-05,2015,False,Stanford,USC,41,22,1,3.5,4.5,1.0,61.0,59.0,26.5,-215.0,185.0
2015-12-05,2015,False,Alabama,Florida,29,15,1,16.0,17.0,8.0,40.5,38.0,19.5,-1100.0,700.0
2015-12-05,2015,False,Clemson,NorthCarolina,45,37,1,5.5,6.5,3.0,63.0,69.0,33.5,-260.0,220.0
2015-12-05,2015,False,Iowa,MichiganState,13,16,0,3.0,3.5,2.5,52.5,49.5,23.0,160.0,-180.0
2015-12-12,2015,False,Navy,Army,21,17,1,22.5,22.0,10.0,54.5,51.0,25.0,-2000.0,1000.0
2015-12-19,2015,False,Utah,BYU,35,28,1,3.0,2.5,23.5,54.0,49.5,3.5,-140.0,120.0
2015-12-19,2015,False,AppalachianSt,Ohio,31,29,1,9.5,7.0,7.0,54.0,55.0,27.0,-290.0,230.0
2015-12-19,2015,False,GeorgiaState,SanJoseState,16,27,0,5.0,1.0,0.0,56.0,56.0,26.5,-105.0,-115.0
2015-12-19,2015,False,LouisianaTech,ArkansasState,47,28,1,1.5,1.0,0.0,66.0,64.0,33.0,-120.0,100.0
2015-12-21,2015,False,SouthFlorida,WesternKentucky,35,45,0,4.0,3.0,3.0,65.0,69.5,34.5,125.0,-145.0
2015-12-22,2015,False,UtahState,Akron,21,23,0,6.0,7.5,7.0,50.0,44.5,22.5,-310.0,260.0
2015-12-22,2015,False,Temple,Toledo,17,32,0,1.0,2.5,2.0,52.5,50.0,23.5,-140.0,120.0
2015-12-23,2015,False,NoIllinois,BoiseState,7,55,0,8.0,7.0,3.0,56.0,57.0,27.0,240.0,-280.0
2015-12-23,2015,False,BowlingGreen,GeorgiaSouthern,27,58,0,7.0,5.5,2.5,65.0,63.0,34.5,-210.0,180.0
2015-12-24,2015,False,WesternMichigan,MiddleTennSt,45,31,1,2.5,2.5,2.0,62.5,67.0,33.5,-145.0,125.0
2015-12-24,2015,False,SanDiegoState,CincinnatiU,42,7,1,56.0,2.5,0.0,1.0,56.5,25.5,-140.0,120.0
2015-12-26,2015,False,Marshall,Connecticut,16,10,1,5.0,2.5,0.5,44.0,44.0,22.5,-140.0,120.0
2015-12-26,2015,False,WashingtonState,MiamiFlorida,20,14,1,2.5,1.5,29.0,60.0,62.5,1.0,-125.0,105.0
2015-12-26,2015,False,WashingtonU,SouthernMiss,44,31,1,8.5,8.0,3.5,56.0,51.5,27.5,-330.0,270.0
2015-12-26,2015,False,Duke,Indiana,44,41,1,1.5,3.0,3.0,66.0,73.0,37.5,145.0,-165.0
2015-12-26,2015,False,VirginiaTech,Tulsa,55,52,1,14.0,13.5,7.0,62.0,62.5,35.0,-550.0,425.0
2015-12-26,2015,False,UCLA,Nebraska,29,37,0,6.0,5.0,3.0,60.0,62.0,34.0,-200.0,175.0
2015-12-28,2015,False,MinnesotaU,CentralMichigan,21,14,1,5.5,6.0,3.0,49.5,50.0,24.5,-240.0,200.0
2015-12-29,2015,False,California,AirForce,55,36,1,6.0,5.5,3.0,63.0,71.5,36.0,-220.0,190.0
2015-12-29,2015,False,NorthCarolina,Baylor,38,49,0,69.5,3.0,1.5,2.0,74.0,38.5,-145.0,125.0
2015-12-29,2015,False,ColoradoState,Nevada,23,28,0,3.0,4.5,5.0,56.0,56.0,28.0,-215.0,185.0
2015-12-29,2015,False,LSU,TexasTech,56,27,1,7.5,7.0,3.5,71.0,74.0,35.5,-280.0,240.0
2015-12-30,2015,False,Auburn,Memphis,31,10,1,3.0,3.0,3.0,61.5,64.5,28.5,-150.0,130.0
2015-12-30,2015,False,MississippiSt,NCState,51,28,1,5.0,6.0,3.0,57.5,61.5,30.5,-240.0,200.0
2015-12-30,2015,False,TexasA&M,Louisville,21,27,0,51.5,3.0,3.0,3.0,49.5,27.0,145.0,-165.0
2015-12-30,2015,False,USC,Wisconsin,21,23,0,3.0,4.0,3.0,51.0,51.0,24.5,-190.0,170.0
2015-12-31,2015,False,FloridaState,HoustonU,24,38,0,6.5,7.5,3.0,54.5,57.0,26.0,-300.0,250.0
2015-12-31,2015,False,Alabama,MichiganState,38,0,1,9.5,10.0,4.5,49.0,46.0,21.5,-370.0,310.0
2015-12-31,2015,False,Clemson,Oklahoma,37,17,1,4.0,3.5,1.5,65.0,64.0,34.0,155.0,-175.0
2016-01-01,2015,False,Northwestern,TennesseeU,6,45,0,8.0,9.5,4.5,45.5,49.0,24.0,300.0,-360.0
2016-01-01,2015,False,Michigan,Florida,41,7,1,4.0,3.5,0.0,41.5,40.0,21.5,-165.0,145.0
2016-01-01,2015,False,OhioState,NotreDame,44,28,1,6.5,4.0,1.0,54.0,58.5,31.0,-180.0,160.0
2016-01-01,2015,False,Stanford,Iowa,45,16,1,7.0,6.0,2.5,49.5,51.5,23.5,-240.0,200.0
2016-01-01,2015,False,OklahomaState,Mississippi,20,48,0,6.5,7.5,2.5,66.0,72.0,34.5,260.0,-310.0
2016-01-02,2015,False,Georgia,PennState,24,17,1,7.0,6.0,6.0,43.0,44.0,20.5,-240.0,200.0
2016-01-02,2015,False,Arkansas,KansasState,45,23,1,12.0,13.0,7.0,60.0,56.0,28.0,-525.0,405.0
2016-01-02,2015,False,Oregon,TCU,41,47,0,76.5,7.0,31.0,1.5,73.5,0.5,-310.0,250.0
2016-01-11,2015,False,Clemson,Alabama,40,45,0,6.5,6.5,3.5,53.0,50.5,25.5,220.0,-260.0
2016-08-26,2016,False,Hawaii,California,31,51,0,22.0,21.5,8.5,63.0,66.0,32.0,1000.0,-2000.0
2016-09-02,2016,False,Colorado,ColoradoState,44,7,1,7.0,7.5,3.0,55.5,56.5,24.5,-255.0,215.0
2016-09-03,2016,False,BostonCollege,GeorgiaTech,14,17,0,3.0,3.5,0.5,47.0,43.0,17.5,145.0,-165.0
2016-09-03,2016,False,Wisconsin,LSU,16,14,1,8.5,12.5,7.0,48.5,43.5,20.0,475.0,-650.0
2016-09-03,2016,False,Georgia,NorthCarolina,33,24,1,3.0,3.5,1.0,56.0,60.0,27.5,-175.0,155.0
2016-09-03,2016,False,HoustonU,Oklahoma,33,23,1,10.0,13.5,6.5,66.0,67.0,36.0,450.0,-600.0
2016-09-03,2016,False,Alabama,USC,52,6,1,10.0,13.0,7.5,54.5,52.0,22.5,-550.0,425.0
2016-09-03,2016,False,ArizonaU,BYU,16,18,0,63.0,1.0,27.5,0.0,64.0,0.5,100.0,-120.0
2016-09-05,2016,False,FloridaState,Mississippi,45,34,1,5.5,4.0,3.5,57.5,57.5,31.5,-190.0,165.0
2016-09-10,2016,False,TennesseeU,VirginiaTech,45,24,1,10.0,11.0,4.5,54.0,52.0,24.5,-450.0,360.0
2016-12-02,2016,False,WesternMichigan,Ohio,29,23,1,19.0,16.5,7.5,57.0,58.0,27.0,-900.0,600.0
2016-12-02,2016,False,WashingtonU,Colorado,41,10,1,7.5,8.5,3.5,60.0,55.5,24.5,-330.0,270.0
2016-12-03,2016,False,Alabama,Florida,54,16,1,21.5,23.5,11.0,41.0,40.5,21.5,-3000.0,1200.0
2016-12-03,2016,False,Clemson,VirginiaTech,42,35,1,9.5,11.0,4.5,58.0,59.0,28.0,-450.0,375.0
2016-12-03,2016,False,Wisconsin,PennState,31,38,0,3.0,3.0,24.0,47.5,44.5,0.0,-145.0,125.0
2016-12-10,2016,False,Navy,Army,17,21,0,10.0,6.0,2.5,54.0,47.5,21.5,-245.0,205.0
2016-12-17,2016,False,NewMexico,TexSanAntonio,23,20,1,7.0,9.0,4.5,64.0,54.0,24.5,-400.0,330.0
2016-12-17,2016,False,SanDiegoState,HoustonU,34,10,1,3.5,4.5,1.5,60.0,50.0,23.5,170.0,-190.0
2016-12-17,2016,False,CentralFlorida,ArkansasState,13,31,0,6.5,3.5,3.0,49.5,51.0,24.0,-175.0,155.0
2016-12-17,2016,False,Toledo,AppalachianSt,28,31,0,56.0,1.0,2.5,1.5,60.0,29.0,100.0,-120.0
2016-12-17,2016,False,ULLafayette,SouthernMiss,21,28,0,2.0,6.0,3.5,57.0,55.5,28.0,200.0,-240.0
2016-12-19,2016,False,Tulsa,CentralMichigan,55,10,1,12.0,11.5,5.0,67.5,65.0,31.5,-550.0,430.0
2016-12-20,2016,False,WesternKentucky,Memphis,51,31,1,5.0,7.0,3.0,77.0,79.5,39.5,-260.0,220.0
2016-12-21,2016,False,Wyoming,BYU,21,24,0,8.0,10.0,3.5,59.0,56.0,23.5,325.0,-400.0
2016-12-22,2016,False,Idaho,ColoradoState,61,50,1,13.0,15.5,9.0,64.0,64.5,31.5,500.0,-700.0
2016-12-23,2016,False,OldDominion,EasternMichigan,24,20,1,3.5,5.0,28.0,64.0,62.5,0.5,-210.0,180.0
2016-12-23,2016,False,Navy,LouisianaTech,45,48,0,3.0,8.0,2.5,68.0,67.0,38.0,230.0,-280.0
2016-12-23,2016,False,Troy,Ohio,28,23,1,4.0,6.0,3.0,49.0,49.0,24.5,-260.0,210.0
2016-12-26,2016,False,MississippiSt,MiamiOhio,17,16,1,13.5,15.0,7.0,58.0,58.5,27.5,-600.0,450.0
2016-12-26,2016,False,BostonCollege,Maryland,36,30,1,45.0,1.0,2.5,0.0,44.0,23.0,100.0,-120.0
2016-12-26,2016,False,NCState,Vanderbilt,41,17,1,3.5,6.0,2.0,42.5,46.0,23.0,-240.0,200.0
2016-12-27,2016,False,NorthTexas,Army,31,38,0,10.0,10.5,4.5,49.0,47.0,27.5,340.0,-420.0
2016-12-27,2016,False,Temple,WakeForest,26,34,0,13.0,10.5,7.0,41.0,41.5,22.5,-389.0,314.0
2016-12-27,2016,False,MinnesotaU,WashingtonState,17,12,1,5.5,8.0,3.5,60.0,60.0,26.5,270.0,-335.0
2016-12-27,2016,False,BoiseState,Baylor,12,31,0,8.0,7.5,7.5,68.0,71.0,36.0,-305.0,245.0
2016-12-28,2016,False,PittsburghU,Northwestern,24,31,0,4.0,4.0,3.5,68.0,64.0,34.0,-175.0,155.0
2016-12-28,2016,False,MiamiFlorida,WestVirginia,31,14,1,1.5,3.0,0.0,56.5,58.0,28.0,-165.0,145.0
2016-12-28,2016,False,Utah,Indiana,26,24,1,8.0,3.5,2.5,54.0,54.5,27.5,-170.0,150.0
2016-12-28,2016,False,TexasA&M,KansasState,28,33,0,2.5,4.0,4.5,58.0,57.0,28.5,-185.0,165.0
2016-12-29,2016,False,SouthCarolina,SouthFlorida,39,46,0,11.0,10.0,1.5,63.0,58.5,31.0,330.0,-400.0
2016-12-29,2016,False,VirginiaTech,Arkansas,35,24,1,6.5,7.5,6.5,62.0,61.0,28.5,-310.0,260.0
2016-12-29,2016,False,Colorado,OklahomaState,8,38,0,2.5,3.0,2.5,64.0,64.5,29.5,-160.0,140.0
2016-12-30,2016,False,Georgia,TCU,31,23,1,49.0,3.0,2.5,0.0,48.5,24.0,135.0,-155.0
2016-12-30,2016,False,Stanford,NorthCarolina,25,23,1,3.0,2.5,24.0,54.0,55.5,3.5,-140.0,120.0
2016-12-30,2016,False,AirForce,SouthAlabama,45,21,1,12.5,15.0,7.5,57.5,54.5,28.5,-700.0,500.0
2016-12-30,2016,False,TennesseeU,Nebraska,38,24,1,3.5,9.5,4.0,61.0,58.5,28.0,-400.0,330.0
2016-12-30,2016,False,Michigan,FloridaState,32,33,0,7.0,6.5,5.5,58.0,50.5,24.5,-260.0,220.0
2016-12-31,2016,False,Louisville,LSU,9,29,0,2.5,3.0,0.5,59.5,59.5,27.0,125.0,-145.0
2016-12-31,2016,False,GeorgiaTech,Kentucky,33,18,1,4.5,3.0,28.0,60.0,62.0,0.5,-160.0,140.0
2016-12-31,2016,False,Alabama,WashingtonU,24,7,1,14.5,13.0,7.0,58.0,50.5,24.0,-500.0,400.0
2016-12-31,2016,False,Clemson,OhioState,31,0,1,61.5,1.0,27.0,3.5,56.5,0.5,-115.0,-105.0
2017-01-02,2016,False,Florida,Iowa,30,3,1,2.0,1.5,20.0,40.5,40.5,0.5,-125.0,105.0
2017-01-02,2016,False,Wisconsin,WesternMichigan,24,16,1,7.5,8.0,4.0,54.0,54.0,25.5,-280.0,240.0
2017-01-02,2016,False,PennState,USC,49,52,0,6.5,7.0,3.0,60.0,59.5,31.5,240.0,-280.0
2017-01-02,2016,False,Oklahoma,Auburn,35,19,1,6.0,2.5,3.0,64.0,67.0,31.0,-140.0,120.0
2017-01-09,2016,False,Alabama,Clemson,31,35,0,6.0,6.0,2.5,54.0,51.0,24.0,-210.0,180.0
2017-08-26,2017,False,ColoradoState,OregonState,58,27,1,3.5,3.0,32.5,62.0,60.0,0.5,-160.0,140.0
2017-12-02,2017,False,FloridaAtlantic,NorthTexas,41,17,1,10.0,12.0,4.5,74.5,71.5,31.5,-400.0,300.0
2017-12-02,2017,False,Toledo,Akron,45,28,1,18.5,20.5,9.5,54.0,62.0,27.0,-1600.0,900.0
2017-12-02,2017,False,Clemson,MiamiFlorida,38,3,1,7.5,12.0,6.5,48.0,48.0,21.5,-550.0,400.0
2017-12-02,2017,False,Wisconsin,OhioState,21,27,0,5.5,3.5,0.5,53.5,50.5,24.5,145.0,-170.0
2017-12-02,2017,False,Oklahoma,TCU,41,17,1,7.0,7.5,2.0,61.5,64.0,31.5,-330.0,260.0
2017-12-09,2017,False,Navy,Army,13,14,0,3.5,2.0,0.5,51.0,44.0,21.0,-130.0,110.0
2017-12-16,2017,False,Grambling,N.CarolinaA&T,14,21,0,7.0,5.5,3.0,51.0,49.5,21.5,180.0,-220.0
2017-12-16,2017,False,Troy,NorthTexas,50,30,1,5.5,4.5,1.5,60.5,62.5,30.0,-180.0,150.0
2017-12-16,2017,False,WesternKentucky,GeorgiaState,17,27,0,5.0,5.5,2.5,50.5,55.0,27.0,-210.0,175.0
2017-12-16,2017,False,BoiseState,Oregon,38,28,1,5.0,7.0,3.5,58.5,63.0,29.0,210.0,-260.0
2017-12-16,2017,False,ColoradoState,Marshall,28,31,0,5.5,3.0,3.0,54.5,58.5,28.5,-160.0,140.0
2017-12-16,2017,False,ArkansasState,MiddleTennSt,30,35,0,3.5,4.0,4.0,57.5,61.0,28.5,-190.0,160.0
2017-12-20,2017,False,SMU,LouisianaTech,10,51,0,5.0,4.0,6.5,70.0,70.5,31.0,-185.0,155.0
2017-12-21,2017,False,FloridaIntl,Temple,3,28,0,7.0,7.0,3.5,53.5,57.5,23.5,230.0,-280.0
2017-12-22,2017,False,Ohio,UAB,41,6,1,7.5,6.5,1.0,57.0,54.5,24.5,-250.0,200.0
2017-12-22,2017,False,Wyoming,CentralMichigan,37,14,1,0.0,2.5,23.0,45.5,46.0,1.5,-135.0,115.0
2017-12-23,2017,False,SouthFlorida,TexasTech,38,34,1,2.0,2.5,2.5,64.5,66.0,31.0,-135.0,115.0
2017-12-23,2017,False,SanDiegoState,Army,35,42,0,6.5,6.5,3.0,46.0,46.5,24.5,-240.0,190.0
2017-12-23,2017,False,Toledo,AppalachianSt,0,34,0,8.0,6.0,4.5,62.5,61.5,28.0,-240.0,190.0
2017-12-24,2017,False,FresnoState,Houston,33,27,1,2.0,2.5,0.0,46.0,52.0,25.5,125.0,-145.0
2017-12-26,2017,False,WestVirginia,Utah,14,30,0,4.5,6.5,4.0,54.0,56.0,26.0,200.0,-250.0
2017-12-26,2017,False,Duke,NoIllinois,36,14,1,4.5,5.0,2.0,47.5,48.5,24.0,-220.0,180.0
2017-12-26,2017,False,UCLA,KansasState,17,35,0,63.5,6.0,3.5,0.0,58.5,27.5,200.0,-250.0
2017-12-27,2017,False,FloridaState,SouthernMiss,42,13,1,14.0,12.5,7.0,49.0,48.5,23.5,-475.0,367.0
2017-12-27,2017,False,Iowa,BostonCollege,27,20,1,3.0,2.0,0.5,45.0,46.5,21.5,-130.0,110.0
2017-12-27,2017,False,Texas,Missouri,33,16,1,1.5,3.0,4.5,60.5,61.5,31.5,135.0,-155.0
2017-12-27,2017,False,Arizona,Purdue,35,38,0,3.5,2.5,3.0,66.5,64.0,33.5,-140.0,120.0
2017-12-28,2017,False,Navy,Virginia,49,7,1,0.0,3.0,1.0,54.0,50.5,21.5,-145.0,125.0
2017-12-28,2017,False,OklahomaState,VirginiaTech,30,21,1,6.5,6.0,1.0,63.0,61.0,28.5,-220.0,180.0
2017-12-28,2017,False,TCU,Stanford,39,37,1,2.5,3.5,4.5,47.5,50.0,24.0,-170.0,145.0
2017-12-28,2017,False,WashingtonState,MichiganState,17,42,0,44.5,3.0,1.5,3.5,47.5,21.5,130.0,-150.0
2017-12-29,2017,False,WakeForest,TexasA&M,55,52,1,3.0,3.5,1.5,64.0,62.5,35.0,-170.0,145.0
2017-12-29,2017,False,ArizonaState,NCState,31,52,0,6.0,5.5,1.0,59.5,62.5,30.0,180.0,-220.0
2017-12-29,2017,False,Northwestern,Kentucky,24,23,1,7.0,7.5,2.0,51.0,50.5,22.5,-310.0,250.0
2017-12-29,2017,False,NewMexicoState,UtahState,26,20,1,3.0,5.0,3.5,61.0,63.5,30.0,180.0,-220.0
2017-12-29,2017,False,OhioState,USC,24,7,1,7.0,10.0,4.5,64.0,66.0,29.0,-420.0,320.0
2017-12-30,2017,False,MississippiState,Louisville,31,27,1,5.0,7.0,1.0,61.5,62.0,31.0,220.0,-270.0
2017-12-30,2017,False,Memphis,IowaState,20,21,0,3.0,3.5,3.0,65.5,68.5,31.5,-170.0,145.0
2017-12-30,2017,False,PennState,Washington,35,28,1,1.5,3.0,0.5,55.0,56.5,27.0,-155.0,135.0
2017-12-30,2017,False,MiamiFlorida,Wisconsin,24,34,0,6.5,6.5,2.5,45.0,46.0,22.0,200.0,-250.0
2018-01-01,2017,False,Michigan,SouthCarolina,19,26,0,8.5,8.5,3.0,43.0,41.0,18.5,-400.0,300.0
2018-01-01,2017,False,Auburn,CentralFlorida,27,34,0,9.5,10.5,7.5,63.0,67.0,30.5,-450.0,350.0
2018-01-01,2017,False,NotreDame,LSU,21,17,1,2.0,2.0,1.5,50.0,52.5,23.5,105.0,-125.0
2018-01-01,2017,False,Oklahoma,Georgia,48,54,0,59.0,2.5,3.0,1.0,62.5,34.0,120.0,-140.0
2018-01-01,2017,False,Clemson,Alabama,6,24,0,47.0,3.5,2.5,1.0,47.0,21.0,150.0,-180.0
2018-01-08,2017,False,Georgia,Alabama,23,26,0,4.5,3.5,6.0,45.0,45.0,22.5,155.0,-180.0
2018-09-01,2018,False,Auburn,Washington,21,16,1,2.5,1.5,1.0,54.0,50.5,NaN,-119.0,-101.0
2018-09-01,2018,False,Alabama,Louisville,51,14,1,25.5,22.5,10.0,53.5,60.0,24.0,-2000.0,1041.0
2018-11-30,2018,False,BuffaloU,NoIllinois,29,30,0,4.0,3.0,0.0,49.0,51.5,26.5,-160.0,140.0
2018-11-30,2018,False,Washington,Utah,10,3,1,4.0,4.5,1.5,44.5,45.0,20.5,-200.0,170.0
2018-12-01,2018,False,Oklahoma,Texas,39,27,1,7.5,9.5,5.0,78.0,80.0,39.5,-400.0,300.0
2018-12-01,2018,False,Alabama,Georgia,35,28,1,13.0,11.5,9.5,63.0,62.0,31.0,-460.0,355.0
2018-12-01,2018,False,Clemson,PittsburghU,42,10,1,24.5,28.0,11.5,57.5,53.5,24.0,-4500.0,2250.0
2018-12-01,2018,False,OhioState,Northwestern,45,24,1,12.5,16.5,7.0,60.0,63.5,28.0,-800.0,550.0
2018-12-15,2018,False,N.CarolinaA&T,AlcornSt,24,22,1,9.0,7.0,0.0,48.0,46.5,22.5,-300.0,240.0
2018-12-15,2018,False,UtahState,NorthTexas,52,13,1,10.0,7.0,5.5,64.5,68.0,27.0,-270.0,220.0
2018-12-15,2018,False,ULLafayette,Tulane,24,41,0,3.5,3.0,1.5,59.0,60.5,27.5,135.0,-155.0
2018-12-15,2018,False,FresnoState,ArizonaState,31,20,1,3.5,6.0,3.0,52.5,54.5,27.0,-250.0,200.0
2018-12-15,2018,False,GeorgiaSouthern,EasternMichigan,23,21,1,0.0,2.5,0.0,48.0,45.5,21.5,-140.0,120.0
2018-12-15,2018,False,AppalachianSt,MiddleTennSt,45,13,1,7.0,6.5,2.5,50.5,48.0,23.5,-260.0,210.0
2018-12-18,2018,False,UAB,NoIllinois,37,13,1,1.0,1.0,21.0,44.0,41.5,2.5,-120.0,100.0
2018-12-19,2018,False,SanDiegoState,Ohio,0,27,0,3.0,2.0,0.5,55.0,48.5,21.0,125.0,-145.0
2018-12-20,2018,False,SouthFlorida,Marshall,20,38,0,2.0,3.0,24.0,54.5,50.0,0.0,150.0,-180.0
2018-12-21,2018,False,Toledo,FloridaIntl,32,35,0,6.5,7.0,5.0,66.5,57.0,27.0,-300.0,240.0
2018-12-21,2018,False,WesternMichigan,BYU,18,49,0,12.5,10.5,6.5,48.0,52.0,24.0,290.0,-380.0
2018-12-22,2018,False,Memphis,WakeForest,34,37,0,4.0,1.5,37.0,73.0,71.0,0.0,-130.0,110.0
2018-12-22,2018,False,Army,Houston,70,14,1,3.0,6.5,3.0,64.5,56.5,25.5,-250.0,200.0
2018-12-22,2018,False,Troy,BuffaloU,42,32,1,3.0,2.5,0.5,53.5,51.5,26.5,115.0,-135.0
2018-12-22,2018,False,Hawaii,LouisianaTech,14,31,0,58.5,1.0,4.0,2.0,61.5,28.0,100.0,-120.0
2018-12-26,2018,False,GeorgiaTech,MinnesotaU,10,34,0,4.0,6.0,3.0,61.0,56.5,24.5,-240.0,190.0
2018-12-26,2018,False,California,TCU,7,10,0,41.0,1.5,0.0,0.0,38.5,17.0,115.0,-135.0
2018-12-27,2018,False,Temple,Duke,27,56,0,3.0,3.5,0.0,56.5,56.5,30.0,-180.0,150.0
2018-12-27,2018,False,Wisconsin,MiamiFlorida,35,3,1,4.0,3.0,2.5,47.0,45.0,20.0,135.0,-155.0
2018-12-27,2018,False,Baylor,Vanderbilt,45,38,1,4.5,4.5,28.5,55.0,57.5,0.0,175.0,-210.0
2018-12-28,2018,False,Purdue,Auburn,14,63,0,4.0,3.5,0.0,54.5,57.5,24.0,150.0,-180.0
2018-12-28,2018,False,WestVirginia,Syracuse,18,34,0,74.0,3.0,0.5,7.5,67.5,28.5,130.0,-150.0
2018-12-28,2018,False,WashingtonState,IowaState,28,26,1,5.0,2.5,27.5,54.5,57.0,1.0,-145.0,125.0
2018-12-29,2018,False,Nevada,ArkansasState,16,13,1,0.0,1.5,0.5,58.5,57.5,24.5,-125.0,105.0
2018-12-29,2018,False,Michigan,Florida,15,41,0,6.0,4.5,0.5,50.5,51.0,24.5,-200.0,170.0
2018-12-29,2018,False,Virginia,SouthCarolina,28,0,1,6.0,3.5,3.0,55.0,54.0,24.5,145.0,-170.0
2018-12-29,2018,False,Alabama,Oklahoma,45,34,1,13.5,15.0,6.5,79.0,81.0,37.5,-650.0,450.0
2018-12-29,2018,False,Clemson,NotreDame,30,3,1,11.0,10.5,6.0,56.0,58.0,27.0,-400.0,300.0
2018-12-31,2018,False,CincinnatiU,VirginiaTech,35,31,1,5.5,5.0,2.0,53.5,48.5,23.5,-200.0,170.0
2018-12-31,2018,False,Stanford,PittsburghU,14,13,1,6.5,3.0,24.5,52.0,52.5,0.0,-165.0,142.0
2018-12-31,2018,False,Oregon,MichiganState,7,6,1,48.0,1.0,2.0,1.5,47.0,20.5,100.0,-120.0
2018-12-31,2018,False,OklahomaState,Missouri,38,33,1,9.5,9.0,6.0,71.0,73.5,35.5,275.0,-350.0
2018-12-31,2018,False,Utah,Northwestern,20,31,0,6.5,6.5,3.5,45.0,43.5,21.5,-270.0,220.0
2018-12-31,2018,False,TexasA&M,NCState,52,13,1,4.5,7.5,3.5,58.5,57.5,28.0,-380.0,290.0
2019-01-01,2018,False,MississippiState,Iowa,22,27,0,6.0,7.0,4.0,44.5,39.5,19.5,-300.0,240.0
2019-01-01,2018,False,PennState,Kentucky,24,27,0,5.5,4.5,4.0,48.0,47.5,21.5,-190.0,160.0
2019-01-01,2018,False,CentralFlorida,LSU,32,40,0,8.0,7.5,2.5,54.5,58.5,31.0,250.0,-310.0
2019-01-01,2018,False,OhioState,Washington,28,23,1,5.0,6.0,0.5,58.5,55.5,27.0,-250.0,200.0
2019-01-01,2018,False,Georgia,Texas,21,28,0,10.5,13.5,10.0,58.0,60.5,30.5,-600.0,425.0
2019-01-07,2018,False,Alabama,Clemson,16,44,0,7.0,5.5,7.5,62.5,57.5,31.0,-240.0,190.0
2019-08-31,2019,False,Auburn,Oregon,27,21,1,2.5,3.5,3.5,57.5,55.5,27.0,-170.0,145.0
2019-12-07,2019,False,Oklahoma,Baylor,30,23,1,9.5,9.5,7.0,61.0,66.5,27.5,-380.0,290.0
2019-12-07,2019,False,LSU,Georgia,37,10,1,7.0,7.0,3.5,55.5,57.0,26.5,-270.0,220.0
2019-12-07,2019,False,OhioState,Wisconsin,34,21,1,16.5,16.5,11.0,52.5,58.0,30.5,-800.0,550.0
2019-12-07,2019,False,Clemson,Virginia,62,17,1,28.0,29.5,13.5,53.0,57.0,27.0,-7000.0,1700.0
2019-12-20,2019,False,Charlotte,BuffaloU,9,31,0,4.5,7.0,3.0,56.5,51.5,22.5,220.0,-270.0
2019-12-20,2019,False,UtahState,KentState,41,51,0,8.0,7.0,5.0,66.0,71.5,35.0,-275.0,225.0
2019-12-20,2019,False,NorthCentralIllinois,UW-Whitewater,41,14,1,13.5,13.5,1.0,68.5,69.5,29.5,-550.0,400.0
2019-12-21,2019,False,AlcornSt,N.CarolinaA&T,44,64,0,2.5,3.0,0.5,51.5,51.5,23.5,135.0,-155.0
2019-12-21,2019,False,SanDiegoState,CentralMichigan,48,11,1,4.5,3.5,1.0,41.5,41.0,20.0,-190.0,160.0
2019-12-21,2019,False,GeorgiaSouthern,Liberty,16,23,0,6.0,4.5,2.5,55.5,58.5,26.5,-200.0,170.0
2019-12-21,2019,False,ArkansasState,FloridaIntl,34,26,1,63.0,1.0,0.5,3.0,59.5,30.0,100.0,-120.0
2019-12-21,2019,False,BoiseState,Washington,7,38,0,3.0,3.5,1.0,50.0,48.0,21.0,145.0,-170.0
2019-12-21,2019,False,AppalachianSt,UAB,31,17,1,17.5,17.0,9.5,48.0,47.5,24.5,-900.0,600.0
2019-12-23,2019,False,CentralFlorida,Marshall,48,25,1,17.5,15.0,7.0,61.0,59.5,26.5,-650.0,450.0
2019-12-26,2019,False,LouisianaTech,MiamiFlorida,14,0,1,7.5,6.5,3.0,50.5,50.0,21.5,190.0,-240.0
2019-12-26,2019,False,EasternMichigan,PittsburghU,30,34,0,9.5,12.5,7.0,48.5,51.0,27.0,375.0,-500.0
2019-12-27,2019,False,Temple,NorthCarolina,13,55,0,6.0,6.0,2.5,52.5,57.0,27.5,190.0,-240.0
2019-12-27,2019,False,WakeForest,MichiganState,21,27,0,3.5,4.0,2.5,48.5,52.0,26.5,155.0,-185.0
2019-12-27,2019,False,TexasA&M,OklahomaState,24,21,1,4.0,4.5,3.5,54.0,56.0,27.0,-200.0,170.0
2019-12-27,2019,False,Iowa,USC,49,24,1,51.5,1.0,3.5,2.5,54.5,28.0,-105.0,-115.0
2019-12-27,2019,False,AirForce,WashingtonState,31,21,1,3.0,2.5,0.5,67.0,71.5,35.0,-140.0,120.0
2019-12-28,2019,False,NotreDame,IowaState,33,9,1,3.5,3.5,25.5,57.5,55.0,1.0,-180.0,150.0
2019-12-28,2019,False,PennState,Memphis,53,39,1,7.5,7.0,2.5,61.0,60.5,31.5,-275.0,225.0
2019-12-28,2019,False,LSU,Oklahoma,63,28,1,10.0,12.5,7.0,77.0,75.0,33.0,-500.0,375.0
2019-12-28,2019,False,OhioState,Clemson,23,29,0,61.5,2.5,3.0,0.0,62.5,31.5,125.0,-145.0
2019-12-30,2019,False,WesternKentucky,WesternMichigan,23,20,1,2.0,3.0,4.0,52.5,56.0,27.0,-145.0,125.0
2019-12-30,2019,False,Louisville,MississippiState,38,28,1,3.5,4.5,31.0,62.0,63.0,0.5,160.0,-190.0
2019-12-30,2019,False,California,Illinois,35,20,1,4.0,6.5,0.5,42.0,48.0,24.5,-265.0,215.0
2019-12-30,2019,False,Florida,Virginia,36,28,1,13.5,16.0,7.0,54.0,55.0,27.5,-700.0,500.0
2019-12-31,2019,False,VirginiaTech,Kentucky,30,37,0,2.5,2.0,23.5,46.5,46.5,0.5,-130.0,110.0
2019-12-31,2019,False,ArizonaState,FloridaState,20,14,1,4.5,3.0,0.0,56.0,52.0,21.5,-160.0,140.0
2019-12-31,2019,False,Navy,KansasState,20,17,1,52.0,2.5,2.5,2.0,53.5,24.5,-135.0,115.0
2019-12-31,2019,False,Wyoming,GeorgiaState,38,17,1,7.0,7.0,2.5,49.0,50.0,23.0,-280.0,230.0
2019-12-31,2019,False,Utah,Texas,10,38,0,6.5,7.0,4.5,55.0,57.0,25.0,-260.0,210.0
2020-01-01,2019,False,Alabama,Michigan,35,16,1,7.0,7.5,3.5,56.0,60.0,31.0,-330.0,260.0
2020-01-01,2019,False,Auburn,MinnesotaU,24,31,0,8.0,7.0,3.5,51.0,53.0,27.5,-275.0,225.0
2020-01-01,2019,False,Oregon,Wisconsin,28,27,1,3.0,3.0,0.5,49.5,52.5,24.0,140.0,-160.0
2020-01-01,2019,False,Georgia,Baylor,26,14,1,8.5,4.0,1.5,42.5,44.0,20.0,-190.0,160.0
2020-01-02,2019,False,CincinnatiU,BostonCollege,38,6,1,6.5,7.5,4.0,54.5,54.0,22.0,-300.0,240.0
2020-01-02,2019,False,Indiana,TennesseeU,22,23,0,1.0,3.5,3.0,49.0,55.0,24.5,145.0,-170.0
2020-01-03,2019,False,Nevada,Ohio,21,30,0,6.5,10.0,6.0,56.5,62.5,30.0,300.0,-400.0
2020-01-04,2019,False,SouthernMiss,Tulane,13,30,0,7.0,7.0,4.0,57.5,57.5,27.5,220.0,-270.0
2020-01-06,2019,False,ULLafayette,MiamiOhio,27,17,1,14.0,15.0,8.5,55.5,55.5,27.5,-700.0,500.0
2020-01-11,2019,False,NoDakotaState,JamesMadison,28,20,1,1.0,2.0,0.5,52.5,45.0,22.5,105.0,-125.0
2020-01-13,2019,False,LSU,Clemson,42,25,1,3.0,4.5,0.5,68.5,66.5,34.0,-185.0,165.0
2020-08-29,2020,False,CentralArkansas,AustinPeay,24,17,1,6.0,5.0,4.0,40.5,46.5,22.5,-210.0,180.0
2021-09-04,2021,False,Clemson,Georgia,3,10,0,3.5,2.5,0.5,52.5,51.5,22.5,-140.0,120.0
2021-09-04,2021,False,Arizona,BYU,16,24,0,9.5,13.5,4.5,56.5,54.0,24.0,425.0,-550.0
2021-10-09,2021,False,Texas,Oklahoma,48,55,0,3.5,4.0,6.5,64.5,65.5,33.0,150.0,-170.0
2021-12-04,2021,False,OklahomaState,Baylor,16,21,0,6.5,7.0,6.0,48.5,45.5,21.5,-265.0,225.0
2021-12-04,2021,False,NoIllinois,KentState,41,23,1,2.0,3.5,6.5,72.5,75.5,33.5,145.0,-165.0
2021-12-04,2021,False,Alabama,Georgia,41,24,1,4.0,6.0,4.0,53.0,48.5,27.5,190.0,-220.0
2021-12-04,2021,False,PittsburghU,WakeForest,45,21,1,2.5,2.5,0.5,71.5,74.0,35.5,-160.0,140.0
2021-12-04,2021,False,Michigan,Iowa,42,3,1,10.5,12.0,4.0,44.5,44.0,20.5,-500.0,400.0
2021-12-17,2021,False,MiddleTennSt,Toledo,31,24,1,7.0,10.5,3.5,54.5,50.0,24.5,320.0,-380.0
2021-12-17,2021,False,NoIllinois,CoastalCarolina,41,47,0,7.5,12.5,7.5,65.0,63.5,34.5,375.0,-450.0
2021-12-18,2021,False,WesternKentucky,AppalachianSt,59,38,1,66.0,1.0,37.0,3.0,68.5,1.5,-110.0,-110.0
2021-12-18,2021,False,JacksonSt,SoCarolinaSt,10,31,0,12.5,10.5,6.0,40.5,42.5,19.5,-410.0,340.0
2021-12-18,2021,False,FresnoState,UTEP,31,24,1,17.5,13.5,4.0,51.5,54.5,27.5,-550.0,425.0
2021-12-18,2021,False,BYU,UAB,28,31,0,8.5,5.5,4.0,55.5,54.5,27.5,-240.0,200.0
2021-12-18,2021,False,Liberty,EasternMichigan,56,20,1,7.0,10.0,4.5,58.5,58.0,27.5,-350.0,290.0
2021-12-18,2021,False,UtahState,OregonState,24,13,1,6.5,6.5,3.0,65.0,68.5,33.5,210.0,-250.0
2021-12-18,2021,False,ULLafayette,Marshall,36,21,1,6.0,3.5,0.5,49.5,56.0,27.5,-190.0,170.0
2021-12-21,2021,False,KentState,Wyoming,38,52,0,4.0,3.0,1.0,58.5,60.5,35.0,130.0,-150.0
2021-12-21,2021,False,TexSanAntonio,SanDiegoState,24,38,0,50.0,3.0,0.5,3.5,48.5,24.5,120.0,-140.0
2021-12-22,2021,False,Army,Missouri,24,22,1,3.0,7.0,5.0,65.0,54.0,26.5,-255.0,215.0
2021-12-23,2021,False,Florida,CentralFlorida,17,29,0,6.5,7.0,3.5,57.5,56.0,26.0,-250.0,210.0
2021-12-23,2021,False,NorthTexas,MiamiOhio,14,27,0,4.5,2.0,0.5,52.5,57.0,28.5,110.0,-130.0
2021-12-25,2021,False,GeorgiaState,BallState,51,20,1,1.5,6.5,1.5,48.5,53.0,24.0,-220.0,190.0
2021-12-27,2021,False,Nevada,WesternMichigan,24,52,0,65.5,6.5,4.0,7.5,57.5,24.5,210.0,-250.0
2021-12-28,2021,False,Auburn,Houston,13,17,0,51.5,1.0,22.5,2.5,49.5,0.5,105.0,-125.0
2021-12-28,2021,False,AirForce,Louisville,31,28,1,0.0,1.5,27.5,55.5,54.5,0.5,-115.0,-105.0
2021-12-28,2021,False,MississippiState,TexasTech,7,34,0,9.5,10.0,7.0,59.5,58.0,28.0,-350.0,290.0
2021-12-28,2021,False,MinnesotaU,WestVirginia,18,6,1,7.0,6.0,4.5,44.5,45.0,21.5,-240.0,200.0
2021-12-29,2021,False,VirginiaTech,Maryland,10,54,0,53.5,4.5,1.5,2.5,55.5,27.0,170.0,-190.0
2021-12-29,2021,False,Clemson,IowaState,20,13,1,0.0,2.0,0.5,44.5,45.0,21.0,-125.0,105.0
2021-12-29,2021,False,Oklahoma,Oregon,47,32,1,4.0,7.5,2.0,63.0,64.0,27.5,-270.0,230.0
2021-12-30,2021,False,NorthCarolina,SouthCarolina,21,38,0,5.0,13.0,7.0,58.5,57.5,30.5,-450.0,375.0
2021-12-30,2021,False,TennesseeU,Purdue,45,48,0,59.0,7.5,5.0,3.0,67.0,35.5,-275.0,235.0
2021-12-30,2021,False,MichiganState,PittsburghU,31,21,1,63.0,3.5,4.0,4.5,55.0,24.0,-155.0,135.0
2021-12-30,2021,False,Wisconsin,ArizonaState,20,13,1,7.0,8.0,5.5,43.0,42.5,20.0,-320.0,265.0
2021-12-31,2021,False,WakeForest,Rutgers,38,10,1,11.5,16.5,4.5,61.5,63.0,28.5,-110.0,-110.0
2021-12-31,2021,False,WashingtonState,CentralMichigan,21,24,0,54.5,56.0,23.0,4.5,5.5,3.0,265.0,-320.0
2021-12-31,2021,False,Michigan,Georgia,11,34,0,59.0,7.5,2.5,13.5,46.0,20.5,210.0,-250.0
2021-12-31,2021,False,Alabama,CincinnatiU,27,6,1,43.5,13.0,5.0,7.0,57.0,24.5,-900.0,600.0
2022-01-01,2021,False,PennState,Arkansas,10,24,0,45.0,3.0,2.0,4.5,51.0,24.0,145.0,-165.0
2022-01-01,2021,False,NotreDame,OklahomaState,35,37,0,44.5,1.0,2.5,2.5,45.0,24.0,100.0,-120.0
2022-01-01,2021,False,Iowa,Kentucky,17,20,0,45.5,3.0,0.5,1.0,44.0,20.5,125.0,-145.0
2022-01-01,2021,False,OhioState,Utah,48,45,1,9.5,4.0,7.0,65.5,64.5,35.5,-175.0,155.0
2022-01-01,2021,False,Mississippi,Baylor,7,21,0,2.5,1.0,21.0,50.5,60.5,1.5,-120.0,100.0
2022-01-04,2021,False,KansasState,LSU,42,20,1,46.5,10.0,3.0,2.5,47.0,20.5,-400.0,330.0
2022-01-08,2021,False,NoDakotaState,MontanaSt,38,10,1,9.0,7.0,4.0,45.0,41.5,16.5,-300.0,250.0
2022-01-10,2021,False,Alabama,Georgia,18,33,0,2.5,3.0,1.5,52.5,53.0,24.0,138.0,-148.0
2022-08-27,2022,False,Nebraska,Northwestern,28,31,0,55.0,52.0,28.0,10.0,11.5,7.0,500.0,395.0
2022-10-08,2022,False,NotreDame,BYU,28,20,1,52.0,51.5,23.0,3.0,3.5,3.0,170.0,150.0
2022-11-05,2022,False,Army,AirForce,7,13,0,7.0,7.0,2.0,42.5,40.5,19.5,225.0,-265.0
2022-11-12,2022,False,Navy,NotreDame,32,35,0,19.5,16.5,6.5,42.5,40.5,21.0,600.0,-900.0
