date,neutral,season,team1,team2,score1,score2,open1,close1,open2,close2,oneH2,twoH2,moneyline1,moneyline2
1201,True,2007,CentralMichigan,MiamiOhio,35,10,3,63,3,64,pk,28.5,-155,135
1201,True,2007,Tulsa,CentralFlorida,25,44,75,6,73.5,7.5,38,3,235,-275
1201,True,2007,VirginiaTech,BostonCollege,30,16,4,46,4,48,3.5,24.5,-205,175
1201,True,2007,TennesseeU,LSU,14,21,61,7.5,58,7,27.5,6.5,235,-275
1201,True,2007,Oklahoma,Missouri,38,17,3,68,3,65,3,31.5,-150,130
1220,True,2007,Navy,Utah,32,35,68,10,63.5,9,29,6,NL,NL
1221,True,2007,FloridaAtlantic,Memphis,44,27,3,68,3.5,67.5,35,pk,-170,150
1222,True,2007,SoMississippi,CincinnatiU,21,31,56,11,54,11,27,7,450,-550
1222,True,2007,Nevada,NewMexico,0,23,63,3.5,56.5,2,pk,27,105,-125
1222,True,2007,UCLA,BYU,16,17,47,4,47,5.5,22,3,175,-205
1223,True,2007,EastCarolina,BoiseState,41,38,72,12.5,66,11,31.5,7,355,-425
1226,True,2007,CentralMichigan,Purdue,48,51,74,10,70.5,8.5,35,3,285,-335
1227,True,2007,Texas,ArizonaState,52,34,1.5,62.5,1.5,62,30,2,-130,110
1228,True,2007,MichiganState,BostonCollege,21,24,58,2.5,56.5,5,28,2,175,-205
1228,True,2007,TCU,HoustonU,20,13,3.5,61.5,6.5,57,6,28,-250,210
1228,True,2007,Maryland,OregonState,14,21,49,3.5,47,4,24,3,155,-175
1229,True,2007,Connecticut,WakeForest,10,24,50,3.5,47,2,21,3,115,-135
1229,True,2007,CentralFlorida,MississippiSt,3,10,3,60.5,3,52.5,2.5,21,-145,125
1229,True,2007,PennState,TexasA&M,24,17,6,51.5,5,52,3.5,24.5,-205,175
1230,True,2007,Colorado,Alabama,24,30,51,3.5,52.5,4,1,27,155,-175
1231,True,2007,AirForce,California,36,42,53.5,6,57,4.5,29,7,160,-190
1231,True,2007,Oregon,SouthFlorida,56,21,52.5,7,52,5.5,27.5,2.5,200,-240
1231,True,2007,FresnoState,GeorgiaTech,40,28,55.5,5,55,5,28,3.5,185,-215
1231,True,2007,FloridaState,Kentucky,28,35,56.5,1,56.5,7,28,4.5,250,-300
1231,True,2007,Indiana,OklahomaState,33,49,68,4,69.5,6.5,33,3,230,-270
1231,True,2007,Auburn,Clemson,23,20,49,3,44,2,21,pk,110,-130
101,True,2007,Wisconsin,TennesseeU,17,21,61,3.5,56.5,2.5,28.5,pk,120,-140
101,True,2007,Arkansas,Missouri,7,38,71,4,68.5,4,31.5,2.5,160,-190
101,True,2007,Michigan,Florida,41,35,62.5,11,60.5,10,31.5,10,360,-430
101,True,2007,TexasTech,Virginia,31,28,5.5,60.5,6.5,58.5,5.5,28,-245,205
101,True,2007,Illinois,USC,17,49,49.5,13,48,13,23,7,400,-500
101,True,2007,Hawaii,Georgia,10,41,69.5,8,68,8,31,7,290,-350
102,True,2007,WestVirginia,Oklahoma,48,28,65,6,61,7.5,30,6.5,255,-305
103,True,2007,Kansas,VirginiaTech,24,21,54,pk,50.5,3,24.5,5,135,-155
105,True,2007,BallState,Rutgers,30,52,59,9,61,12,31,6,380,-480
106,True,2007,BowlingGreen,Tulsa,7,63,75,4,76,6,34,0.5,175,-205
107,True,2007,OhioState,LSU,24,38,51.5,3,46.5,3.5,24,1,145,-165
1206,True,2008,EastCarolina,Tulsa,27,24,66,13,67,12,31.5,7,325,-400
1206,True,2008,BostonCollege,VirginiaTech,12,30,39.5,pk,39,1,1.5,19.5,-120,100
1206,True,2008,Alabama,Florida,20,31,51,10,54.5,9.5,27.5,3.5,280,-340
1206,True,2008,Missouri,Oklahoma,21,62,80,15,79,16.5,34,7.5,470,-640
1220,True,2008,Navy,WakeForest,19,29,41,3,44.5,3,22.5,3,140,-160
1220,True,2008,FresnoState,ColoradoState,35,40,3,60,2,61,0.5,31,-125,105
1220,True,2008,Memphis,SouthFlorida,14,41,51,13,57,10.5,28,3,315,-380
1220,True,2008,BYU,ArizonaU,21,31,62,3.5,62,3,29.5,pk,135,-155
1221,True,2008,Troy,SoMississippi,27,30,3.5,55,4.5,55,2,28,-190,165
1223,True,2008,TCU,BoiseState,17,16,2,44,3,46,6,23.5,-160,140
1224,True,2008,NotreDame,Hawaii,49,21,48,1.5,2.5,49,1.5,24.5,-135,115
1226,True,2008,FloridaAtlantic,CentralMichigan,24,21,62,6.5,70,7,35,5.5,250,-300
1227,True,2008,WestVirginia,NorthCarolina,31,30,44,pk,2.5,47.5,3,26,-135,115
1227,True,2008,Wisconsin,FloridaState,13,42,53,5.5,50,7,23,1.5,215,-255
1227,True,2008,MiamiFlorida,California,17,24,49.5,6,50.5,10,24,4,325,-400
1228,True,2008,NoIllinois,LouisianaTech,10,17,2,47,46,2.5,21,pk,130,-150
1229,True,2008,NCState,Rutgers,23,29,55.5,7,58,6,28.5,4.5,190,-230
1229,True,2008,Northwestern,Missouri,23,30,66,13.5,66,14,31,8.5,400,-600
1230,True,2008,Nevada,Maryland,35,42,58,pk,2,61.5,1,29,-130,110
1230,True,2008,WesternMichigan,Rice,14,38,72,3,74,2.5,1,32.5,120,-140
1230,True,2008,Oregon,OklahomaState,42,31,77,3.5,1,75,3,36,-115,-105
1231,True,2008,AirForce,HoustonU,28,34,64,3,65.5,5.5,31.5,3,175,-210
1231,True,2008,PittsburghU,OregonState,0,3,53.5,3,51,pk,22.5,pk,-110,-110
1231,True,2008,BostonCollege,Vanderbilt,14,16,4,41,4.5,40,3,20,-200,170
1231,True,2008,MinnesotaU,Kansas,21,42,57,10,58.5,9,30,3,300,-360
1231,True,2008,LSU,GeorgiaTech,38,3,49,4,53.5,4,24.5,5,160,-180
101,True,2008,Iowa,SouthCarolina,31,10,3,42.5,3.5,42,1.5,20,-170,150
101,True,2008,Clemson,Nebraska,21,26,3,55,1.5,55,23.5,0.5,-125,105
101,True,2008,MichiganState,Georgia,12,24,54,5.5,57,9.5,24,6.5,320,-400
101,True,2008,PennState,USC,24,38,45,10,44.5,10,22.5,6,325,-450
101,True,2008,VirginiaTech,CincinnatiU,20,7,41,2.5,41,2.5,21,0.5,120,-140
102,True,2008,Mississippi,TexasTech,47,34,71,6,66,4,34.5,1.5,150,-170
102,True,2008,EastCarolina,Kentucky,19,25,2.5,41,3,41,pk,21,-150,130
102,True,2008,Utah,Alabama,31,17,45,11,46.5,10,24,8,335,-425
103,True,2008,BuffaloU,Connecticut,20,38,51.5,4.5,52,4.5,26.5,9.5,220,-260
105,True,2008,OhioState,Texas,21,24,53.5,11,51.5,9,24.5,6,265,-325
106,True,2008,BallState,Tulsa,13,45,3,77,70.5,2.5,35,pk,130,-150
108,True,2008,Florida,Oklahoma,24,14,3,71.5,4,69,3,33,-175,155
1205,True,2009,Florida,Alabama,13,32,4,42.5,4.5,41,4,21,-200,170
1205,True,2009,GeorgiaTech,Clemson,39,34,57.5,pk,56.5,1,28,0.5,-102,-118
1205,True,2009,Texas,Nebraska,13,12,13,46.5,14,46,7.5,22.5,-680,515
1219,True,2009,Wyoming,FresnoState,35,28,55.5,10,54.5,10,27,7.5,330,-420
1219,True,2009,CentralFlorida,Rutgers,24,45,1,45,45,3,23.5,pk,120,-140
1220,True,2009,MiddleTennSt,SoMississippi,42,32,59,3,61.5,3.5,31,0.5,145,-165
1222,True,2009,BYU,OregonState,44,20,1.5,60,58.5,3,28,3.5,130,-150
1223,True,2009,Utah,California,37,27,54.5,3,52,2.5,26,2.5,120,-140
1224,True,2009,SMU,Nevada,45,10,73,12,69.5,11,29.5,6,350,-440
1226,True,2009,Ohio,Marshall,17,21,4.5,50.5,3,49,1.5,24,-145,125
1226,True,2009,NorthCarolina,PittsburghU,17,19,44.5,3,45.5,pk,23,pk,-105,-115
1226,True,2009,BostonCollege,USC,13,24,46.5,8,45,7.5,23.5,3.5,250,-300
1227,True,2009,Kentucky,Clemson,13,21,53,7.5,53,6.5,25.5,3,200,-250
1228,True,2009,TexasA&M,Georgia,20,44,64,6,65.5,6.5,30,0.5,205,-245
1229,True,2009,UCLA,Temple,30,21,4.5,47,4,44,4,22,-190,165
1229,True,2009,Wisconsin,MiamiFlorida,20,14,56.5,1.5,55,3.5,27,1,150,-170
1230,True,2009,BowlingGreen,Idaho,42,43,68.5,1,69.5,1,pk,34.5,-105,-115
1230,True,2009,Nebraska,ArizonaU,33,0,2,41,2,41.5,pk,19.5,-135,115
1231,True,2009,Navy,Missouri,35,13,52.5,6.5,54.5,6.5,27,4,215,-255
1231,True,2009,AirForce,HoustonU,47,20,62,5,65,4,33.5,6,158,-180
1231,True,2009,Stanford,Oklahoma,27,31,57,12,54.5,11,28,8,335,-420
1231,True,2009,IowaState,MinnesotaU,14,13,48,3,47,1.5,24,3,103,-123
1231,True,2009,TennesseeU,VirginiaTech,14,37,50.5,6,48.5,5,24,3,180,-220
101,True,2009,Northwestern,Auburn,35,38,54,8,55,8.5,27,1.5,280,-340
101,True,2009,FloridaState,WestVirginia,33,21,61,2,56.5,3,1,27,125,-145
101,True,2009,LSU,PennState,17,19,44,2.5,1.5,40.5,1,17.5,-130,110
101,True,2009,OhioState,Oregon,26,17,50.5,4,51,4.5,25,4,170,-200
101,True,2009,CincinnatiU,Florida,24,51,55.5,10.5,60,12,27,7,365,-460
102,True,2009,NoIllinois,SouthFlorida,3,27,50.5,4,49.5,6.5,23,3,220,-260
102,True,2009,Connecticut,SouthCarolina,20,7,53,7,50.5,4,23,3,165,-190
102,True,2009,Mississippi,OklahomaState,21,7,3.5,50,3.5,51,22.5,pk,-160,140
102,True,2009,Arkansas,EastCarolina,20,17,9,63.5,7.5,60,6.5,28,-290,245
102,True,2009,MichiganState,TexasTech,31,41,61,8,60,9.5,30.5,5.5,260,-320
104,True,2009,BoiseState,TCU,17,10,56,6,54.5,7,27,6.5,250,-300
105,True,2009,Iowa,GeorgiaTech,24,14,51,2.5,51,6,24,3,195,-235
106,True,2009,Troy,CentralMichigan,41,44,63.5,3.5,63.5,3.5,31.5,3,140,-160
107,True,2009,Texas,Alabama,21,37,45.5,3.5,44.5,4,19,9,155,-175
1204,True,2010,Auburn,SouthCarolina,56,17,5,61,3.5,61,31,0.5,-180,150
1204,True,2010,FloridaState,VirginiaTech,33,44,51,4.5,50.5,4.5,25.5,2,165,-195
1204,True,2010,Nebraska,Oklahoma,20,23,54,2.5,52,4.5,27,4,170,-200
1211,True,2010,Navy,Army,31,17,7.5,56.5,7.5,52.5,2.5,24,-320,260
1218,True,2010,UTEP,BYU,24,52,49,12,51,10.5,26,4,310,-380
1218,True,2010,NoIllinois,FresnoState,40,17,3,60,1.5,57,28.5,pk,-125,105
1218,True,2010,Ohio,Troy,21,48,58,1,57.5,1.5,27,2.5,100,-120
1221,True,2010,Louisville,SoMississippi,31,28,3.5,57.5,2.5,59.5,1.5,31,-140,120
1222,True,2010,Utah,BoiseState,3,26,61,17.5,57.5,16,28,9.5,550,-750
1224,True,2010,Tulsa,Hawaii,62,35,70,12,75,10.5,37,10,310,-380
1226,True,2010,FloridaIntl,Toledo,34,32,56,2.5,2.5,59,0.5,29,-130,110
1227,True,2010,GeorgiaTech,AirForce,7,14,56,2.5,55,3,24.5,2.5,125,-145
1228,True,2010,NCState,WestVirginia,23,7,48.5,2.5,50,3,24,0.5,130,-150
1228,True,2010,Missouri,Iowa,24,27,1,46.5,3,46.5,3.5,24,-150,130
1229,True,2010,EastCarolina,Maryland,20,51,69,7.5,70.5,8,31.5,3.5,270,-330
1229,True,2010,Illinois,Baylor,38,14,61.5,1.5,2.5,65.5,pk,31,-130,110
1229,True,2010,ArizonaU,OklahomaState,10,36,64.5,6,69,5,34.5,pk,170,-200
1230,True,2010,Army,SMU,16,14,52,8,50,7.5,24,7,250,-300
1230,True,2010,KansasState,Syracuse,34,36,3,47,1,48.5,pk,25,-114,103
1230,True,2010,NorthCarolina,TennesseeU,30,27,1.5,50,50,1,24.5,pk,-130,110
1230,True,2010,WashingtonU,Nebraska,19,7,52.5,13,55.5,13,24.5,7.5,390,-490
1231,True,2010,SouthFlorida,Clemson,31,26,40,4,41,5,21,3,175,-210
1231,True,2010,NotreDame,MiamiFlorida,33,17,45.5,3,48,2.5,21.5,3,115,-135
1231,True,2010,CentralFlorida,Georgia,10,6,54,7,53.5,6.5,23.5,3.5,210,-250
1231,True,2010,FloridaState,SouthCarolina,26,17,54,3,55,3,24,3.5,120,-140
101,True,2010,Northwestern,TexasTech,38,45,59.5,9.5,63,7.5,30.5,4.5,250,-300
101,True,2010,PennState,Florida,24,37,47,7,47.5,7,24,4.5,210,-250
101,True,2010,MichiganState,Alabama,7,49,50.5,10.5,51,8,23.5,4,250,-300
101,True,2010,Michigan,MississippiSt,14,52,58.5,6,62,3,31.5,pk,145,-165
101,True,2010,TCU,Wisconsin,21,19,3,56.5,3,55,2,28,-150,130
101,True,2010,Connecticut,Oklahoma,20,48,56,17,54,16.5,27,10,520,-720
103,True,2010,VirginiaTech,Stanford,12,40,58,3,59,4,28.5,2.5,155,-175
104,True,2010,Arkansas,OhioState,26,31,57.5,3,58,3,1,30.5,130,-150
106,True,2010,MiddleTennSt,MiamiOhio,21,35,48,1.5,1.5,49,1,24.5,-125,105
107,True,2010,TexasA&M,LSU,24,41,49,1,48.5,2,27.5,0.5,110,-130
108,True,2010,Kentucky,PittsburghU,10,27,52.5,3,52,4.5,24,pk,165,-190
109,True,2010,BostonCollege,Nevada,13,20,55,9.5,54,8,26.5,5.5,250,-300
110,True,2010,Oregon,Auburn,19,22,74.5,3,73,pk,1,38.5,100,-120
903,True,2011,Oregon,LSU,27,40,2.5,55.5,3,54.5,4,25,-170,150
1202,True,2011,NoIllinois,Ohio,23,20,4,70,3.5,71.5,5,33.5,-170,150
1203,True,2011,Georgia,LSU,10,42,45,10,46.5,12,23,6.5,350,-450
1203,True,2011,VirginiaTech,Clemson,10,38,6.5,52.5,7,54,4,26,-280,220
1203,True,2011,MichiganState,Wisconsin,39,42,54.5,10,56,9.5,28.5,5.5,320,-400
1210,True,2011,Army,Navy,21,27,56.5,7,56,7,27.5,4,250,-300
1217,True,2011,Temple,Wyoming,37,15,7,47.5,7,51.5,3,24.5,-270,230
1217,True,2011,UtahState,Ohio,23,24,3,58,1,62,pk,28.5,-130,110
1217,True,2011,ULLafayette,SanDiegoState,32,30,60,5,60,6,29.5,4.5,190,-230
1220,True,2011,FloridaIntl,Marshall,10,20,4,50,4.5,49,3.5,24,-210,175
1221,True,2011,LouisianaTech,TCU,24,31,55.5,11,54,10,27,7,305,-375
1222,True,2011,ArizonaState,BoiseState,24,56,67,13,65.5,14.5,29.5,7,450,-600
1224,True,2011,Nevada,SouthernMiss,17,24,60,6,65,7,31,4,245,-305
1226,True,2011,NorthCarolina,Missouri,24,41,53.5,3.5,53.5,4.5,27,1,170,-200
1227,True,2011,WesternMichigan,Purdue,32,37,60,2.5,62.5,1.5,3,32,100,-120
1227,True,2011,Louisville,NCState,24,31,45.5,1.5,44,1.5,0.5,22.5,105,-125
1228,True,2011,Toledo,AirForce,42,41,3,71,3,68.5,2.5,36.5,-165,145
1228,True,2011,California,Texas,10,21,47,3,48,3,21,pk,135,-155
1229,True,2011,NotreDame,FloridaState,14,18,48,3,47,3,21,0.5,135,-155
1229,True,2011,WashingtonU,Baylor,56,67,76.5,8.5,79,8,42.5,7,260,-320
1230,True,2011,Tulsa,BYU,21,24,55.5,pk,2.5,60,0.5,28.5,-140,120
1230,True,2011,Rutgers,IowaState,27,13,2,44.5,46,2,23,3,110,-130
1230,True,2011,WakeForest,MississippiSt,17,23,48,6.5,49,7,24,3.5,230,-270
1230,True,2011,Iowa,Oklahoma,14,31,58,15.5,58,13.5,26.5,6.5,425,-550
1231,True,2011,TexasA&M,Northwestern,33,22,10,65,9.5,69,4,34,-350,290
1231,True,2011,Utah,GeorgiaTech,30,27,51,3,49,1.5,24,1.5,105,-125
1231,True,2011,UCLA,Illinois,14,20,47,3,45.5,3,21,3,130,-150
1231,True,2011,CincinnatiU,Vanderbilt,31,24,49.5,1.5,51,2,24,1.5,105,-125
1231,True,2011,Virginia,Auburn,24,43,48.5,1,49,2.5,2,27.5,120,-140
102,True,2011,PennState,HoustonU,14,30,57.5,7,56,6.5,28,4,220,-260
102,True,2011,MichiganState,Georgia,33,30,51,3,48,2,2.5,21.5,115,-135
102,True,2011,Nebraska,SouthCarolina,13,30,48,1,45,3,23.5,pk,130,-150
102,True,2011,Florida,OhioState,24,17,1,43,2.5,44,22,0.5,-140,120
102,True,2011,Wisconsin,Oregon,38,45,72,4.5,74.5,4.5,42.5,4,170,-200
102,True,2011,Stanford,OklahomaState,38,41,76,3,73.5,4.5,38,3.5,175,-210
103,True,2011,Michigan,VirginiaTech,23,20,1,51,2.5,53,25,1,-145,125
104,True,2011,WestVirginia,Clemson,70,33,60,pk,64.5,3,37,7.5,135,-155
106,True,2011,KansasState,Arkansas,16,29,64,7.5,65,9.5,31,4,290,-350
107,True,2011,SMU,PittsburghU,28,6,48.5,5.5,47.5,4,23.5,4,165,-185
108,True,2011,ArkansasState,NoIllinois,20,38,1,62,1.5,66,2.5,33,-125,105
109,True,2011,Alabama,LSU,21,0,39,1,2.5,41.5,pk,19.5,-140,120
901,True,2012,NotreDame,Navy,50,10,17,58.5,14.5,51.5,7.5,23.5,-624,501
901,True,2012,Michigan,Alabama,14,41,46,11,48.5,13,23.5,7,415,-485
1201,True,2012,Alabama,Georgia,32,28,7.5,50.5,9,49.5,5.5,23,-325,265
1201,True,2012,FloridaState,GeorgiaTech,21,15,13,63.5,15.5,59.5,7.5,27.5,-590,465
1201,True,2012,Nebraska,Wisconsin,31,70,3,49,3.5,51,3.5,24.5,-170,150
1207,True,2012,Navy,Army,17,13,7.5,57,7,55.5,4,27.5,-290,245
1215,True,2012,Nevada,ArizonaU,48,49,76,9,80,8.5,45,7,285,-345
1215,True,2012,Toledo,UtahState,15,41,57.5,10,59.5,10,28,6,335,-425
1221,True,2012,BallState,CentralFlorida,17,38,63,7.5,60,7,28.5,2.5,245,-300
1222,True,2012,EastCarolina,ULLafayette,34,43,64,5.5,69.5,6.5,37.5,3,190,-230
1222,True,2012,WashingtonU,BoiseState,26,28,46,5,44,4,23.5,2.5,165,-190
1224,True,2012,SMU,FresnoState,43,10,59.5,10.5,63,13.5,30,9,430,-560
1226,True,2012,CentralMichigan,WesternKentucky,24,21,60,6,55.5,6,27.5,3,200,-240
1227,True,2012,BowlingGreen,SanJoseState,20,29,47,7.5,46,7,23,3,245,-290
1227,True,2012,CincinnatiU,Duke,48,34,7.5,58,8.5,62.5,6.5,32,-330,270
1227,True,2012,Baylor,UCLA,49,26,78,2,81,3,39.5,3,125,-145
1228,True,2012,Ohio,ULMonroe,45,14,61,6.5,59,7,29,6,220,-260
1228,True,2012,Rutgers,VirginiaTech,10,13,41.5,2,42,pk,20,0.5,-110,-110
1228,True,2012,MinnesotaU,TexasTech,31,34,57,12.5,55,13,28.5,6.5,395,-500
1229,True,2012,Navy,ArizonaState,28,62,60.5,pk,61,pk,28.5,0.5,-115,-105
1229,True,2012,WestVirginia,Syracuse,14,38,56,14.5,54.5,13,27.5,6.5,400,-500
1229,True,2012,OregonState,Texas,27,31,3.5,73.5,4,70.5,2.5,29,-185,165
1229,True,2012,TCU,MichiganState,16,17,1,56.5,3,57,1.5,27.5,-160,140
1231,True,2012,GeorgiaTech,USC,21,7,66,10,63,7.5,27.5,4,250,-300
1231,True,2012,IowaState,Tulsa,17,31,1,52,50.5,1.5,24.5,1.5,115,-135
1231,True,2012,Clemson,LSU,25,24,58.5,3.5,57.5,5.5,28,3,175,-210
101,True,2012,Purdue,OklahomaState,14,58,70,17,69,17.5,29.5,7,610,-820
101,True,2012,Northwestern,MississippiSt,34,20,51.5,2,1.5,54.5,pk,26,-130,110
101,True,2012,Michigan,SouthCarolina,28,33,48,3.5,47.5,5.5,24,1,175,-215
101,True,2012,Nebraska,Georgia,31,45,57,9.5,62,9.5,33.5,5,320,-400
101,True,2012,Wisconsin,Stanford,14,20,47.5,6.5,46.5,4.5,23.5,1.5,165,-190
101,True,2012,NoIllinois,FloridaState,10,31,58,14,58.5,14.5,27,9.5,450,-600
102,True,2012,Louisville,Florida,33,23,45.5,13.5,47,14,24,9,450,-600
103,True,2012,KansasState,Oregon,17,35,75,7.5,74,7.5,35.5,3,250,-300
104,True,2012,TexasA&M,Oklahoma,41,13,4.5,71.5,3,72,2,35.5,-150,130
105,True,2012,PittsburghU,Mississippi,17,38,52,3,54,4.5,26,1.5,165,-190
106,True,2012,ArkansasState,KentState,17,13,5,61,2.5,64.5,pk,31.5,-125,105
107,True,2012,Alabama,NotreDame,42,14,9.5,42,9.5,40,7,18,-310,255
1207,True,2013,Missouri,Auburn,42,59,58,3,2,59.5,33,2.5,-130,110
1207,True,2013,Duke,FloridaState,7,45,61.5,30,66,30,30.5,14,2200,-5200
1207,True,2013,OhioState,MichiganState,24,34,6.5,51.5,5.5,53.5,4.5,26.5,-220,190
1221,True,2013,ColoradoState,WashingtonState,48,45,66,3.5,64,4,NL,NL,160,-185
1221,True,2013,USC,FresnoState,45,20,5.5,62,4.5,65.5,0.5,30.5,-195,165
1221,True,2013,BuffaloU,SanDiegoState,24,49,2,54,pk,48.5,3,24,-115,-105
1224,True,2013,Ohio,EastCarolina,20,37,62,12.5,63.5,14,34.5,9,435,-575
1226,True,2013,PittsburghU,BowlingGreen,30,27,51,6,50,6.5,24,4.5,210,-250
1226,True,2013,UtahState,NoIllinois,21,14,58,1.5,2.5,55.5,24.5,0.5,-135,115
1227,True,2013,Marshall,Maryland,31,20,2.5,59.5,2.5,64,34,0.5,-140,120
1227,True,2013,Syracuse,MinnesotaU,21,17,47.5,4.5,48,3.5,21,0.5,145,-170
1227,True,2013,WashingtonU,BYU,31,16,3,59,6,65.5,3,34.5,-230,192
1228,True,2013,Rutgers,NotreDame,16,29,53,15.5,53.5,14.5,27,7.5,450,-600
1228,True,2013,CincinnatiU,NorthCarolina,17,39,54.5,3,60,2.5,0.5,28.5,115,-135
1228,True,2013,MiamiFlorida,Louisville,9,36,55.5,3,60,5.5,28,4,180,-210
1228,True,2013,Michigan,KansasState,14,31,56,3,52.5,7,26,3,227,-275
1230,True,2013,MiddleTennSt,Navy,6,24,55,6.5,58,6.5,27.5,2.5,230,-270
1230,True,2013,Mississippi,GeorgiaTech,25,17,2.5,57.5,2.5,57,27,pk,-135,115
1230,True,2013,Texas,Oregon,7,30,66,10.5,68,15,33.5,7.5,445,-600
1230,True,2013,TexasTech,ArizonaState,37,23,68.5,11.5,72.5,17,36.5,10.5,545,-800
1231,True,2013,BostonCollege,ArizonaU,19,42,57,7,57,7,27,5,240,-290
1231,True,2013,VirginiaTech,UCLA,12,42,47,7.5,45,7,21.5,3,240,-290
1231,True,2013,MississippiSt,Rice,44,7,7,51.5,7,50,6,24.5,-285,235
1231,True,2013,Duke,TexasA&M,48,52,70,11.5,75.5,13.5,41.5,10,435,-560
101,True,2013,Nebraska,Georgia,24,19,60,9,61,9.5,26.5,6,280,-350
101,True,2013,UNLV,NorthTexas,14,36,54.5,6.5,53,6,24.5,3,200,-235
101,True,2013,Wisconsin,SouthCarolina,24,34,2,51,1.5,51,2,26.5,-120,100
101,True,2013,Iowa,LSU,14,21,49.5,7,48.5,7.5,21,4,255,-315
101,True,2013,MichiganState,Stanford,24,20,45,3,41.5,7,21,3,235,-285
101,True,2013,CentralFlorida,Baylor,52,42,66.5,16.5,75,16.5,41.5,11.5,520,-670
102,True,2013,Oklahoma,Alabama,45,31,51,15,51.5,16.5,29.5,10.5,565,-800
103,True,2013,OklahomaState,Missouri,31,41,60.5,1.5,3,62,3.5,31.5,-160,135
103,True,2013,Clemson,OhioState,40,35,66.5,3,71.5,2.5,38,0.5,115,-135
104,True,2013,HoustonU,Vanderbilt,24,41,54.5,3,53,1.5,24,0.5,100,-120
105,True,2013,ArkansasState,BallState,23,20,61,9,65.5,6,31.5,3.5,200,-240
106,True,2013,Auburn,FloridaState,31,34,65,9.5,68,11,35,8.5,310,-380
1206,True,2014,Missouri,Alabama,13,42,48.5,13,49,14,24,7.5,575,-800
1206,True,2014,FloridaState,GeorgiaTech,37,35,4,60,3.5,64,1.5,33,-170,146
1206,True,2014,Wisconsin,OhioState,0,59,4,54,4,55,0.5,26.5,-190,161
1220,True,2014,Nevada,ULLafayette,3,16,3,60,1.5,62.5,2.5,28.5,-125,105
1220,True,2014,UTEP,UtahState,6,21,50,10.5,45.5,10,21,5.5,300,-370
1220,True,2014,Utah,ColoradoState,45,10,4.5,58.5,3,57.5,2.5,28.5,-160,140
1220,True,2014,WesternMichigan,AirForce,24,38,2,56.5,2,59,3,28,-130,110
1220,True,2014,SouthAlabama,BowlingGreen,28,33,1.5,54,4,55,3.5,27.5,-190,165
1222,True,2014,BYU,Memphis,48,55,57.5,pk,56,1,31,0.5,-101,-119
1223,True,2014,NoIllinois,Marshall,23,52,64.5,10.5,67.5,8.5,34.5,3.5,265,-320
1223,True,2014,Navy,SanDiegoState,17,16,54.5,3,52,3,23.5,2,135,-160
1224,True,2014,CentralMichigan,WesternKentucky,48,49,65,2.5,67,3.5,35.5,0.5,145,-170
1224,True,2014,FresnoState,Rice,6,30,1.5,59,pk,58.5,1,27.5,-109,-111
1226,True,2014,Illinois,LouisianaTech,18,35,62,5,54.5,7,27,pk,230,-275
1226,True,2014,Rutgers,NorthCarolina,40,21,65.5,3.5,72,3.5,35.5,4,145,-170
1226,True,2014,NCState,CentralFlorida,34,27,50,1,48,2,24.5,0.5,110,-130
1227,True,2014,VirginiaTech,CincinnatiU,33,17,51,3.5,50,2,25.5,1.5,110,-130
1227,True,2014,Duke,ArizonaState,31,36,68,8,64.5,7.5,31.5,4,230,-280
1227,True,2014,MiamiFlorida,SouthCarolina,21,24,60,pk,3,62,3.5,30,-150,130
1227,True,2014,PennState,BostonCollege,31,30,40,2.5,41,3,20.5,2.5,125,-145
1227,True,2014,Nebraska,USC,42,45,61,5.5,63,7.5,31,3,235,-295
1229,True,2014,WestVirginia,TexasA&M,37,45,3.5,64,3,67,3,36,-170,150
1229,True,2014,Clemson,Oklahoma,40,6,54,pk,49.5,6,23.5,6.5,200,-240
1229,True,2014,Texas,Arkansas,7,31,47,5,43,7,21,3.5,240,-290
1230,True,2014,NotreDame,LSU,31,28,52,8,51,8.5,27,7,295,-355
1230,True,2014,Louisville,Georgia,14,37,57,7,55,7,26,pk,220,-260
1230,True,2014,Maryland,Stanford,21,45,48.5,13.5,44.5,14,22.5,6.5,425,-560
1231,True,2014,Mississippi,TCU,3,42,56.5,3,55,3,24,3,145,-165
1231,True,2014,BoiseState,ArizonaU,38,30,68.5,4,66,2.5,34.5,4.5,115,-135
1231,True,2014,GeorgiaTech,MississippiSt,49,34,60.5,7,60,6,30.5,5,190,-230
101,True,2014,Wisconsin,Auburn,34,31,61.5,4.5,65,6,30.5,0.5,190,-230
101,True,2014,MichiganState,Baylor,42,41,70.5,2,69,3,35,1,125,-145
101,True,2014,MinnesotaU,Missouri,17,33,49,5.5,46.5,3.5,21.5,pk,140,-160
101,True,2014,FloridaState,Oregon,20,59,71,8,74,7.5,40,2.5,240,-290
101,True,2014,OhioState,Alabama,42,35,58,9.5,58,7.5,30,3.5,250,-300
102,True,2014,PittsburghU,HoustonU,34,35,2.5,54,5.5,54,1,24.5,-230,190
102,True,2014,Iowa,TennesseeU,28,45,52,2.5,51.5,3,24.5,pk,140,-160
102,True,2014,UCLA,KansasState,40,35,58.5,1.5,61.5,1.5,28.5,2,105,-125
102,True,2014,OklahomaState,WashingtonU,30,22,56,5,57,7,27.5,6,225,-265
103,True,2014,EastCarolina,Florida,20,28,57,7.5,54,6.5,27,0.5,200,-237
104,True,2014,Toledo,ArkansasState,63,44,2,66.5,3,70.5,36.5,0.5,-150,130
112,True,2014,OhioState,Oregon,42,20,73.5,7.5,72,5.5,39.5,6.5,166,-195
903,True,2015,SouthCarolina,NorthCarolina,17,13,1,63.5,1.5,62,NL,NL,-121,101
905,True,2015,Louisville,Auburn,24,31,58,10.5,54,10.5,24,3.5,355,-445
905,True,2015,ArizonaState,TexasA&M,17,38,66,3,65,3,0.5,28.5,140,-160
905,True,2015,BowlingGreen,TennesseeU,30,59,60,21,67.5,22,34.5,10,1065,-1515
905,True,2015,Wisconsin,Alabama,17,35,52.5,9.5,44.5,12,23,5.5,465,-590
1205,True,2015,USC,Stanford,22,41,61,3.5,59,4.5,26.5,1,185,-215
1205,True,2015,Florida,Alabama,15,29,40.5,16,38,17,19.5,8,700,-1100
1205,True,2015,NorthCarolina,Clemson,37,45,63,5.5,69,6.5,33.5,3,220,-260
1205,True,2015,MichiganState,Iowa,16,13,3,52.5,3.5,49.5,2.5,23,-180,160
1212,True,2015,Army,Navy,17,21,54.5,22.5,51,22,25,10,1000,-2000
1219,True,2015,BYU,Utah,28,35,54,3,49.5,2.5,3.5,23.5,120,-140
1219,True,2015,Ohio,AppalachianSt,29,31,54,9.5,55,7,27,7,230,-290
1219,True,2015,SanJoseState,GeorgiaState,27,16,5,56,1,56,pk,26.5,-115,-105
1219,True,2015,ArkansasState,LouisianaTech,28,47,66,1.5,64,1,33,pk,100,-120
1221,True,2015,WesternKentucky,SouthFlorida,45,35,4,65,3,69.5,3,34.5,-145,125
1222,True,2015,Akron,UtahState,23,21,50,6,44.5,7.5,22.5,7,260,-310
1222,True,2015,Toledo,Temple,32,17,52.5,1,50,2.5,23.5,2,120,-140
1223,True,2015,BoiseState,NoIllinois,55,7,8,56,7,57,3,27,-280,240
1223,True,2015,GeorgiaSouthern,BowlingGreen,58,27,65,7,63,5.5,34.5,2.5,180,-210
1224,True,2015,MiddleTennSt,WesternMichigan,31,45,62.5,2.5,67,2.5,33.5,2,125,-145
1224,True,2015,CincinnatiU,SanDiegoState,7,42,1,56,56.5,2.5,25.5,pk,120,-140
1226,True,2015,Connecticut,Marshall,10,16,44,5,44,2.5,22.5,0.5,120,-140
1226,True,2015,MiamiFlorida,WashingtonState,14,20,60,2.5,62.5,1.5,1,29,105,-125
1226,True,2015,SouthernMiss,WashingtonU,31,44,56,8.5,51.5,8,27.5,3.5,270,-330
1226,True,2015,Indiana,Duke,41,44,1.5,66,3,73,3,37.5,-165,145
1226,True,2015,Tulsa,VirginiaTech,52,55,62,14,62.5,13.5,35,7,425,-550
1226,True,2015,Nebraska,UCLA,37,29,60,6,62,5,34,3,175,-200
1228,True,2015,CentralMichigan,MinnesotaU,14,21,49.5,5.5,50,6,24.5,3,200,-240
1229,True,2015,AirForce,California,36,55,63,6,71.5,5.5,36,3,190,-220
1229,True,2015,Baylor,NorthCarolina,49,38,2,69.5,74,3,38.5,1.5,125,-145
1229,True,2015,Nevada,ColoradoState,28,23,56,3,56,4.5,28,5,185,-215
1229,True,2015,TexasTech,LSU,27,56,71,7.5,74,7,35.5,3.5,240,-280
1230,True,2015,Memphis,Auburn,10,31,61.5,3,64.5,3,28.5,3,130,-150
1230,True,2015,NCState,MississippiSt,28,51,57.5,5,61.5,6,30.5,3,200,-240
1230,True,2015,Louisville,TexasA&M,27,21,51.5,3,3,49.5,3,27,-165,145
1230,True,2015,Wisconsin,USC,23,21,51,3,51,4,24.5,3,170,-190
1231,True,2015,HoustonU,FloridaState,38,24,54.5,6.5,57,7.5,26,3,250,-300
1231,True,2015,MichiganState,Alabama,0,38,49,9.5,46,10,21.5,4.5,310,-370
1231,True,2015,Oklahoma,Clemson,17,37,4,65,3.5,64,1.5,34,-175,155
101,True,2015,TennesseeU,Northwestern,45,6,8,45.5,9.5,49,4.5,24,-360,300
101,True,2015,Florida,Michigan,7,41,41.5,4,40,3.5,21.5,pk,145,-165
101,True,2015,NotreDame,OhioState,28,44,54,6.5,58.5,4,31,1,160,-180
101,True,2015,Iowa,Stanford,16,45,49.5,7,51.5,6,23.5,2.5,200,-240
101,True,2015,Mississippi,OklahomaState,48,20,6.5,66,7.5,72,2.5,34.5,-310,260
102,True,2015,PennState,Georgia,17,24,43,7,44,6,20.5,6,200,-240
102,True,2015,KansasState,Arkansas,23,45,60,12,56,13,28,7,405,-525
102,True,2015,TCU,Oregon,47,41,1.5,76.5,73.5,7,0.5,31,250,-310
111,True,2015,Alabama,Clemson,45,40,6.5,53,6.5,50.5,3.5,25.5,-260,220
826,True,2016,California,Hawaii,51,31,22,63,21.5,66,8.5,32,-2000,1000
902,True,2016,ColoradoState,Colorado,7,44,55.5,7,56.5,7.5,24.5,3,215,-255
903,True,2016,GeorgiaTech,BostonCollege,17,14,3,47,3.5,43,0.5,17.5,-165,145
903,True,2016,LSU,Wisconsin,14,16,8.5,48.5,12.5,43.5,7,20,-650,475
903,True,2016,NorthCarolina,Georgia,24,33,56,3,60,3.5,27.5,1,155,-175
903,True,2016,Oklahoma,HoustonU,23,33,10,66,13.5,67,6.5,36,-600,450
903,True,2016,USC,Alabama,6,52,54.5,10,52,13,22.5,7.5,425,-550
903,True,2016,BYU,ArizonaU,18,16,63,pk,1,64,27.5,0.5,-120,100
905,True,2016,Mississippi,FloridaState,34,45,57.5,5.5,57.5,4,31.5,3.5,165,-190
910,True,2016,VirginiaTech,TennesseeU,24,45,54,10,52,11,24.5,4.5,360,-450
1202,True,2016,Ohio,WesternMichigan,23,29,57,19,58,16.5,27,7.5,600,-900
1202,True,2016,Colorado,WashingtonU,10,41,60,7.5,55.5,8.5,24.5,3.5,270,-330
1203,True,2016,Florida,Alabama,16,54,41,21.5,40.5,23.5,21.5,11,1200,-3000
1203,True,2016,VirginiaTech,Clemson,35,42,58,9.5,59,11,28,4.5,375,-450
1203,True,2016,PennState,Wisconsin,38,31,47.5,3,44.5,3,pk,24,125,-145
1210,True,2016,Army,Navy,21,17,54,10,47.5,6,21.5,2.5,205,-245
1217,True,2016,TexSanAntonio,NewMexico,20,23,64,7,54,9,24.5,4.5,330,-400
1217,True,2016,HoustonU,SanDiegoState,10,34,3.5,60,4.5,50,1.5,23.5,-190,170
1217,True,2016,ArkansasState,CentralFlorida,31,13,49.5,6.5,51,3.5,24,3,155,-175
1217,True,2016,AppalachianSt,Toledo,31,28,56,1.5,1,60,2.5,29,-120,100
1217,True,2016,SouthernMiss,ULLafayette,28,21,2,57,6,55.5,3.5,28,-240,200
1219,True,2016,CentralMichigan,Tulsa,10,55,67.5,12,65,11.5,31.5,5,430,-550
1220,True,2016,Memphis,WesternKentucky,31,51,77,5,79.5,7,39.5,3,220,-260
1221,True,2016,BYU,Wyoming,24,21,8,59,10,56,3.5,23.5,-400,325
1222,True,2016,ColoradoState,Idaho,50,61,13,64,15.5,64.5,9,31.5,-700,500
1223,True,2016,EasternMichigan,OldDominion,20,24,64,3.5,62.5,5,0.5,28,180,-210
1223,True,2016,LouisianaTech,Navy,48,45,3,68,8,67,2.5,38,-280,230
1223,True,2016,Ohio,Troy,23,28,49,4,49,6,24.5,3,210,-260
1226,True,2016,MiamiOhio,MississippiSt,16,17,58,13.5,58.5,15,27.5,7,450,-600
1226,True,2016,Maryland,BostonCollege,30,36,45,pk,1,44,2.5,23,-120,100
1226,True,2016,Vanderbilt,NCState,17,41,42.5,3.5,46,6,23,2,200,-240
1227,True,2016,Army,NorthTexas,38,31,10,49,10.5,47,4.5,27.5,-420,340
1227,True,2016,WakeForest,Temple,34,26,41,13,41.5,10.5,22.5,7,314,-389
1227,True,2016,WashingtonState,MinnesotaU,12,17,5.5,60,8,60,3.5,26.5,-335,270
1227,True,2016,Baylor,BoiseState,31,12,68,8,71,7.5,36,7.5,245,-305
1228,True,2016,Northwestern,PittsburghU,31,24,68,4,64,4,34,3.5,155,-175
1228,True,2016,WestVirginia,MiamiFlorida,14,31,56.5,1.5,58,3,28,pk,145,-165
1228,True,2016,Indiana,Utah,24,26,54,8,54.5,3.5,27.5,2.5,150,-170
1228,True,2016,KansasState,TexasA&M,33,28,58,2.5,57,4,28.5,4.5,165,-185
1229,True,2016,SouthFlorida,SouthCarolina,46,39,11,63,10,58.5,1.5,31,-400,330
1229,True,2016,Arkansas,VirginiaTech,24,35,62,6.5,61,7.5,28.5,6.5,260,-310
1229,True,2016,OklahomaState,Colorado,38,8,64,2.5,64.5,3,29.5,2.5,140,-160
1230,True,2016,TCU,Georgia,23,31,49,pk,3,48.5,2.5,24,-155,135
1230,True,2016,NorthCarolina,Stanford,23,25,54,3,55.5,2.5,3.5,24,120,-140
1230,True,2016,SouthAlabama,AirForce,21,45,57.5,12.5,54.5,15,28.5,7.5,500,-700
1230,True,2016,Nebraska,TennesseeU,24,38,61,3.5,58.5,9.5,28,4,330,-400
1230,True,2016,FloridaState,Michigan,33,32,58,7,50.5,6.5,24.5,5.5,220,-260
1231,True,2016,LSU,Louisville,29,9,2.5,59.5,3,59.5,0.5,27,-145,125
1231,True,2016,Kentucky,GeorgiaTech,18,33,60,4.5,62,3,0.5,28,140,-160
1231,True,2016,WashingtonU,Alabama,7,24,58,14.5,50.5,13,24,7,400,-500
1231,True,2016,OhioState,Clemson,0,31,3.5,61.5,56.5,1,0.5,27,-105,-115
102,True,2016,Iowa,Florida,3,30,40.5,2,40.5,1.5,0.5,20,105,-125
102,True,2016,WesternMichigan,Wisconsin,16,24,54,7.5,54,8,25.5,4,240,-280
102,True,2016,USC,PennState,52,49,6.5,60,7,59.5,3,31.5,-280,240
102,True,2016,Auburn,Oklahoma,19,35,64,6,67,2.5,31,3,120,-140
109,True,2016,Clemson,Alabama,35,31,54,6,51,6,24,2.5,180,-210
826,True,2017,OregonState,ColoradoState,27,58,62,3.5,60,3,0.5,32.5,140,-160
1202,True,2017,NorthTexas,FloridaAtlantic,17,41,74.5,10,71.5,12,31.5,4.5,300,-400
1202,True,2017,Akron,Toledo,28,45,54,18.5,62,20.5,27,9.5,900,-1600
1202,True,2017,MiamiFlorida,Clemson,3,38,48,7.5,48,12,21.5,6.5,400,-550
1202,True,2017,OhioState,Wisconsin,27,21,5.5,53.5,3.5,50.5,0.5,24.5,-170,145
1202,True,2017,TCU,Oklahoma,17,41,61.5,7,64,7.5,31.5,2,260,-330
1209,True,2017,Army,Navy,14,13,51,3.5,44,2,21,0.5,110,-130
1216,True,2017,N.CarolinaA&T,Grambling,21,14,7,51,5.5,49.5,3,21.5,-220,180
1216,True,2017,NorthTexas,Troy,30,50,60.5,5.5,62.5,4.5,30,1.5,150,-180
1216,True,2017,GeorgiaState,WesternKentucky,27,17,50.5,5,55,5.5,27,2.5,175,-210
1216,True,2017,Oregon,BoiseState,28,38,5,58.5,7,63,3.5,29,-260,210
1216,True,2017,Marshall,ColoradoState,31,28,54.5,5.5,58.5,3,28.5,3,140,-160
1216,True,2017,MiddleTennSt,ArkansasState,35,30,57.5,3.5,61,4,28.5,4,160,-190
1220,True,2017,LouisianaTech,SMU,51,10,70,5,70.5,4,31,6.5,155,-185
1221,True,2017,Temple,FloridaIntl,28,3,7,53.5,7,57.5,3.5,23.5,-280,230
1222,True,2017,UAB,Ohio,6,41,57,7.5,54.5,6.5,24.5,1,200,-250
1222,True,2017,CentralMichigan,Wyoming,14,37,45.5,pk,46,2.5,1.5,23,115,-135
1223,True,2017,TexasTech,SouthFlorida,34,38,64.5,2,66,2.5,31,2.5,115,-135
1223,True,2017,Army,SanDiegoState,42,35,46,6.5,46.5,6.5,24.5,3,190,-240
1223,True,2017,AppalachianSt,Toledo,34,0,62.5,8,61.5,6,28,4.5,190,-240
1224,True,2017,Houston,FresnoState,27,33,2,46,2.5,52,pk,25.5,-145,125
1226,True,2017,Utah,WestVirginia,30,14,4.5,54,6.5,56,4,26,-250,200
1226,True,2017,NoIllinois,Duke,14,36,47.5,4.5,48.5,5,24,2,180,-220
1226,True,2017,KansasState,UCLA,35,17,63.5,pk,6,58.5,3.5,27.5,-250,200
1227,True,2017,SouthernMiss,FloridaState,13,42,49,14,48.5,12.5,23.5,7,367,-475
1227,True,2017,BostonCollege,Iowa,20,27,45,3,46.5,2,21.5,0.5,110,-130
1227,True,2017,Missouri,Texas,16,33,1.5,60.5,3,61.5,4.5,31.5,-155,135
1227,True,2017,Purdue,Arizona,38,35,66.5,3.5,64,2.5,33.5,3,120,-140
1228,True,2017,Virginia,Navy,7,49,54,pk,50.5,3,21.5,1,125,-145
1228,True,2017,VirginiaTech,OklahomaState,21,30,63,6.5,61,6,28.5,1,180,-220
1228,True,2017,Stanford,TCU,37,39,47.5,2.5,50,3.5,24,4.5,145,-170
1228,True,2017,MichiganState,WashingtonState,42,17,44.5,3.5,3,47.5,1.5,21.5,-150,130
1229,True,2017,TexasA&M,WakeForest,52,55,64,3,62.5,3.5,35,1.5,145,-170
1229,True,2017,NCState,ArizonaState,52,31,6,59.5,5.5,62.5,1,30,-220,180
1229,True,2017,Kentucky,Northwestern,23,24,51,7,50.5,7.5,22.5,2,250,-310
1229,True,2017,UtahState,NewMexicoState,20,26,3,61,5,63.5,3.5,30,-220,180
1229,True,2017,USC,OhioState,7,24,64,7,66,10,29,4.5,320,-420
1230,True,2017,Louisville,MississippiState,27,31,5,61.5,7,62,1,31,-270,220
1230,True,2017,IowaState,Memphis,21,20,65.5,3,68.5,3.5,31.5,3,145,-170
1230,True,2017,Washington,PennState,28,35,55,1.5,56.5,3,27,0.5,135,-155
1230,True,2017,Wisconsin,MiamiFlorida,34,24,6.5,45,6.5,46,2.5,22,-250,200
101,True,2017,SouthCarolina,Michigan,26,19,43,8.5,41,8.5,18.5,3,300,-400
101,True,2017,CentralFlorida,Auburn,34,27,63,9.5,67,10.5,30.5,7.5,350,-450
101,True,2017,LSU,NotreDame,17,21,2,50,2,52.5,1.5,23.5,-125,105
101,True,2017,Georgia,Oklahoma,54,48,59,1,2.5,62.5,3,34,-140,120
101,True,2017,Alabama,Clemson,24,6,47,1,3.5,47,2.5,21,-180,150
108,True,2017,Alabama,Georgia,26,23,4.5,45,3.5,45,6,22.5,-180,155
901,True,2018,Washington,Auburn,16,21,54,2.5,50.5,1.5,"24,5",1,-101,-119
901,True,2018,Louisville,Alabama,14,51,53.5,25.5,60,22.5,24,10,1041,-2000
1130,True,2018,NoIllinois,BuffaloU,30,29,49,4,51.5,3,26.5,pk,140,-160
1130,True,2018,Utah,Washington,3,10,44.5,4,45,4.5,20.5,1.5,170,-200
1201,True,2018,Texas,Oklahoma,27,39,78,7.5,80,9.5,39.5,5,300,-400
1201,True,2018,Georgia,Alabama,28,35,63,13,62,11.5,31,9.5,355,-460
1201,True,2018,PittsburghU,Clemson,10,42,57.5,24.5,53.5,28,24,11.5,2250,-4500
1201,True,2018,Northwestern,OhioState,24,45,60,12.5,63.5,16.5,28,7,550,-800
1215,True,2018,AlcornSt,N.CarolinaA&T,22,24,48,9,46.5,7,22.5,pk,240,-300
1215,True,2018,NorthTexas,UtahState,13,52,64.5,10,68,7,27,5.5,220,-270
1215,True,2018,Tulane,ULLafayette,41,24,3.5,59,3,60.5,1.5,27.5,-155,135
1215,True,2018,ArizonaState,FresnoState,20,31,52.5,3.5,54.5,6,27,3,200,-250
1215,True,2018,EasternMichigan,GeorgiaSouthern,21,23,48,pk,45.5,2.5,21.5,pk,120,-140
1215,True,2018,MiddleTennSt,AppalachianSt,13,45,50.5,7,48,6.5,23.5,2.5,210,-260
1218,True,2018,NoIllinois,UAB,13,37,44,1,41.5,1,2.5,21,100,-120
1219,True,2018,Ohio,SanDiegoState,27,0,3,55,2,48.5,0.5,21,-145,125
1220,True,2018,Marshall,SouthFlorida,38,20,2,54.5,3,50,24,pk,-180,150
1221,True,2018,FloridaIntl,Toledo,35,32,66.5,6.5,57,7,27,5,240,-300
1221,True,2018,BYU,WesternMichigan,49,18,12.5,48,10.5,52,6.5,24,-380,290
1222,True,2018,WakeForest,Memphis,37,34,73,4,71,1.5,pk,37,110,-130
1222,True,2018,Houston,Army,14,70,64.5,3,56.5,6.5,25.5,3,200,-250
1222,True,2018,BuffaloU,Troy,32,42,3,53.5,2.5,51.5,0.5,26.5,-135,115
1222,True,2018,LouisianaTech,Hawaii,31,14,58.5,2,1,61.5,4,28,-120,100
1226,True,2018,MinnesotaU,GeorgiaTech,34,10,61,4,56.5,6,24.5,3,190,-240
1226,True,2018,TCU,California,10,7,41,pk,1.5,38.5,pk,17,-135,115
1227,True,2018,Duke,Temple,56,27,56.5,3,56.5,3.5,30,pk,150,-180
1227,True,2018,MiamiFlorida,Wisconsin,3,35,4,47,3,45,2.5,20,-155,135
1227,True,2018,Vanderbilt,Baylor,38,45,4.5,55,4.5,57.5,28.5,pk,-210,175
1228,True,2018,Auburn,Purdue,63,14,4,54.5,3.5,57.5,pk,24,-180,150
1228,True,2018,Syracuse,WestVirginia,34,18,74,7.5,3,67.5,0.5,28.5,-150,130
1228,True,2018,IowaState,WashingtonState,26,28,54.5,5,57,2.5,1,27.5,125,-145
1229,True,2018,ArkansasState,Nevada,13,16,58.5,pk,57.5,1.5,24.5,0.5,105,-125
1229,True,2018,Florida,Michigan,41,15,50.5,6,51,4.5,24.5,0.5,170,-200
1229,True,2018,SouthCarolina,Virginia,0,28,6,55,3.5,54,3,24.5,-170,145
1229,True,2018,Oklahoma,Alabama,34,45,79,13.5,81,15,37.5,6.5,450,-650
1229,True,2018,NotreDame,Clemson,3,30,56,11,58,10.5,27,6,300,-400
1231,True,2018,VirginiaTech,CincinnatiU,31,35,53.5,5.5,48.5,5,23.5,2,170,-200
1231,True,2018,PittsburghU,Stanford,13,14,52,6.5,52.5,3,pk,24.5,142,-165
1231,True,2018,MichiganState,Oregon,6,7,48,1.5,1,47,2,20.5,-120,100
1231,True,2018,Missouri,OklahomaState,33,38,9.5,71,9,73.5,6,35.5,-350,275
1231,True,2018,Northwestern,Utah,31,20,45,6.5,43.5,6.5,21.5,3.5,220,-270
1231,True,2018,NCState,TexasA&M,13,52,58.5,4.5,57.5,7.5,28,3.5,290,-380
101,True,2018,Iowa,MississippiState,27,22,44.5,6,39.5,7,19.5,4,240,-300
101,True,2018,Kentucky,PennState,27,24,48,5.5,47.5,4.5,21.5,4,160,-190
101,True,2018,LSU,CentralFlorida,40,32,8,54.5,7.5,58.5,2.5,31,-310,250
101,True,2018,Washington,OhioState,23,28,58.5,5,55.5,6,27,0.5,200,-250
101,True,2018,Texas,Georgia,28,21,58,10.5,60.5,13.5,30.5,10,425,-600
107,True,2018,Clemson,Alabama,44,16,62.5,7,57.5,5.5,31,7.5,190,-240
831,True,2019,Oregon,Auburn,21,27,57.5,2.5,55.5,3.5,27,3.5,145,-170
1207,True,2019,Baylor,Oklahoma,23,30,61,9.5,66.5,9.5,27.5,7,290,-380
1207,True,2019,Georgia,LSU,10,37,55.5,7,57,7,26.5,3.5,220,-270
1207,True,2019,Wisconsin,OhioState,21,34,52.5,16.5,58,16.5,30.5,11,550,-800
1207,True,2019,Virginia,Clemson,17,62,53,28,57,29.5,27,13.5,1700,-7000
1220,True,2019,BuffaloU,Charlotte,31,9,4.5,56.5,7,51.5,3,22.5,-270,220
1220,True,2019,KentState,UtahState,51,41,66,8,71.5,7,35,5,225,-275
1220,True,2019,UW-Whitewater,NorthCentralIllinois,14,41,68.5,13.5,69.5,13.5,29.5,1,400,-550
1221,True,2019,N.CarolinaA&T,AlcornSt,64,44,2.5,51.5,3,51.5,0.5,23.5,-155,135
1221,True,2019,CentralMichigan,SanDiegoState,11,48,41.5,4.5,41,3.5,20,1,160,-190
1221,True,2019,Liberty,GeorgiaSouthern,23,16,55.5,6,58.5,4.5,26.5,2.5,170,-200
1221,True,2019,FloridaIntl,ArkansasState,26,34,63,3,1,59.5,0.5,30,-120,100
1221,True,2019,Washington,BoiseState,38,7,3,50,3.5,48,1,21,-170,145
1221,True,2019,UAB,AppalachianSt,17,31,48,17.5,47.5,17,24.5,9.5,600,-900
1223,True,2019,Marshall,CentralFlorida,25,48,61,17.5,59.5,15,26.5,7,450,-650
1226,True,2019,MiamiFlorida,LouisianaTech,0,14,7.5,50.5,6.5,50,3,21.5,-240,190
1226,True,2019,PittsburghU,EasternMichigan,34,30,9.5,48.5,12.5,51,7,27,-500,375
1227,True,2019,NorthCarolina,Temple,55,13,6,52.5,6,57,2.5,27.5,-240,190
1227,True,2019,MichiganState,WakeForest,27,21,3.5,48.5,4,52,2.5,26.5,-185,155
1227,True,2019,OklahomaState,TexasA&M,21,24,54,4,56,4.5,27,3.5,170,-200
1227,True,2019,USC,Iowa,24,49,51.5,2.5,1,54.5,3.5,28,-115,-105
1227,True,2019,WashingtonState,AirForce,21,31,67,3,71.5,2.5,35,0.5,120,-140
1228,True,2019,IowaState,NotreDame,9,33,57.5,3.5,55,3.5,1,25.5,150,-180
1228,True,2019,Memphis,PennState,39,53,61,7.5,60.5,7,31.5,2.5,225,-275
1228,True,2019,Oklahoma,LSU,28,63,77,10,75,12.5,33,7,375,-500
1228,True,2019,Clemson,OhioState,29,23,61.5,pk,2.5,62.5,3,31.5,-145,125
1230,True,2019,WesternMichigan,WesternKentucky,20,23,52.5,2,56,3,27,4,125,-145
1230,True,2019,MississippiState,Louisville,28,38,3.5,62,4.5,63,31,0.5,-190,160
1230,True,2019,Illinois,California,20,35,42,4,48,6.5,24.5,0.5,215,-265
1230,True,2019,Virginia,Florida,28,36,54,13.5,55,16,27.5,7,500,-700
1231,True,2019,Kentucky,VirginiaTech,37,30,46.5,2.5,46.5,2,0.5,23.5,110,-130
1231,True,2019,FloridaState,ArizonaState,14,20,56,4.5,52,3,21.5,pk,140,-160
1231,True,2019,KansasState,Navy,17,20,2,52,53.5,2.5,24.5,2.5,115,-135
1231,True,2019,GeorgiaState,Wyoming,17,38,49,7,50,7,23,2.5,230,-280
1231,True,2019,Texas,Utah,38,10,55,6.5,57,7,25,4.5,210,-260
101,True,2019,Michigan,Alabama,16,35,56,7,60,7.5,31,3.5,260,-330
101,True,2019,MinnesotaU,Auburn,31,24,51,8,53,7,27.5,3.5,225,-275
101,True,2019,Wisconsin,Oregon,27,28,3,49.5,3,52.5,0.5,24,-160,140
101,True,2019,Baylor,Georgia,14,26,42.5,8.5,44,4,20,1.5,160,-190
102,True,2019,BostonCollege,CincinnatiU,6,38,54.5,6.5,54,7.5,22,4,240,-300
102,True,2019,TennesseeU,Indiana,23,22,1,49,3.5,55,3,24.5,-170,145
103,True,2019,Ohio,Nevada,30,21,6.5,56.5,10,62.5,6,30,-400,300
104,True,2019,Tulane,SouthernMiss,30,13,7,57.5,7,57.5,4,27.5,-270,220
106,True,2019,MiamiOhio,ULLafayette,17,27,55.5,14,55.5,15,27.5,8.5,500,-700
111,True,2019,JamesMadison,NoDakotaState,20,28,1,52.5,2,45,0.5,22.5,-125,105
113,True,2019,Clemson,LSU,25,42,68.5,3,66.5,4.5,34,0.5,165,-185
829,True,2020,AustinPeay,CentralArkansas,17,24,40.5,6,46.5,5,22.5,4,180,-210
904,True,2021,Georgia,Clemson,10,3,52.5,3.5,51.5,2.5,22.5,0.5,120,-140
904,True,2021,BYU,Arizona,24,16,9.5,56.5,13.5,54,4.5,24,-550,425
1009,True,2021,Oklahoma,Texas,55,48,3.5,64.5,4,65.5,6.5,33,-170,150
1023,False,2021,Stetson,Drake, , ,37.5,12.5,NL,NL,NL,NL,NL,NL
1204,True,2021,Baylor,OklahomaState,21,16,48.5,6.5,45.5,7,21.5,6,225,-265
1204,True,2021,KentState,NoIllinois,23,41,2,72.5,3.5,75.5,6.5,33.5,-165,145
1204,True,2021,Georgia,Alabama,24,41,4,53,6,48.5,4,27.5,-220,190
1204,True,2021,WakeForest,PittsburghU,21,45,71.5,2.5,74,2.5,35.5,0.5,140,-160
1204,True,2021,Iowa,Michigan,3,42,44.5,10.5,44,12,20.5,4,400,-500
1217,True,2021,Toledo,MiddleTennSt,24,31,7,54.5,10.5,50,3.5,24.5,-380,320
1217,True,2021,CoastalCarolina,NoIllinois,47,41,7.5,65,12.5,63.5,7.5,34.5,-450,375
1218,True,2021,AppalachianSt,WesternKentucky,38,59,3,66,68.5,1,1.5,37,-110,-110
1218,True,2021,SoCarolinaSt,JacksonSt,31,10,40.5,12.5,42.5,10.5,19.5,6,340,-410
1218,True,2021,UTEP,FresnoState,24,31,51.5,17.5,54.5,13.5,27.5,4,425,-550
1218,True,2021,UAB,BYU,31,28,55.5,8.5,54.5,5.5,27.5,4,200,-240
1218,True,2021,EasternMichigan,Liberty,20,56,58.5,7,58,10,27.5,4.5,290,-350
1218,True,2021,OregonState,UtahState,13,24,6.5,65,6.5,68.5,3,33.5,-250,210
1218,True,2021,Marshall,ULLafayette,21,36,49.5,6,56,3.5,27.5,0.5,170,-190
1221,True,2021,Wyoming,KentState,52,38,4,58.5,3,60.5,1,35,-150,130
1221,True,2021,SanDiegoState,TexSanAntonio,38,24,50,3.5,3,48.5,0.5,24.5,-140,120
1222,True,2021,Missouri,Army,22,24,65,3,54,7,26.5,5,215,-255
1223,True,2021,CentralFlorida,Florida,29,17,57.5,6.5,56,7,26,3.5,210,-250
1223,True,2021,MiamiOhio,NorthTexas,27,14,4.5,52.5,2,57,0.5,28.5,-130,110
1225,True,2021,BallState,GeorgiaState,20,51,48.5,1.5,53,6.5,24,1.5,190,-220
1227,True,2021,WesternMichigan,Nevada,52,24,65.5,7.5,6.5,57.5,4,24.5,-250,210
1228,True,2021,Houston,Auburn,17,13,51.5,2.5,1,49.5,22.5,0.5,-125,105
1228,True,2021,Louisville,AirForce,28,31,55.5,pk,54.5,1.5,0.5,27.5,-105,-115
1228,True,2021,TexasTech,MississippiState,34,7,59.5,9.5,58,10,28,7,290,-350
1228,True,2021,WestVirginia,MinnesotaU,6,18,44.5,7,45,6,21.5,4.5,200,-240
1229,True,2021,Maryland,VirginiaTech,54,10,53.5,2.5,4.5,55.5,1.5,27,-190,170
1229,True,2021,IowaState,Clemson,13,20,44.5,pk,45,2,21,0.5,105,-125
1229,True,2021,Oregon,Oklahoma,32,47,63,4,64,7.5,27.5,2,230,-270
1230,True,2021,SouthCarolina,NorthCarolina,38,21,58.5,5,57.5,13,30.5,7,375,-450
1230,True,2021,Purdue,TennesseeU,48,45,3,59,67,7.5,35.5,5,235,-275
1230,True,2021,PittsburghU,MichiganState,21,31,4.5,63,55,3.5,24,4,135,-155
1230,True,2021,ArizonaState,Wisconsin,13,20,43,7,42.5,8,20,5.5,265,-320
1231,True,2021,Rutgers,WakeForest,10,38,61.5,11.5,63,16.5,28.5,4.5,-110,-110
1231,True,2021,CentralMichigan,WashingtonState,24,21,54.5,4.5,56,5.5,23,3,-320,265
1231,True,2021,Georgia,Michigan,34,11,59,13.5,7.5,46,2.5,20.5,-250,210
1231,True,2021,CincinnatiU,Alabama,6,27,7,43.5,57,13,24.5,5,600,-900
101,True,2021,Arkansas,PennState,24,10,45,4.5,3,51,2,24,-165,145
101,True,2021,OklahomaState,NotreDame,37,35,44.5,2.5,1,45,2.5,24,-120,100
101,True,2021,Kentucky,Iowa,20,17,45.5,1,3,44,0.5,20.5,-145,125
101,True,2021,Utah,OhioState,45,48,65.5,9.5,64.5,4,35.5,7,155,-175
101,True,2021,Baylor,Mississippi,21,7,50.5,2.5,60.5,1,1.5,21,100,-120
104,True,2021,LSU,KansasState,20,42,2.5,46.5,47,10,20.5,3,330,-400
108,True,2021,MontanaSt,NoDakotaState,10,38,45,9,41.5,7,16.5,4,250,-300
110,True,2021,Georgia,Alabama,33,18,2.5,52.5,3,53,1.5,24,-148,138
827,True,2022,Northwestern,Nebraska,31,28,55,10,52,11.5,28,7,395,500
1008,True,2022,BYU,NotreDame,20,28,52,3,51.5,3.5,23,3,150,170
1105,True,2022,AirForce,Army,13,7,7,42.5,7,40.5,2,19.5,-265,225
1112,True,2022,NotreDame,Navy,35,32,19.5,42.5,16.5,40.5,6.5,21,-900,600
