date,season,homeTeam,awayTeam,homeScore,awayScore,result,spreadOpen,spreadClose,spreadH2,overUnderOpen,overUnderClose,overUnderH2,homeMoneyline,awayMoneyline
2013-08-29,2013,southcarolina,northcarolina,27,10,1,10.5,13.0,6.5,56.5,55.0,27.5,-580.0,440.0
2013-08-29,2013,minnesotau,unlv,51,23,1,14.0,13.5,6.0,51.5,52.0,27.0,-530.0,415.0
2013-08-29,2013,bowlinggreen,tulsa,34,7,1,3.5,3.0,0.0,48.5,51.5,23.0,-145.0,125.0
2013-08-29,2013,centralflorida,akron,38,7,1,21.5,24.0,10.0,55.0,56.0,24.5,-2000.0,1139.0
2013-08-29,2013,utah,utahstate,30,26,1,2.5,1.0,27.5,51.5,52.0,0.5,-120.0,100.0
2013-08-29,2013,vanderbilt,mississippi,35,39,0,3.0,3.5,3.0,53.5,51.5,27.0,145.0,-165.0
2013-08-29,2013,fresnostate,rutgers,52,51,1,10.5,10.5,7.0,55.0,55.0,28.5,-360.0,300.0
2013-08-29,2013,hawaii,usc,13,30,0,21.5,24.5,13.0,53.5,53.0,24.5,1200.0,-2000.0
2013-08-29,2013,kentstate,liberty,17,10,1,NaN,NaN,NaN,NaN,NaN,NaN,NaN,NaN
2013-08-29,2013,wakeforest,presbyterian,31,7,1,NaN,NaN,NaN,NaN,NaN,NaN,NaN,NaN
2013-08-29,2013,indiana,indianast,73,35,1,NaN,NaN,NaN,NaN,NaN,NaN,NaN,NaN
2013-08-29,2013,ballstate,illinoisst,51,27,1,NaN,NaN,NaN,NaN,NaN,NaN,NaN,NaN
2013-08-29,2013,southalabama,southernutah,21,22,0,NaN,NaN,NaN,NaN,NaN,NaN,NaN,NaN
2013-08-29,2013,connecticut,towson,18,33,0,NaN,NaN,NaN,NaN,NaN,NaN,NaN,NaN
2013-08-29,2013,middletennst,westerncarolina,45,24,1,NaN,NaN,NaN,NaN,NaN,NaN,NaN,NaN
2013-08-29,2013,tulane,jacksonst,34,7,1,NaN,NaN,NaN,NaN,NaN,NaN,NaN,NaN
2013-08-29,2013,sanjosestate,cssacramento,24,0,1,NaN,NaN,NaN,NaN,NaN,NaN,NaN,NaN
2013-08-30,2013,michiganstate,westernmichigan,26,13,1,27.0,27.5,13.0,44.5,46.0,22.5,-4000.0,1768.0
2013-08-30,2013,miamiflorida,floridaatlantic,34,6,1,33.0,31.5,14.5,53.5,55.0,26.0,NaN,NaN
2013-08-30,2013,smu,texastech,23,41,0,6.0,4.5,1.0,59.5,61.5,28.0,165.0,-190.0
2013-08-30,2013,georgiastate,samford,21,31,0,NaN,NaN,NaN,NaN,NaN,NaN,NaN,NaN
2013-08-30,2013,army,morganst,28,12,1,NaN,NaN,NaN,NaN,NaN,NaN,NaN,NaN
2013-08-30,2013,houstonu,southern,62,13,1,NaN,NaN,NaN,NaN,NaN,NaN,NaN,NaN
2013-08-30,2013,kansasstate,nodakotastate,21,24,0,NaN,NaN,NaN,NaN,NaN,NaN,NaN,NaN
2013-08-30,2013,arizonau,northernarizona,35,0,1,NaN,NaN,NaN,NaN,NaN,NaN,NaN,NaN
2013-08-31,2013,wisconsin,massachusetts,45,0,1,45.0,43.0,17.5,53.0,55.0,23.5,NaN,NaN
2013-08-31,2013,michigan,centralmichigan,59,9,1,31.5,31.0,14.0,52.5,53.5,23.0,NaN,NaN
2013-08-31,2013,ohiostate,buffalou,40,20,1,36.0,35.0,14.6,55.5,57.0,27.0,NaN,NaN
2013-08-31,2013,ncstate,louisianatech,40,14,1,13.5,14.5,6.0,62.5,62.5,28.5,-650.0,475.0
2013-08-31,2013,maryland,floridaintl,43,10,1,19.5,21.0,7.5,49.5,49.5,21.5,-1600.0,1023.0
2013-08-31,2013,iowa,noillinois,27,30,0,3.0,3.0,28.0,53.0,52.5,0.5,-135.0,115.0
2013-08-31,2013,notredame,temple,28,6,1,29.5,28.0,11.5,53.0,52.5,27.5,-4000.0,1768.0
2013-08-31,2013,virginia,byu,19,16,1,3.0,3.0,0.5,49.5,48.5,22.5,130.0,-150.0
2013-08-31,2013,virginiatech,alabama,10,35,0,18.5,23.0,10.0,46.0,46.0,21.5,1200.0,-2000.0
2013-08-31,2013,troy,uab,34,31,1,5.0,4.5,3.5,63.5,63.0,30.5,-200.0,170.0
2013-08-31,2013,cincinnatiu,purdue,42,7,1,10.5,11.0,4.5,50.5,50.5,24.0,-430.0,335.0
2013-08-31,2013,westernkentucky,kentucky,35,26,1,5.0,5.0,3.0,56.5,55.5,28.0,170.0,-200.0
2013-08-31,2013,marshall,miamiohio,52,14,1,17.0,21.0,10.0,69.5,67.0,33.0,-1000.0,733.0
2013-08-31,2013,oklahomastate,mississippist,21,3,1,12.0,13.0,6.0,60.0,64.5,28.0,-550.0,425.0
2013-08-31,2013,oklahoma,ulmonroe,34,0,1,23.0,23.0,10.0,59.5,62.0,27.0,-1650.0,1002.0
2013-08-31,2013,southernmiss,texasstate,15,22,0,8.0,8.0,5.5,56.0,55.0,27.0,-300.0,250.0
2013-08-31,2013,texas,newmexicostate,56,7,1,42.0,44.0,20.0,58.0,54.5,26.0,NaN,NaN
2013-08-31,2013,texasa&m,rice,52,31,1,26.0,30.0,17.0,65.0,69.5,41.0,NaN,NaN
2013-08-31,2013,florida,toledo,24,6,1,23.0,22.0,10.5,56.5,55.5,24.0,-1700.0,1052.0
2013-08-31,2013,arkansas,ullafayette,34,14,1,11.0,10.5,4.5,59.0,54.5,27.0,-400.0,320.0
2013-08-31,2013,auburn,washingtonstate,31,24,1,15.5,14.0,6.5,59.0,60.5,31.5,-600.0,450.0
2013-08-31,2013,northtexas,idaho,40,6,1,14.5,17.5,8.0,56.5,56.0,26.5,-700.0,500.0
2013-08-31,2013,syracuse,pennstate,17,23,0,7.0,9.0,3.0,51.0,50.0,23.0,290.0,-350.0
2013-08-31,2013,nebraska,wyoming,37,34,1,27.0,31.5,14.0,64.5,66.5,31.5,-8000.0,2311.0
2013-08-31,2013,newmexico,texsanantonio,13,21,0,3.5,4.0,0.0,55.0,54.5,26.5,-170.0,150.0
2013-08-31,2013,clemson,georgia,38,35,1,1.5,3.0,2.5,72.0,71.0,35.0,110.0,-130.0
2013-08-31,2013,tcu,lsu,27,37,0,4.0,6.0,0.5,50.5,47.0,24.0,180.0,-220.0
2013-08-31,2013,washingtonu,boisestate,38,6,1,3.5,4.0,0.5,52.5,54.5,25.5,-165.0,145.0
2013-08-31,2013,ucla,nevada,58,20,1,18.0,21.0,10.0,66.5,68.0,33.0,-1250.0,844.0
2013-08-31,2013,california,northwestern,30,44,0,5.5,6.5,0.5,58.0,62.5,29.0,190.0,-230.0
2013-08-31,2013,illinois,soillinois,42,34,1,NaN,NaN,NaN,NaN,NaN,NaN,NaN,NaN
2013-08-31,2013,georgiatech,elon,70,0,1,NaN,NaN,NaN,NaN,NaN,NaN,NaN,NaN
2013-08-31,2013,bostoncollege,villanova,24,14,1,NaN,NaN,NaN,NaN,NaN,NaN,NaN,NaN
2013-08-31,2013,westvirginia,william&mary,24,17,1,NaN,NaN,NaN,NaN,NaN,NaN,NaN,NaN
2013-08-31,2013,missouri,murrayst,58,14,1,NaN,NaN,NaN,NaN,NaN,NaN,NaN,NaN
2013-08-31,2013,airforce,colgate,38,13,1,NaN,NaN,NaN,NaN,NaN,NaN,NaN,NaN
2013-08-31,2013,duke,nccentral,45,0,1,NaN,NaN,NaN,NaN,NaN,NaN,NaN,NaN
2013-08-31,2013,oregon,nichollsst,66,3,1,NaN,NaN,NaN,NaN,NaN,NaN,NaN,NaN
2013-08-31,2013,oregonstate,eastwashington,46,49,0,NaN,NaN,NaN,NaN,NaN,NaN,NaN,NaN
2013-08-31,2013,easternmichigan,howard,34,24,1,NaN,NaN,NaN,NaN,NaN,NaN,NaN,NaN
2013-08-31,2013,southflorida,mcneesest,21,53,0,NaN,NaN,NaN,NaN,NaN,NaN,NaN,NaN
2013-08-31,2013,eastcarolina,olddominion,52,38,1,NaN,NaN,NaN,NaN,NaN,NaN,NaN,NaN
2013-08-31,2013,arkansasstate,arkpinebluff,62,11,1,NaN,NaN,NaN,NaN,NaN,NaN,NaN,NaN
2013-08-31,2013,tennesseeu,austinpeay,45,0,1,NaN,NaN,NaN,NaN,NaN,NaN,NaN,NaN
2013-08-31,2013,baylor,wofford,69,3,1,NaN,NaN,NaN,NaN,NaN,NaN,NaN,NaN
2013-08-31,2013,iowastate,northerniowa,20,28,0,NaN,NaN,NaN,NaN,NaN,NaN,NaN,NaN
2013-08-31,2013,sandiegostate,easternillinois,19,40,0,NaN,NaN,NaN,NaN,NaN,NaN,NaN,NaN
2013-09-01,2013,louisville,ohio,49,7,1,20.5,21.0,10.5,58.0,60.0,24.5,-1700.0,950.0
2013-09-01,2013,coloradostate,colorado,27,41,0,2.5,3.0,1.0,49.5,50.5,24.5,-140.0,120.0
2013-09-02,2013,pittsburghu,floridastate,13,41,0,10.0,12.5,7.5,49.0,47.5,25.0,420.0,-540.0
2013-09-05,2013,eastcarolina,floridaatlantic,31,13,1,20.5,19.5,7.0,54.0,59.0,27.0,-750.0,581.0
2013-09-05,2013,arizonastate,cssacramento,55,0,1,NaN,NaN,NaN,NaN,NaN,NaN,NaN,NaN
2013-09-06,2013,bostoncollege,wakeforest,24,10,1,2.5,3.0,0.0,48.5,47.5,23.5,-135.0,115.0
2013-09-06,2013,floridaintl,centralflorida,0,38,0,23.0,26.0,11.5,53.0,54.0,23.5,1212.0,-2200.0
2013-09-07,2013,miamiflorida,florida,21,16,1,3.0,3.5,3.5,49.0,47.0,23.5,145.0,-165.0
2013-09-07,2013,kentucky,miamiohio,41,7,1,17.0,18.0,8.0,56.5,54.5,24.5,-1300.0,825.0
2013-09-07,2013,michiganstate,southflorida,21,6,1,22.5,23.0,9.5,44.0,43.5,20.0,-1400.0,943.0
2013-09-07,2013,texsanantonio,oklahomastate,35,56,0,27.5,30.0,11.5,60.0,61.0,28.0,1702.0,-4750.0
2013-09-07,2013,temple,houstonu,13,22,0,3.0,3.5,1.0,67.5,68.0,31.5,115.0,-135.0
2013-09-07,2013,ohio,northtexas,27,21,1,6.0,3.5,28.0,58.0,60.0,0.5,-165.0,145.0
2013-09-07,2013,northcarolina,middletennst,40,20,1,17.5,20.0,9.5,66.5,66.5,28.0,-1000.0,733.0
2013-09-07,2013,illinois,cincinnatiu,45,17,1,10.0,9.5,6.0,54.0,57.0,28.0,310.0,-390.0
2013-09-07,2013,oklahoma,westvirginia,16,7,1,19.0,22.5,10.0,57.5,55.0,26.0,-1800.0,1100.0
2013-09-07,2013,georgia,southcarolina,41,30,1,3.0,3.5,3.0,56.0,56.0,30.0,-165.0,145.0
2013-09-07,2013,ohiostate,sandiegostate,42,7,1,29.0,29.5,11.5,54.5,57.5,23.5,-4750.0,1702.0
2013-09-07,2013,airforce,utahstate,20,52,0,10.5,9.5,3.0,60.0,57.0,30.0,265.0,-330.0
2013-09-07,2013,tulane,southalabama,39,41,0,6.0,6.5,4.0,50.5,48.5,27.5,-220.0,185.0
2013-09-07,2013,virginia,oregon,10,59,0,22.0,27.5,14.0,61.0,63.0,31.0,1457.0,-3300.0
2013-09-07,2013,memphis,duke,14,28,0,5.5,4.0,2.5,50.0,53.0,23.0,150.0,-170.0
2013-09-07,2013,northwestern,syracuse,48,27,1,15.5,17.0,7.0,53.0,55.5,26.0,-840.0,615.0
2013-09-07,2013,indiana,navy,35,41,0,12.5,12.5,7.0,67.0,69.5,35.0,-470.0,370.0
2013-09-07,2013,nebraska,southernmiss,56,13,1,27.5,28.5,13.0,59.5,61.5,27.0,-4500.0,1866.0
2013-09-07,2013,byu,texas,40,21,1,6.5,8.5,7.0,55.0,56.0,30.0,265.0,-330.0
2013-09-07,2013,lsu,uab,56,17,1,34.0,35.0,16.0,61.5,60.0,28.0,NaN,NaN
2013-09-07,2013,missouri,toledo,38,23,1,16.5,14.5,6.5,66.5,65.5,31.5,-600.0,450.0
2013-09-07,2013,tulsa,coloradostate,30,27,1,12.0,14.0,8.5,53.0,56.0,28.0,-550.0,420.0
2013-09-07,2013,auburn,arkansasstate,38,9,1,13.0,10.5,3.5,62.0,61.0,28.0,-440.0,350.0
2013-09-07,2013,ballstate,army,40,14,1,8.0,10.5,7.0,60.5,61.5,28.0,-400.0,320.0
2013-09-07,2013,pennstate,easternmichigan,45,7,1,24.5,28.5,14.0,48.5,48.5,24.0,-4500.0,1866.0
2013-09-07,2013,baylor,buffalou,70,13,1,26.5,30.0,11.0,66.0,68.0,30.0,-5000.0,1952.0
2013-09-07,2013,kentstate,bowlinggreen,22,41,0,8.0,7.5,3.0,44.5,44.0,24.0,225.0,-265.0
2013-09-07,2013,tennesseeu,westernkentucky,52,20,1,12.5,14.0,5.5,56.5,60.5,28.0,-600.0,450.0
2013-09-07,2013,kansasstate,ullafayette,48,27,1,10.0,14.0,6.5,58.5,60.5,26.5,-500.0,390.0
2013-09-07,2013,michigan,notredame,41,30,1,3.5,5.5,0.5,52.0,48.0,27.0,-190.0,165.0
2013-09-07,2013,oregonstate,hawaii,33,14,1,27.0,27.0,13.0,53.0,57.0,27.5,-3500.0,1657.0
2013-09-07,2013,newmexicostate,minnesotau,21,44,0,16.5,16.5,7.0,51.0,51.5,24.5,480.0,-650.0
2013-09-07,2013,wyoming,idaho,42,10,1,24.5,29.5,13.5,64.5,64.0,28.0,-4750.0,1702.0
2013-09-07,2013,utep,newmexico,35,42,0,6.0,7.5,3.5,52.0,50.5,27.0,-260.0,220.0
2013-09-07,2013,usc,washingtonstate,7,10,0,16.5,16.0,8.0,53.0,55.5,23.5,-630.0,465.0
2013-09-07,2013,unlv,arizonau,13,58,0,11.0,14.0,7.0,61.0,64.5,27.0,420.0,-550.0
2013-09-07,2013,stanford,sanjosestate,34,13,1,25.5,25.0,11.5,48.5,50.0,24.0,-2500.0,1379.0
2013-09-07,2013,georgiastate,tennchat,14,42,0,NaN,NaN,NaN,NaN,NaN,NaN,NaN,NaN
2013-09-07,2013,rutgers,norfolkst,38,0,1,NaN,NaN,NaN,NaN,NaN,NaN,NaN,NaN
2013-09-07,2013,wisconsin,tennesseetech,48,0,1,NaN,NaN,NaN,NaN,NaN,NaN,NaN,NaN
2013-09-07,2013,iowa,missourist,28,14,1,NaN,NaN,NaN,NaN,NaN,NaN,NaN,NaN
2013-09-07,2013,purdue,indianast,20,14,1,NaN,NaN,NaN,NaN,NaN,NaN,NaN,NaN
2013-09-07,2013,tcu,selouisiana,38,17,1,NaN,NaN,NaN,NaN,NaN,NaN,NaN,NaN
2013-09-07,2013,louisville,easternkentucky,44,7,1,NaN,NaN,NaN,NaN,NaN,NaN,NaN,NaN
2013-09-07,2013,clemson,socarolinast,52,13,1,NaN,NaN,NaN,NaN,NaN,NaN,NaN,NaN
2013-09-07,2013,virginiatech,westerncarolina,45,3,1,NaN,NaN,NaN,NaN,NaN,NaN,NaN,NaN
2013-09-07,2013,massachusetts,maine,14,24,0,NaN,NaN,NaN,NaN,NaN,NaN,NaN,NaN
2013-09-07,2013,mississippist,alcornst,51,7,1,NaN,NaN,NaN,NaN,NaN,NaN,NaN,NaN
2013-09-07,2013,utah,weberst,70,7,1,NaN,NaN,NaN,NaN,NaN,NaN,NaN,NaN
2013-09-07,2013,centralmichigan,newhampshire,24,21,1,NaN,NaN,NaN,NaN,NaN,NaN,NaN,NaN
2013-09-07,2013,boisestate,tennesseemartin,63,14,1,NaN,NaN,NaN,NaN,NaN,NaN,NaN,NaN
2013-09-07,2013,maryland,olddominion,47,10,1,NaN,NaN,NaN,NaN,NaN,NaN,NaN,NaN
2013-09-07,2013,nevada,ucdavis,36,7,1,NaN,NaN,NaN,NaN,NaN,NaN,NaN,NaN
2013-09-07,2013,california,portlandst,37,30,1,NaN,NaN,NaN,NaN,NaN,NaN,NaN,NaN
2013-09-07,2013,ncstate,richmond,23,21,1,NaN,NaN,NaN,NaN,NaN,NaN,NaN,NaN
2013-09-07,2013,akron,jamesmadison,35,33,1,NaN,NaN,NaN,NaN,NaN,NaN,NaN,NaN
2013-09-07,2013,marshall,gardnerwebb,55,0,1,NaN,NaN,NaN,NaN,NaN,NaN,NaN,NaN
2013-09-07,2013,texasstate,prairieview,28,3,1,NaN,NaN,NaN,NaN,NaN,NaN,NaN,NaN
2013-09-07,2013,kansas,southdakota,31,14,1,NaN,NaN,NaN,NaN,NaN,NaN,NaN,NaN
2013-09-07,2013,louisianatech,lamar,27,14,1,NaN,NaN,NaN,NaN,NaN,NaN,NaN,NaN
2013-09-07,2013,westernmichigan,nichollsst,23,27,0,NaN,NaN,NaN,NaN,NaN,NaN,NaN,NaN
2013-09-07,2013,arkansas,samford,31,21,1,NaN,NaN,NaN,NaN,NaN,NaN,NaN,NaN
2013-09-07,2013,mississippi,semissourist,31,13,1,NaN,NaN,NaN,NaN,NaN,NaN,NaN,NaN
2013-09-07,2013,vanderbilt,austinpeay,38,3,1,NaN,NaN,NaN,NaN,NaN,NaN,NaN,NaN
2013-09-07,2013,texasa&m,samhoustonst,65,28,1,NaN,NaN,NaN,NaN,NaN,NaN,NaN,NaN
2013-09-07,2013,ulmonroe,grambling,48,10,1,NaN,NaN,NaN,NaN,NaN,NaN,NaN,NaN
2013-09-07,2013,texastech,stephenf.austin,61,13,1,NaN,NaN,NaN,NaN,NaN,NaN,NaN,NaN
2013-09-07,2013,troy,savannahst,66,3,1,NaN,NaN,NaN,NaN,NaN,NaN,NaN,NaN
2013-09-07,2013,smu,montanast,31,30,1,NaN,NaN,NaN,NaN,NaN,NaN,NaN,NaN
2013-09-07,2013,colorado,centralarkansas,38,24,1,NaN,NaN,NaN,NaN,NaN,NaN,NaN,NaN
2013-09-07,2013,fresnostate,calpoly,41,25,1,NaN,NaN,NaN,NaN,NaN,NaN,NaN,NaN
2013-09-12,2013,texastech,tcu,20,10,1,3.0,3.0,3.0,62.0,61.0,27.0,125.0,-145.0
2013-09-12,2013,louisianatech,tulane,15,24,0,7.5,7.0,3.0,57.0,61.0,27.5,-280.0,230.0
2013-09-12,2013,arkansasstate,troy,41,34,1,10.0,6.5,3.0,66.5,68.5,35.0,-260.0,220.0
2013-09-13,2013,boisestate,airforce,42,20,1,23.0,24.0,31.0,57.5,59.0,11.0,-2400.0,1279.0
2013-09-14,2013,rutgers,easternmichigan,28,10,1,27.5,28.0,10.5,51.0,54.0,24.0,-4500.0,1866.0
2013-09-14,2013,army,stanford,20,34,0,28.0,31.0,13.0,52.0,51.0,24.5,1811.0,-7500.0
2013-09-14,2013,westvirginia,georgiastate,41,7,1,37.0,40.5,17.5,56.5,56.0,24.0,NaN,NaN
2013-09-14,2013,kentucky,louisville,13,27,0,11.5,14.5,5.0,59.5,59.0,26.5,450.0,-600.0
2013-09-14,2013,ohio,marshall,34,31,1,7.5,7.5,5.0,68.5,68.5,32.5,250.0,-300.0
2013-09-14,2013,michigan,akron,28,24,1,36.5,36.5,17.0,56.5,59.5,26.5,NaN,NaN
2013-09-14,2013,indiana,bowlinggreen,42,10,1,2.5,2.5,0.0,63.5,62.5,31.0,-140.0,120.0
2013-09-14,2013,eastcarolina,virginiatech,10,15,0,7.0,8.0,3.5,51.5,46.5,21.5,265.0,-330.0
2013-09-14,2013,connecticut,maryland,21,32,0,7.5,6.0,3.0,48.0,47.5,24.0,180.0,-215.0
2013-09-14,2013,pittsburghu,newmexico,49,27,1,21.0,22.0,7.5,52.0,48.5,21.5,-1450.0,941.0
2013-09-14,2013,wakeforest,ulmonroe,19,21,0,3.0,1.5,1.0,53.5,50.0,24.5,-120.0,100.0
2013-09-14,2013,southalabama,westernkentucky,31,24,1,9.5,7.0,3.0,54.5,56.5,27.5,220.0,-260.0
2013-09-14,2013,floridastate,nevada,62,7,1,32.0,36.0,17.5,65.5,64.0,28.0,NaN,NaN
2013-09-14,2013,nebraska,ucla,21,41,0,6.0,0.0,33.5,70.0,72.0,3.5,-110.0,-110.0
2013-09-14,2013,duke,georgiatech,14,38,0,8.0,9.5,5.5,56.0,56.0,27.0,265.0,-330.0
2013-09-14,2013,oregon,tennesseeu,59,14,1,24.5,28.5,13.5,70.0,70.5,30.5,-5000.0,1952.0
2013-09-14,2013,texas,mississippi,23,44,0,2.5,2.5,0.0,65.5,64.0,33.0,-120.0,100.0
2013-09-14,2013,usc,bostoncollege,35,7,1,14.5,14.5,7.0,43.0,43.0,20.0,-550.0,420.0
2013-09-14,2013,iowastate,iowa,21,27,0,1.5,1.0,21.5,48.5,46.5,0.5,-105.0,-115.0
2013-09-14,2013,texasa&m,alabama,42,49,0,8.5,9.0,5.0,62.0,62.5,31.5,255.0,-310.0
2013-09-14,2013,idaho,noillinois,35,45,0,27.0,30.5,14.0,62.0,63.0,33.0,1714.0,-6500.0
2013-09-14,2013,auburn,mississippist,24,20,1,7.0,6.5,3.0,51.0,50.0,26.0,-240.0,200.0
2013-09-14,2013,illinois,washingtonu,24,34,0,10.5,10.5,6.0,62.5,63.5,27.5,285.0,-370.0
2013-09-14,2013,pennstate,centralflorida,31,34,0,6.0,4.5,3.5,50.5,49.5,26.5,-185.0,160.0
2013-09-14,2013,northtexas,ballstate,34,27,1,3.0,3.5,0.5,61.0,59.0,31.0,145.0,-165.0
2013-09-14,2013,middletennst,memphis,17,15,1,4.5,9.0,3.0,52.0,51.0,24.0,-340.0,270.0
2013-09-14,2013,arkansas,southernmiss,24,3,1,22.0,24.5,11.0,49.5,50.5,23.0,-2500.0,1379.0
2013-09-14,2013,southcarolina,vanderbilt,35,25,1,13.5,13.0,6.0,50.5,48.0,23.5,-560.0,430.0
2013-09-14,2013,oklahoma,tulsa,51,20,1,26.5,23.5,11.0,49.0,51.0,24.0,-2400.0,1279.0
2013-09-14,2013,california,ohiostate,34,52,0,15.5,13.5,7.0,65.0,64.0,35.0,420.0,-550.0
2013-09-14,2013,kansasstate,massachusetts,37,7,1,38.0,38.0,17.0,54.5,56.0,26.5,NaN,NaN
2013-09-14,2013,southflorida,floridaatlantic,10,28,0,10.5,12.0,6.5,43.5,45.0,23.0,-480.0,380.0
2013-09-14,2013,rice,kansas,23,14,1,4.0,6.5,1.5,58.0,61.0,27.5,-240.0,200.0
2013-09-14,2013,lsu,kentstate,45,13,1,37.5,36.5,14.5,55.0,55.5,24.5,NaN,NaN
2013-09-14,2013,purdue,notredame,24,31,0,20.5,18.0,10.5,50.0,48.0,23.5,625.0,-900.0
2013-09-14,2013,newmexicostate,utep,21,42,0,6.5,3.5,0.5,55.5,57.5,28.5,155.0,-175.0
2013-09-14,2013,northwestern,westernmichigan,38,17,1,31.5,28.5,14.0,59.5,58.0,27.0,-5500.0,1597.0
2013-09-14,2013,arizonau,texsanantonio,38,13,1,25.0,25.5,11.0,65.0,63.5,28.5,-3000.0,1456.0
2013-09-14,2013,utah,oregonstate,48,51,0,2.0,4.0,3.0,57.0,54.0,27.5,-170.0,150.0
2013-09-14,2013,unlv,centralmichigan,31,21,1,8.0,8.0,5.5,56.0,52.0,27.0,-320.0,260.0
2013-09-14,2013,arizonastate,wisconsin,32,30,1,5.5,6.5,4.5,52.5,57.0,28.0,-220.0,180.0
2013-09-14,2013,minnesotau,westernillinois,29,12,1,NaN,NaN,NaN,NaN,NaN,NaN,NaN,NaN
2013-09-14,2013,temple,fordham,29,30,0,NaN,NaN,NaN,NaN,NaN,NaN,NaN,NaN
2013-09-14,2013,michiganstate,youngstownst,55,17,1,NaN,NaN,NaN,NaN,NaN,NaN,NaN,NaN
2013-09-14,2013,wyoming,no.colorado,35,7,1,NaN,NaN,NaN,NaN,NaN,NaN,NaN,NaN
2013-09-14,2013,coloradostate,calpoly,34,17,1,NaN,NaN,NaN,NaN,NaN,NaN,NaN,NaN
2013-09-14,2013,buffalou,stonybrook,26,23,1,NaN,NaN,NaN,NaN,NaN,NaN,NaN,NaN
2013-09-14,2013,navy,delaware,51,7,1,NaN,NaN,NaN,NaN,NaN,NaN,NaN,NaN
2013-09-14,2013,syracuse,wagner,54,0,1,NaN,NaN,NaN,NaN,NaN,NaN,NaN,NaN
2013-09-14,2013,floridaintl,bethunecookman,13,34,0,NaN,NaN,NaN,NaN,NaN,NaN,NaN,NaN
2013-09-14,2013,oklahomastate,lamar,59,3,1,NaN,NaN,NaN,NaN,NaN,NaN,NaN,NaN
2013-09-14,2013,ullafayette,nichollsst,70,7,1,NaN,NaN,NaN,NaN,NaN,NaN,NaN,NaN
2013-09-14,2013,cincinnatiu,northwesternst,66,9,1,NaN,NaN,NaN,NaN,NaN,NaN,NaN,NaN
2013-09-14,2013,toledo,eastwashington,33,21,1,NaN,NaN,NaN,NaN,NaN,NaN,NaN,NaN
2013-09-14,2013,utahstate,weberst,70,6,1,NaN,NaN,NaN,NaN,NaN,NaN,NaN,NaN
2013-09-14,2013,washingtonstate,southernutah,48,10,1,NaN,NaN,NaN,NaN,NaN,NaN,NaN,NaN
2013-09-19,2013,ncstate,clemson,14,26,0,14.0,14.0,7.0,66.0,66.0,31.0,490.0,-675.0
2013-09-20,2013,fresnostate,boisestate,41,40,1,4.0,4.0,1.5,68.0,70.0,37.5,-170.0,150.0
2013-09-21,2013,georgia,northtexas,45,21,1,36.5,34.0,17.0,67.5,64.0,31.0,-15888.0,8362.0
2013-09-21,2013,louisville,floridaintl,72,0,1,41.0,41.0,14.5,57.5,55.5,21.5,-81000.0,39000.0
2013-09-21,2013,iowa,westernmichigan,59,3,1,19.0,16.5,7.0,47.5,47.0,20.5,-670.0,520.0
2013-09-21,2013,massachusetts,vanderbilt,7,24,0,36.0,29.5,14.0,54.5,55.0,26.0,3887.0,-6863.0
2013-09-21,2013,florida,tennesseeu,31,17,1,15.5,16.5,7.0,48.0,47.5,21.0,-640.0,490.0
2013-09-21,2013,army,wakeforest,11,25,0,3.0,2.5,0.0,47.5,49.0,23.0,115.0,-135.0
2013-09-21,2013,duke,pittsburghu,55,58,0,6.0,4.5,0.5,51.0,51.5,27.5,170.0,-200.0
2013-09-21,2013,connecticut,michigan,21,24,0,18.5,18.5,11.0,52.0,51.0,24.0,790.0,-1090.0
2013-09-21,2013,wisconsin,purdue,41,10,1,22.5,22.0,10.0,47.5,48.5,23.0,-1888.0,1362.0
2013-09-21,2013,easternmichigan,ballstate,20,51,0,8.0,10.0,3.5,55.5,59.0,28.0,305.0,-385.0
2013-09-21,2013,pennstate,kentstate,34,0,1,14.0,23.5,10.0,54.0,54.0,22.5,-1650.0,1100.0
2013-09-21,2013,virginiatech,marshall,29,21,1,11.0,8.0,5.5,51.0,48.5,24.5,-330.0,270.0
2013-09-21,2013,miamiohio,cincinnatiu,0,14,0,24.0,24.5,13.5,54.5,55.0,24.0,1125.0,-1825.0
2013-09-21,2013,georgiatech,northcarolina,28,20,1,3.5,7.0,4.0,56.5,59.5,29.0,-265.0,215.0
2013-09-21,2013,maryland,westvirginia,37,0,1,4.5,3.5,0.0,52.5,54.0,23.0,-180.0,155.0
2013-09-21,2013,minnesotau,sanjosestate,43,24,1,6.5,4.0,0.5,51.5,51.0,27.0,-185.0,160.0
2013-09-21,2013,mississippist,troy,62,7,1,13.0,13.0,6.0,60.0,58.5,27.0,-575.0,450.0
2013-09-21,2013,baylor,ulmonroe,70,7,1,30.0,30.5,11.5,72.5,74.5,34.5,-7750.0,4250.0
2013-09-21,2013,airforce,wyoming,23,56,0,2.5,4.0,3.0,64.0,65.5,33.0,165.0,-190.0
2013-09-21,2013,byu,utah,13,20,0,6.5,7.0,6.5,61.5,61.0,28.5,-300.0,240.0
2013-09-21,2013,nevada,hawaii,31,9,1,14.0,6.5,0.5,56.5,53.5,26.5,-260.0,210.0
2013-09-21,2013,usc,utahstate,17,14,1,7.0,7.0,2.5,52.0,50.0,24.5,-265.0,215.0
2013-09-21,2013,texasa&m,smu,42,13,1,26.5,27.5,11.0,82.0,80.5,36.5,-5069.0,3056.0
2013-09-21,2013,houstonu,rice,31,26,1,4.0,3.5,1.5,64.5,63.0,32.5,-165.0,145.0
2013-09-21,2013,notredame,michiganstate,17,13,1,6.0,4.0,0.5,43.0,42.5,20.5,-190.0,165.0
2013-09-21,2013,texas,kansasstate,31,21,1,7.0,6.0,0.5,58.0,60.5,28.5,-250.0,210.0
2013-09-21,2013,memphis,arkansasstate,31,7,1,3.0,3.5,3.5,54.0,52.0,25.5,155.0,-175.0
2013-09-21,2013,kansas,louisianatech,13,10,1,9.0,10.0,5.5,49.0,51.5,24.5,-395.0,315.0
2013-09-21,2013,alabama,coloradostate,31,6,1,36.5,39.5,16.5,51.5,55.0,24.0,-44550.0,21450.0
2013-09-21,2013,rutgers,arkansas,28,24,1,0.0,1.0,0.0,45.5,42.5,20.5,-115.0,-105.0
2013-09-21,2013,stanford,arizonastate,42,28,1,6.5,7.0,2.5,52.0,52.0,22.5,-270.0,220.0
2013-09-21,2013,akron,ullafayette,30,35,0,6.0,7.5,4.0,65.0,63.5,31.0,245.0,-305.0
2013-09-21,2013,washingtonstate,idaho,42,0,1,35.0,31.5,13.5,55.5,57.0,23.5,-9100.0,4900.0
2013-09-21,2013,floridaatlantic,middletennst,35,42,0,4.0,3.0,0.0,50.0,49.5,24.0,135.0,-155.0
2013-09-21,2013,syracuse,tulane,52,17,1,10.5,17.5,7.0,54.0,53.0,26.5,-800.0,600.0
2013-09-21,2013,centralmichigan,toledo,17,38,0,14.0,13.5,6.5,57.0,57.5,28.0,410.0,-535.0
2013-09-21,2013,texastech,texasstate,33,7,1,25.0,27.0,12.0,54.0,56.5,24.5,-3238.0,2012.0
2013-09-21,2013,sandiegostate,oregonstate,30,34,0,8.0,7.0,5.0,53.0,54.5,28.0,230.0,-280.0
2013-09-21,2013,lsu,auburn,35,21,1,14.0,17.5,7.0,57.0,53.5,23.0,-910.0,660.0
2013-09-21,2013,utep,texsanantonio,13,32,0,59.0,2.5,1.5,1.0,58.5,27.5,120.0,-140.0
2013-09-21,2013,indiana,missouri,28,45,0,3.0,3.0,36.5,69.5,70.0,0.0,130.0,-150.0
2013-09-21,2013,ucla,newmexicostate,59,13,1,38.0,44.0,16.5,65.0,66.5,27.5,-94500.0,45500.0
2013-09-21,2013,georgiastate,jacksonvillest,26,32,0,10.0,10.5,3.5,NaN,53.5,25.0,405.0,-475.0
2013-09-21,2013,miamiflorida,savannahst,77,7,1,61.0,58.0,17.5,NaN,63.5,28.0,NaN,NaN
2013-09-21,2013,floridastate,bethunecookman,54,6,1,40.0,40.0,14.5,NaN,54.5,24.0,-54000.0,26000.0
2013-09-21,2013,northwestern,maine,35,21,1,28.0,29.0,13.5,NaN,58.5,28.0,-9100.0,4900.0
2013-09-21,2013,ohiostate,floridaa&m,76,0,1,51.5,52.0,20.0,NaN,61.5,24.5,NaN,NaN
2013-09-21,2013,virginia,vmi,49,0,1,41.0,44.5,18.5,NaN,47.5,21.5,-66000.0,104000.0
2013-09-21,2013,nebraska,southdakotast,59,20,1,21.5,21.0,9.5,NaN,61.0,28.5,-2335.0,1565.0
2013-09-21,2013,ohio,austinpeay,38,0,1,30.0,36.5,14.5,NaN,48.5,23.0,-27000.0,13000.0
2013-09-21,2013,uab,northwesternst,52,28,1,16.0,20.5,8.0,NaN,65.0,31.0,-1795.0,1305.0
2013-09-21,2013,bowlinggreen,murrayst,48,7,1,26.0,26.0,10.0,NaN,71.0,32.5,-4163.0,2587.0
2013-09-21,2013,washingtonu,idahost,56,0,1,49.0,50.5,17.0,NaN,52.5,20.0,NaN,NaN
2013-09-21,2013,westernkentucky,morganst,58,17,1,31.0,35.0,14.5,NaN,53.0,26.0,-27000.0,13000.0
2013-09-21,2013,noillinois,easternillinois,43,39,1,17.0,14.0,7.5,NaN,77.0,37.0,-716.0,559.0
2013-09-21,2013,unlv,westernillinois,38,7,1,14.0,14.0,6.0,NaN,49.0,23.0,-763.0,587.0
2013-09-26,2013,georgiatech,virginiatech,10,17,0,7.5,7.5,4.5,41.5,43.5,21.0,-290.0,240.0
2013-09-26,2013,tulsa,iowastate,21,38,0,3.0,3.0,3.0,54.0,54.0,28.0,-150.0,130.0
2013-09-27,2013,byu,middletennst,37,10,1,21.5,23.0,14.0,59.5,58.5,28.0,-2600.0,1271.0
2013-09-27,2013,sanjosestate,utahstate,12,40,0,9.5,10.5,6.5,61.0,63.0,30.5,370.0,-470.0
2013-09-28,2013,pittsburghu,virginia,14,3,1,7.0,6.0,1.5,52.0,50.0,21.0,-230.0,195.0
2013-09-28,2013,purdue,noillinois,24,55,0,4.0,4.0,0.5,58.0,59.0,28.5,150.0,-170.0
2013-09-28,2013,duke,troy,38,31,1,11.0,13.5,7.0,67.0,68.0,35.0,-500.0,390.0
2013-09-28,2013,buffalou,connecticut,41,12,1,2.5,1.5,2.5,49.0,47.5,24.5,-105.0,-115.0
2013-09-28,2013,ballstate,toledo,31,24,1,3.0,1.5,32.5,66.0,67.0,0.5,-125.0,105.0
2013-09-28,2013,ncstate,centralmichigan,48,14,1,23.0,24.0,10.0,52.0,52.5,23.0,-2000.0,1139.0
2013-09-28,2013,westernmichigan,kentstate,14,32,0,51.5,2.0,0.5,3.0,50.5,24.5,110.0,-130.0
2013-09-28,2013,northcarolina,eastcarolina,31,55,0,11.0,12.5,9.5,59.0,60.0,31.0,-475.0,375.0
2013-09-28,2013,bostoncollege,floridastate,34,48,0,22.0,24.5,13.5,52.0,55.0,28.0,1500.0,-4000.0
2013-09-28,2013,vanderbilt,uab,52,24,1,20.0,20.0,7.5,55.5,59.0,27.0,-1300.0,825.0
2013-09-28,2013,illinois,miamiohio,50,14,1,24.5,28.5,13.0,51.0,49.0,21.0,-4000.0,1768.0
2013-09-28,2013,tcu,smu,48,17,1,19.0,17.0,10.0,52.5,50.5,24.5,-1150.0,700.0
2013-09-28,2013,missouri,arkansasstate,41,19,1,21.0,22.5,10.5,62.5,63.0,31.0,-2000.0,1200.0
2013-09-28,2013,minnesotau,iowa,7,23,0,0.0,2.5,21.0,47.5,44.0,0.0,115.0,-135.0
2013-09-28,2013,coloradostate,utep,59,42,1,13.0,13.5,7.0,51.5,53.0,24.5,-550.0,420.0
2013-09-28,2013,georgia,lsu,44,41,1,3.0,3.0,31.0,61.5,63.5,0.5,-140.0,120.0
2013-09-28,2013,washingtonu,arizonau,31,13,1,7.0,9.5,3.5,63.5,59.0,27.0,-360.0,280.0
2013-09-28,2013,alabama,mississippi,25,0,1,17.0,14.5,5.5,57.0,56.0,23.5,-725.0,525.0
2013-09-28,2013,oregon,california,55,16,1,35.5,39.5,16.0,84.0,81.0,31.0,NaN,NaN
2013-09-28,2013,arizonastate,usc,62,41,1,7.0,4.0,26.0,50.5,49.0,1.0,-170.0,150.0
2013-09-28,2013,louisianatech,army,16,35,0,1.0,3.5,3.0,55.5,52.0,26.0,-160.0,140.0
2013-09-28,2013,arkansas,texasa&m,33,45,0,14.0,14.5,7.0,62.0,67.0,36.0,460.0,-610.0
2013-09-28,2013,notredame,oklahoma,21,35,0,3.0,4.5,0.5,48.5,50.0,24.0,160.0,-185.0
2013-09-28,2013,boisestate,southernmiss,60,7,1,26.0,29.0,11.5,56.5,58.0,26.0,-6500.0,1714.0
2013-09-28,2013,southflorida,miamiflorida,21,49,0,19.0,18.5,7.0,48.5,47.5,21.5,800.0,-1200.0
2013-09-28,2013,clemson,wakeforest,56,7,1,27.5,29.5,10.5,58.5,58.0,26.5,-6500.0,1714.0
2013-09-28,2013,idaho,temple,26,24,1,9.5,7.5,5.5,55.0,57.0,27.0,250.0,-300.0
2013-09-28,2013,ulmonroe,tulane,14,31,0,11.5,12.5,6.5,57.0,55.0,24.5,-500.0,390.0
2013-09-28,2013,texsanantonio,houstonu,28,59,0,62.5,2.0,1.5,2.5,63.0,33.5,-130.0,110.0
2013-09-28,2013,bowlinggreen,akron,31,14,1,15.5,15.0,7.5,53.5,54.5,27.0,-650.0,480.0
2013-09-28,2013,oregonstate,colorado,44,17,1,10.5,12.0,6.0,60.5,55.5,26.0,-500.0,390.0
2013-09-28,2013,centralflorida,southcarolina,25,28,0,7.5,7.0,4.0,53.0,54.0,23.0,250.0,-300.0
2013-09-28,2013,kentucky,florida,7,24,0,14.0,12.0,5.5,45.5,46.0,23.5,370.0,-470.0
2013-09-28,2013,washingtonstate,stanford,17,55,0,10.0,9.5,4.0,48.0,47.5,23.5,320.0,-400.0
2013-09-28,2013,texasstate,wyoming,42,21,1,11.0,11.0,4.5,56.5,57.5,29.0,330.0,-420.0
2013-09-28,2013,westernkentucky,navy,19,7,1,1.0,4.0,1.0,58.0,61.0,27.0,155.0,-175.0
2013-09-28,2013,rice,floridaatlantic,18,14,1,13.5,14.5,7.0,52.5,54.0,24.5,-730.0,530.0
2013-09-28,2013,tennesseeu,southalabama,31,24,1,19.5,17.0,7.5,54.5,56.0,26.0,-1000.0,650.0
2013-09-28,2013,nevada,airforce,45,42,1,7.0,12.5,6.5,62.0,58.5,30.5,-470.0,370.0
2013-09-28,2013,westvirginia,oklahomastate,30,21,1,21.0,20.0,13.0,57.0,60.5,30.5,850.0,-1400.0
2013-09-28,2013,ohiostate,wisconsin,31,24,1,7.5,7.5,3.0,54.0,58.0,28.5,-310.0,255.0
2013-09-28,2013,newmexico,unlv,42,56,0,54.0,1.5,0.0,2.0,53.5,31.5,-125.0,105.0
2013-09-28,2013,newmexicostate,sandiegostate,16,26,0,18.0,16.5,9.0,54.0,54.5,27.0,575.0,-800.0
2013-09-28,2013,hawaii,fresnostate,37,42,0,18.5,17.5,10.0,58.5,59.0,25.5,625.0,-900.0
2013-10-03,2013,iowastate,texas,30,31,0,9.0,7.5,2.5,56.5,55.5,27.0,250.0,-300.0
2013-10-03,2013,ulmonroe,westernkentucky,10,31,0,4.5,8.0,3.0,48.5,49.5,24.5,275.0,-345.0
2013-10-03,2013,utah,ucla,27,34,0,4.0,6.5,1.5,60.5,65.5,34.5,200.0,-240.0
2013-10-04,2013,utahstate,byu,14,31,0,6.0,6.5,23.5,57.5,55.5,0.5,-250.0,210.0
2013-10-04,2013,sandiegostate,nevada,51,44,1,5.0,6.0,1.0,57.0,61.5,31.0,-220.0,180.0
2013-10-05,2013,navy,airforce,28,10,1,11.0,14.0,6.5,55.5,56.0,27.0,-550.0,425.0
2013-10-05,2013,iowa,michiganstate,14,26,0,2.0,1.5,20.0,39.5,37.0,0.5,-123.0,103.0
2013-10-05,2013,temple,louisville,7,30,0,30.0,33.0,14.0,58.0,58.5,24.5,6500.0,-16500.0
2013-10-05,2013,toledo,westernmichigan,47,20,1,17.5,23.5,10.5,60.0,58.5,27.5,-2400.0,1375.0
2013-10-05,2013,buffalou,easternmichigan,42,14,1,11.0,13.0,6.5,54.0,52.5,24.5,-500.0,400.0
2013-10-05,2013,alabama,georgiastate,45,3,1,56.0,54.0,20.5,60.0,59.0,23.5,-400000.0,333333.0
2013-10-05,2013,bostoncollege,army,48,27,1,10.0,11.0,6.5,51.5,50.5,27.5,-430.0,345.0
2013-10-05,2013,miamiohio,centralmichigan,9,21,0,4.5,3.0,0.5,48.0,48.0,21.0,127.0,-147.0
2013-10-05,2013,virginia,ballstate,27,48,0,5.0,3.5,2.5,47.0,49.0,28.0,-170.0,150.0
2013-10-05,2013,floridastate,maryland,63,0,1,17.5,17.5,10.5,57.5,57.0,25.5,-850.0,575.0
2013-10-05,2013,miamiflorida,georgiatech,45,30,1,4.0,5.5,4.5,53.5,56.0,29.0,-220.0,180.0
2013-10-05,2013,syracuse,clemson,14,49,0,13.5,13.5,6.5,64.5,65.0,30.5,425.0,-550.0
2013-10-05,2013,wakeforest,ncstate,28,13,1,9.5,8.0,6.5,47.5,47.5,25.5,255.0,-310.0
2013-10-05,2013,nebraska,illinois,39,19,1,9.5,8.0,2.5,64.0,63.0,31.0,-340.0,280.0
2013-10-05,2013,marshall,texsanantonio,34,10,1,9.5,16.5,7.0,65.5,65.0,28.5,-700.0,500.0
2013-10-05,2013,tulane,northtexas,24,21,1,54.0,3.0,3.0,0.0,53.5,22.5,135.0,-155.0
2013-10-05,2013,colorado,oregon,16,57,0,35.0,38.0,14.0,68.0,69.5,30.0,11000.0,-33000.0
2013-10-05,2013,tennesseeu,georgia,31,34,0,10.5,13.5,6.0,63.0,65.0,28.5,415.0,-525.0
2013-10-05,2013,florida,arkansas,30,10,1,12.5,12.5,4.5,43.5,40.5,19.5,-500.0,400.0
2013-10-05,2013,mississippist,lsu,26,59,0,9.5,7.0,2.5,54.5,55.0,29.5,245.0,-290.0
2013-10-05,2013,tulsa,rice,27,30,0,2.5,3.0,3.5,55.0,54.5,27.0,-155.0,135.0
2013-10-05,2013,virginiatech,northcarolina,27,17,1,6.5,8.0,3.5,45.0,45.5,23.0,-325.0,265.0
2013-10-05,2013,oklahoma,tcu,20,17,1,10.0,10.5,6.5,48.0,47.0,21.0,-420.0,335.0
2013-10-05,2013,southflorida,cincinnatiu,26,20,1,13.5,10.5,7.0,48.0,47.0,22.5,320.0,-390.0
2013-10-05,2013,oklahomastate,kansasstate,33,29,1,14.0,13.0,7.0,58.0,61.5,29.5,-500.0,400.0
2013-10-05,2013,vanderbilt,missouri,28,51,0,57.0,3.0,0.5,2.5,56.5,25.5,127.0,-147.0
2013-10-05,2013,michigan,minnesotau,42,13,1,16.5,18.0,7.5,50.0,51.0,23.5,-1200.0,775.0
2013-10-05,2013,memphis,centralflorida,17,24,0,10.0,9.5,6.5,49.5,48.0,21.5,315.0,-380.0
2013-10-05,2013,smu,rutgers,52,55,0,3.0,3.5,0.5,55.0,54.0,27.0,155.0,-175.0
2013-10-05,2013,idaho,fresnostate,14,61,0,25.0,27.5,11.0,64.0,68.5,27.0,3000.0,-7000.0
2013-10-05,2013,ullafayette,texasstate,48,24,1,10.0,10.5,4.0,55.0,55.0,26.0,-440.0,350.0
2013-10-05,2013,troy,southalabama,34,33,1,2.5,3.5,0.0,61.5,62.5,31.0,-175.0,155.0
2013-10-05,2013,newmexico,newmexicostate,66,17,1,7.0,12.5,6.5,58.0,59.5,29.5,-440.0,350.0
2013-10-05,2013,california,washingtonstate,22,44,0,64.5,2.0,35.5,1.5,66.0,0.5,110.0,-130.0
2013-10-05,2013,stanford,washingtonu,31,28,1,6.5,8.5,3.0,53.0,52.5,24.5,-325.0,265.0
2013-10-05,2013,kentstate,noillinois,24,38,0,9.5,8.5,4.0,62.5,64.0,33.5,270.0,-330.0
2013-10-05,2013,auburn,mississippi,30,22,1,1.0,3.0,1.0,56.5,58.0,28.5,115.0,-135.0
2013-10-05,2013,southcarolina,kentucky,35,28,1,21.0,21.5,9.5,55.0,54.0,24.0,-1650.0,1075.0
2013-10-05,2013,southernmiss,floridaintl,23,24,0,14.5,16.5,10.0,47.5,48.5,25.5,-750.0,525.0
2013-10-05,2013,bowlinggreen,massachusetts,28,7,1,23.0,27.0,11.5,52.0,48.5,21.5,-4000.0,2000.0
2013-10-05,2013,uab,floridaatlantic,23,37,0,7.0,3.5,3.5,52.5,52.5,27.5,-165.0,145.0
2013-10-05,2013,kansas,texastech,16,54,0,17.0,16.5,7.5,53.0,55.5,NaN,575.0,-850.0
2013-10-05,2013,middletennst,eastcarolina,17,24,0,9.5,8.0,3.0,61.0,62.5,31.0,260.0,-320.0
2013-10-05,2013,akron,ohio,3,43,0,3.0,3.0,0.5,57.0,56.5,24.5,137.0,-157.0
2013-10-05,2013,notredame,arizonastate,37,34,1,6.5,7.0,4.0,63.0,63.5,32.0,205.0,-245.0
2013-10-05,2013,baylor,westvirginia,73,42,1,21.0,30.0,12.5,67.0,69.5,30.5,-3800.0,1900.0
2013-10-05,2013,utep,louisianatech,35,38,0,58.5,1.5,0.5,0.0,60.5,30.5,103.0,-123.0
2013-10-05,2013,northwestern,ohiostate,30,40,0,4.0,7.0,4.5,58.0,61.0,31.0,230.0,-270.0
2013-10-05,2013,indiana,pennstate,44,24,1,2.5,3.5,1.0,64.0,66.0,32.5,155.0,-175.0
2013-10-05,2013,hawaii,sanjosestate,27,37,0,4.5,3.5,29.0,55.5,57.0,0.5,145.0,-165.0
2013-10-10,2013,louisville,rutgers,24,10,1,16.5,19.0,10.0,55.0,57.0,26.5,-1500.0,900.0
2013-10-10,2013,airforce,sandiegostate,20,27,0,3.0,4.0,1.5,55.0,54.0,24.0,157.0,-180.0
2013-10-10,2013,usc,arizonau,38,31,1,4.0,6.0,3.0,48.5,49.0,26.0,-220.0,180.0
2013-10-11,2013,cincinnatiu,temple,38,20,1,21.5,21.0,12.0,51.5,54.5,29.0,-1900.0,1075.0
2013-10-12,2013,texas,oklahoma,36,20,1,11.5,13.5,7.0,56.5,57.5,28.5,395.0,-520.0
2013-10-12,2013,michiganstate,indiana,42,28,1,6.0,10.0,4.0,54.0,53.5,27.5,-370.0,300.0
2013-10-12,2013,virginiatech,pittsburghu,19,9,1,7.0,7.5,2.5,42.5,43.0,20.5,-300.0,240.0
2013-10-12,2013,massachusetts,miamiohio,17,10,1,2.5,6.5,3.5,45.0,45.5,23.0,-235.0,200.0
2013-10-12,2013,clemson,bostoncollege,24,14,1,21.0,24.0,13.5,61.0,64.0,30.0,-2550.0,1350.0
2013-10-12,2013,westernmichigan,buffalou,0,33,0,7.5,10.0,3.5,52.0,50.0,23.5,300.0,-380.0
2013-10-12,2013,ohio,centralmichigan,23,26,0,10.5,20.0,11.5,53.5,51.5,25.0,-1200.0,850.0
2013-10-12,2013,army,easternmichigan,50,25,1,7.0,10.5,4.5,52.5,58.0,29.0,-365.0,295.0
2013-10-12,2013,maryland,virginia,27,26,1,4.0,6.0,4.5,44.0,40.5,23.0,-235.0,200.0
2013-10-12,2013,connecticut,southflorida,10,13,0,6.0,4.0,3.0,41.0,40.0,21.0,-190.0,165.0
2013-10-12,2013,duke,navy,35,7,1,3.5,4.0,0.0,56.5,57.0,28.5,-185.0,160.0
2013-10-12,2013,georgiastate,troy,28,35,0,16.0,15.0,7.0,62.0,62.0,31.0,480.0,-630.0
2013-10-12,2013,mississippi,texasa&m,38,41,0,5.0,7.0,3.0,75.5,78.0,37.0,230.0,-280.0
2013-10-12,2013,ballstate,kentstate,27,24,1,11.0,13.0,7.0,61.5,63.5,30.5,-560.0,435.0
2013-10-12,2013,mississippist,bowlinggreen,21,20,1,8.5,11.5,4.5,52.5,52.0,27.0,-460.0,-460.0
2013-10-12,2013,noillinois,akron,27,20,1,21.5,24.0,11.0,62.5,63.5,32.0,-2350.0,1250.0
2013-10-12,2013,texastech,iowastate,42,35,1,17.0,14.5,7.5,56.5,58.5,30.5,-620.0,470.0
2013-10-12,2013,texsanantonio,rice,21,27,0,3.5,1.0,26.0,54.5,52.5,2.5,-105.0,-115.0
2013-10-12,2013,wyoming,newmexico,38,31,1,10.0,12.5,4.5,68.0,70.0,31.0,-515.0,390.0
2013-10-12,2013,utah,stanford,27,21,1,10.0,7.5,6.0,55.0,52.5,27.5,255.0,-315.0
2013-10-12,2013,byu,georgiatech,38,20,1,4.0,7.5,3.0,55.0,54.5,28.0,-305.0,245.0
2013-10-12,2013,purdue,nebraska,7,44,0,14.5,13.5,7.0,57.5,57.5,23.0,425.0,-550.0
2013-10-12,2013,georgia,missouri,26,41,0,11.0,6.5,7.0,63.0,66.0,34.5,-265.0,215.0
2013-10-12,2013,kansasstate,baylor,25,35,0,10.5,17.0,7.0,72.0,73.5,35.5,565.0,-740.0
2013-10-12,2013,lsu,florida,17,6,1,6.5,9.0,3.5,47.5,49.0,23.5,-365.0,295.0
2013-10-12,2013,arizonastate,colorado,54,13,1,24.0,28.5,10.0,66.0,68.5,28.0,-6700.0,3000.0
2013-10-12,2013,washingtonu,oregon,24,45,0,10.5,12.0,4.5,76.0,75.5,37.5,365.0,-465.0
2013-10-12,2013,ucla,california,37,10,1,23.0,26.0,13.0,71.0,73.0,35.5,-3045.0,1545.0
2013-10-12,2013,wisconsin,northwestern,35,6,1,9.5,11.0,6.0,57.0,58.0,27.5,-425.0,335.0
2013-10-12,2013,tulane,eastcarolina,36,33,1,11.0,13.5,6.5,54.5,53.0,25.0,390.0,-515.0
2013-10-12,2013,arkansas,southcarolina,7,52,0,7.0,5.0,1.5,51.0,49.5,23.5,175.0,-205.0
2013-10-12,2013,kentucky,alabama,7,48,0,27.0,26.5,10.5,54.0,51.5,21.5,1705.0,-4205.0
2013-10-12,2013,coloradostate,sanjosestate,27,34,0,0.0,3.0,1.0,59.0,61.0,32.0,-165.0,145.0
2013-10-12,2013,arkansasstate,idaho,48,24,1,24.0,27.0,13.5,61.0,62.0,28.0,-3595.0,1595.0
2013-10-12,2013,pennstate,michigan,43,40,1,1.0,1.5,1.0,49.0,51.5,24.0,105.0,-125.0
2013-10-12,2013,ncstate,syracuse,10,24,0,4.5,7.0,3.0,54.0,52.5,24.5,-245.0,205.0
2013-10-12,2013,houstonu,memphis,25,15,1,10.5,8.0,3.5,51.5,53.5,25.0,-315.0,255.0
2013-10-12,2013,floridaintl,uab,24,27,0,6.0,6.0,2.0,53.0,52.5,28.0,205.0,-245.0
2013-10-12,2013,floridaatlantic,marshall,23,24,0,13.0,9.5,3.5,53.0,56.5,24.0,305.0,-385.0
2013-10-12,2013,tcu,kansas,27,17,1,24.0,24.0,13.0,44.0,45.5,23.0,-2845.0,1345.0
2013-10-12,2013,northtexas,middletennst,34,7,1,4.5,6.5,3.5,55.5,54.0,23.5,-250.0,210.0
2013-10-12,2013,texasstate,ulmonroe,14,21,0,7.0,6.0,4.0,45.0,44.5,21.0,-235.0,200.0
2013-10-12,2013,utahstate,boisestate,23,34,0,7.5,5.0,1.5,51.5,50.5,26.5,180.0,-210.0
2013-10-12,2013,washingtonstate,oregonstate,24,52,0,60.5,2.5,0.0,0.0,62.0,31.0,115.0,-135.0
2013-10-12,2013,utep,tulsa,20,34,0,10.0,10.0,4.0,60.0,65.0,30.5,310.0,-390.0
2013-10-12,2013,unlv,hawaii,39,37,1,6.5,7.5,6.5,53.5,58.0,30.5,-310.0,250.0
2013-10-12,2013,auburn,westerncarolina,62,3,1,44.0,41.0,17.5,NaN,56.5,26.0,-97500.0,32500.0
2013-10-15,2013,westernkentucky,ullafayette,20,37,0,4.5,3.0,3.5,62.5,61.5,31.0,-170.0,145.0
2013-10-17,2013,northcarolina,miamiflorida,23,27,0,8.0,9.0,6.5,63.0,66.0,32.5,295.0,-360.0
2013-10-18,2013,louisville,centralflorida,35,38,0,10.5,14.5,7.0,53.0,55.5,27.5,-650.0,485.0
2013-10-19,2013,virginia,duke,22,35,0,3.0,2.5,25.5,51.0,53.0,0.5,-140.0,120.0
2013-10-19,2013,temple,army,33,14,1,3.0,60.5,0.5,56.5,1.0,24.5,-110.0,-110.0
2013-10-19,2013,easternmichigan,ohio,28,56,0,17.0,13.5,6.5,57.5,55.0,27.5,445.0,-570.0
2013-10-19,2013,westernmichigan,ballstate,17,38,0,21.0,19.0,7.0,58.5,58.5,27.5,830.0,-1330.0
2013-10-19,2013,centralmichigan,noillinois,17,38,0,18.5,14.5,7.0,61.5,59.0,29.5,480.0,-630.0
2013-10-19,2013,michiganstate,purdue,14,0,1,24.5,28.0,11.0,42.5,44.5,20.5,-4255.0,2645.0
2013-10-19,2013,eastcarolina,southernmiss,55,14,1,22.0,24.0,8.5,52.5,55.0,24.0,-2170.0,1170.0
2013-10-19,2013,clemson,floridastate,14,51,0,3.0,4.5,0.0,63.0,63.5,29.5,165.0,-190.0
2013-10-19,2013,wakeforest,maryland,34,10,1,6.5,4.5,5.5,52.0,52.5,24.5,175.0,-205.0
2013-10-19,2013,westvirginia,texastech,27,37,0,9.5,4.0,2.5,56.5,57.5,30.0,170.0,-200.0
2013-10-19,2013,northwestern,minnesotau,17,20,0,12.5,12.5,7.0,54.0,52.0,24.5,-535.0,410.0
2013-10-19,2013,toledo,navy,45,44,1,6.5,9.5,7.0,55.0,55.0,28.0,-370.0,300.0
2013-10-19,2013,cincinnatiu,connecticut,41,16,1,16.0,14.5,5.5,45.0,45.5,21.5,-620.0,470.0
2013-10-19,2013,memphis,smu,29,34,0,2.5,3.0,3.5,47.0,48.0,23.5,-155.0,135.0
2013-10-19,2013,wyoming,coloradostate,22,52,0,6.5,7.0,6.0,68.5,66.5,33.0,-290.0,240.0
2013-10-19,2013,texasa&m,auburn,41,45,0,14.0,13.0,5.5,72.5,72.5,37.5,-525.0,400.0
2013-10-19,2013,oregon,washingtonstate,62,38,1,37.5,40.0,17.5,71.0,71.5,39.0,-60750.0,29250.0
2013-10-19,2013,michigan,indiana,63,47,1,12.0,8.5,4.0,66.5,67.0,34.5,-360.0,290.0
2013-10-19,2013,georgiatech,syracuse,56,0,1,7.0,7.5,3.0,54.0,54.0,24.0,-325.0,265.0
2013-10-19,2013,california,oregonstate,17,49,0,11.0,11.5,6.5,71.0,71.0,32.5,360.0,-450.0
2013-10-19,2013,ohiostate,iowa,34,24,1,17.0,18.5,11.5,55.0,54.5,28.0,-1215.0,865.0
2013-10-19,2013,alabama,arkansas,52,0,1,28.0,29.5,11.0,49.0,48.0,21.0,-6310.0,2810.0
2013-10-19,2013,tennesseeu,southcarolina,23,21,1,7.0,8.0,6.5,54.0,55.0,27.0,260.0,-320.0
2013-10-19,2013,arizonastate,washingtonu,53,24,1,3.0,3.5,0.0,66.0,67.5,31.0,-165.0,145.0
2013-10-19,2013,louisianatech,northtexas,13,28,0,4.5,3.5,1.0,55.0,52.5,25.5,155.0,-175.0
2013-10-19,2013,southalabama,kentstate,38,21,1,6.0,7.5,3.0,56.0,55.0,27.0,-285.0,235.0
2013-10-19,2013,newmexico,utahstate,10,45,0,10.0,14.0,4.5,52.0,51.0,23.5,430.0,-555.0
2013-10-19,2013,missouri,florida,36,17,1,44.5,3.0,3.0,0.0,44.0,20.5,130.0,-150.0
2013-10-19,2013,mississippi,lsu,27,24,1,9.5,9.5,7.0,60.0,60.0,28.0,305.0,-385.0
2013-10-19,2013,houstonu,byu,46,47,0,10.0,10.0,7.0,64.0,64.5,35.0,305.0,-385.0
2013-10-19,2013,buffalou,massachusetts,32,3,1,20.5,20.0,7.5,47.0,46.5,21.5,-1175.0,825.0
2013-10-19,2013,texasstate,georgiastate,24,17,1,19.0,16.5,7.0,52.0,49.5,24.5,-670.0,520.0
2013-10-19,2013,miamiohio,akron,17,24,0,6.0,6.0,3.5,43.5,45.0,22.5,205.0,-245.0
2013-10-19,2013,baylor,iowastate,71,7,1,33.0,32.0,10.5,77.0,76.5,31.0,-11375.0,6125.0
2013-10-19,2013,kansas,oklahoma,19,34,0,23.5,21.0,10.5,48.0,49.5,24.0,945.0,-1345.0
2013-10-19,2013,oklahomastate,tcu,24,10,1,6.5,6.5,3.0,51.5,52.0,23.5,-265.0,215.0
2013-10-19,2013,stanford,ucla,24,10,1,7.0,4.0,2.0,55.0,55.0,24.0,-185.0,160.0
2013-10-19,2013,notredame,usc,14,10,1,0.0,2.5,25.5,52.0,51.5,0.0,-135.0,115.0
2013-10-19,2013,newmexicostate,rice,19,45,0,20.0,18.0,7.5,58.0,57.0,28.0,655.0,-905.0
2013-10-19,2013,boisestate,nevada,34,17,1,21.5,24.0,12.5,66.0,68.0,29.5,-2290.0,1190.0
2013-10-19,2013,illinois,wisconsin,32,56,0,11.5,15.0,7.0,55.0,55.0,27.5,470.0,-620.0
2013-10-19,2013,vanderbilt,georgia,31,27,1,9.5,7.0,2.5,63.0,63.5,29.0,220.0,-270.0
2013-10-19,2013,arizonau,utah,35,24,1,4.5,3.5,0.5,59.0,61.5,28.0,-175.0,155.0
2013-10-19,2013,fresnostate,unlv,38,14,1,20.5,25.0,10.5,72.0,75.0,37.0,-3010.0,1410.0
2013-10-19,2013,pittsburghu,olddominion,35,24,1,16.5,17.0,7.5,NaN,72.5,31.5,-901.0,674.0
2013-10-19,2013,colorado,charlestonsou,43,10,1,20.0,28.0,10.5,NaN,51.0,24.5,-6400.0,3600.0
2013-10-22,2013,arkansasstate,ullafayette,7,23,0,2.5,1.0,33.5,67.5,69.0,0.5,-105.0,-115.0
2013-10-24,2013,mississippist,kentucky,28,22,1,9.5,12.0,4.5,55.0,54.0,27.5,-430.0,340.0
2013-10-24,2013,middletennst,marshall,51,49,1,8.5,9.5,4.0,56.5,56.5,29.5,285.0,-340.0
2013-10-25,2013,byu,boisestate,37,20,1,7.5,6.5,3.0,62.5,61.0,31.0,-245.0,205.0
2013-10-26,2013,virginia,georgiatech,25,35,0,9.5,10.0,3.5,48.0,49.0,25.5,310.0,-381.0
2013-10-26,2013,centralflorida,connecticut,62,17,1,22.5,24.5,8.5,49.5,52.5,22.5,-2400.0,1250.0
2013-10-26,2013,akron,ballstate,24,42,0,11.5,9.5,3.0,56.5,57.0,28.0,295.0,-360.0
2013-10-26,2013,ohio,miamiohio,41,16,1,25.0,26.0,12.5,50.5,50.5,24.5,-3200.0,1500.0
2013-10-26,2013,kentstate,buffalou,21,41,0,2.0,3.0,24.0,50.5,48.5,0.5,125.0,-145.0
2013-10-26,2013,massachusetts,westernmichigan,30,31,0,3.0,4.5,0.5,46.5,46.5,24.0,-197.0,167.0
2013-10-26,2013,rutgers,houstonu,14,49,0,9.0,7.0,5.5,62.0,59.0,30.5,-260.0,215.0
2013-10-26,2013,northcarolina,bostoncollege,34,10,1,8.5,5.5,2.5,58.5,59.0,28.5,-225.0,189.0
2013-10-26,2013,maryland,clemson,27,40,0,13.0,16.5,7.5,60.5,58.5,28.0,620.0,-900.0
2013-10-26,2013,virginiatech,duke,10,13,0,13.5,12.0,7.0,47.5,47.0,21.5,-500.0,390.0
2013-10-26,2013,navy,pittsburghu,24,21,1,6.5,4.5,2.5,51.5,51.0,24.0,180.0,-210.0
2013-10-26,2013,texsanantonio,uab,52,31,1,3.5,8.0,3.0,59.5,60.5,29.5,-310.0,255.0
2013-10-26,2013,smu,temple,59,49,1,10.5,14.0,7.5,60.5,58.5,31.5,-600.0,450.0
2013-10-26,2013,noillinois,easternmichigan,59,20,1,30.0,31.5,14.0,66.0,67.5,28.0,-5096.0,1712.0
2013-10-26,2013,colorado,arizonau,20,44,0,16.0,12.5,6.5,58.0,59.5,30.5,360.0,-460.0
2013-10-26,2013,texasa&m,vanderbilt,56,24,1,18.0,17.5,7.0,70.5,68.5,34.0,-900.0,620.0
2013-10-26,2013,auburn,floridaatlantic,45,10,1,25.5,23.0,9.5,51.0,52.0,23.5,-2700.0,1400.0
2013-10-26,2013,alabama,tennesseeu,45,10,1,28.0,27.5,11.0,51.0,49.5,21.0,-6000.0,1800.0
2013-10-26,2013,oregon,ucla,42,14,1,21.5,23.5,11.5,70.5,73.5,37.0,-1800.0,990.0
2013-10-26,2013,usc,utah,19,3,1,6.5,4.5,0.5,53.5,51.0,23.0,-200.0,170.0
2013-10-26,2013,tulane,tulsa,14,7,1,3.5,3.0,2.5,50.0,49.5,24.5,120.0,-140.0
2013-10-26,2013,washingtonu,california,41,17,1,24.0,28.0,14.0,64.0,66.5,32.5,-6509.0,1835.0
2013-10-26,2013,kansasstate,westvirginia,35,12,1,9.0,13.0,7.0,53.0,52.0,24.5,-520.0,400.0
2013-10-26,2013,illinois,michiganstate,3,42,0,11.0,8.0,3.5,49.0,48.0,23.0,256.0,-312.0
2013-10-26,2013,miamiflorida,wakeforest,24,21,1,21.0,25.5,13.5,54.0,55.0,28.5,-3000.0,1500.0
2013-10-26,2013,floridastate,ncstate,49,17,1,28.5,35.0,14.0,57.5,58.5,24.0,-8500.0,2000.0
2013-10-26,2013,oklahoma,texastech,38,30,1,8.0,6.5,2.5,59.5,59.5,28.5,-260.0,215.0
2013-10-26,2013,tcu,texas,7,30,0,2.0,3.0,4.5,51.5,48.5,24.5,-145.0,125.0
2013-10-26,2013,iowa,northwestern,17,10,1,4.0,3.5,0.0,53.0,52.5,24.0,-170.0,145.0
2013-10-26,2013,nevada,unlv,22,27,0,4.5,6.0,3.0,67.0,68.0,35.0,-230.0,192.0
2013-10-26,2013,sanjosestate,wyoming,51,44,1,5.5,10.5,7.0,71.0,71.0,37.0,-420.0,335.0
2013-10-26,2013,oregonstate,stanford,12,20,0,5.5,4.0,2.5,55.0,56.0,24.5,150.0,-175.0
2013-10-26,2013,westernkentucky,troy,26,32,0,8.0,10.0,4.0,60.0,61.0,30.5,-370.0,300.0
2013-10-26,2013,airforce,notredame,10,45,0,19.5,19.5,7.5,56.5,56.0,27.5,930.0,-1600.0
2013-10-26,2013,ulmonroe,georgiastate,38,10,1,11.5,15.5,7.0,51.0,51.5,24.5,-764.0,547.0
2013-10-26,2013,texasstate,southalabama,33,31,1,1.5,2.5,3.5,52.0,50.5,24.0,115.0,-135.0
2013-10-26,2013,mississippi,idaho,59,14,1,40.5,41.5,17.5,59.0,58.5,28.0,NaN,NaN
2013-10-26,2013,southernmiss,northtexas,14,55,0,10.5,12.0,6.5,49.5,50.5,24.0,340.0,-430.0
2013-10-26,2013,floridaintl,louisianatech,7,23,0,6.0,4.5,0.5,48.0,50.0,23.0,175.0,-205.0
2013-10-26,2013,missouri,southcarolina,24,27,0,3.0,3.0,25.5,53.0,53.0,0.5,-150.0,130.0
2013-10-26,2013,iowastate,oklahomastate,27,58,0,14.0,12.5,6.0,56.5,56.0,27.5,350.0,-440.0
2013-10-26,2013,kansas,baylor,14,59,0,35.5,34.5,14.0,66.0,65.5,28.5,1942.0,-7742.0
2013-10-26,2013,minnesotau,nebraska,34,23,1,10.5,10.0,6.0,52.0,52.0,27.0,300.0,-370.0
2013-10-26,2013,southflorida,louisville,3,34,0,20.5,21.0,9.5,46.5,46.5,21.5,810.0,-1300.0
2013-10-26,2013,bowlinggreen,toledo,25,28,0,3.0,3.5,3.0,56.0,53.5,24.5,-170.0,145.0
2013-10-26,2013,ohiostate,pennstate,63,14,1,14.0,15.0,7.0,56.5,57.0,26.5,-785.0,557.0
2013-10-26,2013,rice,utep,45,7,1,18.0,19.0,9.0,57.5,58.0,26.0,-1300.0,810.0
2013-10-26,2013,sandiegostate,fresnostate,28,35,0,8.5,6.0,3.5,61.5,65.5,31.0,195.0,-235.0
2013-10-26,2013,hawaii,coloradostate,28,35,0,4.0,2.0,30.0,56.0,58.0,0.5,105.0,-125.0
2013-10-26,2013,lsu,furman,48,16,1,NaN,NaN,NaN,NaN,NaN,NaN,NaN,NaN
2013-10-30,2013,memphis,cincinnatiu,21,34,0,5.0,2.5,21.5,44.0,45.0,0.0,110.0,-130.0
2013-10-31,2013,houstonu,southflorida,35,23,1,15.5,18.5,8.5,53.0,54.0,27.0,-1200.0,760.0
2013-10-31,2013,northtexas,rice,28,16,1,4.0,2.5,27.0,52.0,53.0,1.5,-137.0,116.0
2013-10-31,2013,troy,ulmonroe,37,49,0,4.0,3.0,1.5,57.5,60.5,30.5,-165.0,140.0
2013-10-31,2013,washingtonstate,arizonastate,21,55,0,13.5,11.0,7.0,70.0,69.0,34.0,375.0,-480.0
2013-11-01,2013,oregonstate,usc,14,31,0,2.0,5.5,3.5,54.0,51.5,27.0,-215.0,185.0
2013-11-02,2013,virginia,clemson,10,59,0,20.0,17.5,6.5,53.0,56.0,26.0,620.0,-870.0
2013-11-02,2013,bostoncollege,virginiatech,34,27,1,6.0,4.0,0.5,41.0,40.0,20.5,170.0,-195.0
2013-11-02,2013,toledo,easternmichigan,55,16,1,28.0,30.5,13.5,67.5,66.5,30.5,-9100.0,4900.0
2013-11-02,2013,massachusetts,noillinois,19,63,0,24.0,28.0,12.5,60.5,60.5,27.5,2875.0,-4625.0
2013-11-02,2013,akron,kentstate,16,7,1,53.0,2.0,0.0,2.5,52.5,24.0,-130.0,110.0
2013-11-02,2013,rutgers,temple,23,20,1,14.0,12.0,7.0,54.5,57.5,28.0,-470.0,370.0
2013-11-02,2013,pennstate,illinois,24,17,1,10.0,13.5,6.5,58.0,57.5,27.5,-530.0,405.0
2013-11-02,2013,georgiatech,pittsburghu,21,10,1,10.0,11.5,5.5,54.0,53.0,24.0,-435.0,345.0
2013-11-02,2013,syracuse,wakeforest,13,0,1,3.0,4.0,3.0,50.5,52.0,23.5,-185.0,160.0
2013-11-02,2013,georgiastate,westernkentucky,28,44,0,19.0,18.5,7.5,56.0,56.0,27.0,690.0,-940.0
2013-11-02,2013,missouri,tennesseeu,31,3,1,13.0,11.0,3.5,56.0,55.0,26.5,-430.0,340.0
2013-11-02,2013,kansasstate,iowastate,41,7,1,14.0,17.0,7.0,53.0,53.0,24.0,-795.0,595.0
2013-11-02,2013,marshall,southernmiss,61,13,1,28.5,31.5,13.5,58.0,59.5,27.5,NaN,NaN
2013-11-02,2013,texasa&m,utep,57,7,1,45.5,47.5,18.0,74.0,78.5,33.0,NaN,NaN
2013-11-02,2013,uab,middletennst,21,24,0,6.0,3.5,3.5,61.5,63.5,28.0,150.0,-170.0
2013-11-02,2013,tulsa,texsanantonio,15,34,0,3.5,4.0,3.0,53.0,54.0,24.0,-170.0,150.0
2013-11-02,2013,airforce,army,42,28,1,57.5,54.5,29.5,1.5,0.0,1.0,100.0,-120.0
2013-11-02,2013,tcu,westvirginia,27,30,0,14.0,11.0,3.5,46.0,45.5,23.5,-450.0,360.0
2013-11-02,2013,florida,georgia,20,23,0,2.5,3.5,23.0,47.0,47.0,0.0,155.0,-175.0
2013-11-02,2013,california,arizonau,28,33,0,14.5,14.5,7.0,65.0,67.5,33.5,475.0,-625.0
2013-11-02,2013,floridastate,miamiflorida,41,14,1,21.0,21.5,10.0,61.0,63.0,31.0,-1355.0,955.0
2013-11-02,2013,iowa,wisconsin,9,28,0,7.0,8.5,4.0,49.0,48.5,22.5,315.0,-395.0
2013-11-02,2013,michiganstate,michigan,29,6,1,3.5,4.0,0.5,46.0,44.5,21.5,-185.0,-185.0
2013-11-02,2013,purdue,ohiostate,0,56,0,31.0,31.5,13.5,56.5,58.5,22.5,6700.0,-12300.0
2013-11-02,2013,indiana,minnesotau,39,42,0,7.0,7.5,7.0,68.0,67.5,35.0,-310.0,250.0
2013-11-02,2013,ucla,colorado,45,23,1,24.0,30.0,13.5,57.0,60.0,30.0,-6250.0,2750.0
2013-11-02,2013,notredame,navy,38,34,1,17.0,16.5,7.0,50.0,49.0,26.5,-730.0,555.0
2013-11-02,2013,arkansas,auburn,17,35,0,10.0,9.5,3.5,54.5,54.5,24.0,285.0,-355.0
2013-11-02,2013,nebraska,northwestern,27,24,1,7.0,4.0,2.0,57.5,58.5,28.5,-200.0,170.0
2013-11-02,2013,southalabama,arkansasstate,16,17,0,2.5,3.0,0.5,64.0,63.5,28.0,-155.0,135.0
2013-11-02,2013,utahstate,hawaii,47,10,1,21.0,24.0,10.0,51.0,52.0,24.0,-2205.0,1205.0
2013-11-02,2013,unlv,sanjosestate,24,34,0,2.5,5.0,0.5,66.0,66.5,30.5,175.0,-205.0
2013-11-02,2013,ullafayette,newmexicostate,49,35,1,27.0,32.5,17.0,66.5,67.0,35.5,-12300.0,6700.0
2013-11-02,2013,idaho,texasstate,21,37,0,13.0,11.0,4.0,50.5,49.0,24.5,335.0,-425.0
2013-11-02,2013,ncstate,northcarolina,19,27,0,3.0,5.0,1.5,55.0,57.0,28.0,190.0,-225.0
2013-11-02,2013,texas,kansas,35,13,1,27.0,27.0,11.0,52.5,52.0,24.5,NaN,NaN
2013-11-02,2013,floridaatlantic,tulane,34,17,1,3.0,3.0,3.0,46.5,47.5,23.0,-150.0,130.0
2013-11-02,2013,texastech,oklahomastate,34,52,0,2.5,2.0,37.5,68.0,69.5,0.0,110.0,-130.0
2013-11-02,2013,floridaintl,eastcarolina,13,34,0,20.0,27.0,13.0,52.5,50.5,24.5,1610.0,-3610.0
2013-11-02,2013,fresnostate,nevada,41,23,1,23.0,21.5,NaN,73.0,74.5,NaN,-1400.0,1000.0
2013-11-02,2013,southcarolina,mississippist,34,16,1,11.5,13.0,4.5,51.0,52.5,26.0,-545.0,420.0
2013-11-02,2013,coloradostate,boisestate,30,42,0,10.0,7.0,3.0,59.0,59.5,31.0,240.0,-290.0
2013-11-02,2013,sandiegostate,newmexico,35,30,1,17.0,14.0,7.0,55.0,57.0,27.0,-620.0,470.0
2013-11-02,2013,kentucky,alabamast,48,14,1,28.0,27.5,10.5,NaN,NaN,30.0,-5690.0,3310.0
2013-11-05,2013,buffalou,ohio,30,3,1,3.0,4.5,0.5,55.5,54.0,24.5,-190.0,162.0
2013-11-05,2013,miamiohio,bowlinggreen,3,45,0,23.5,24.0,12.5,48.0,48.0,23.0,1500.0,-3000.0
2013-11-06,2013,ballstate,centralmichigan,44,24,1,19.5,20.0,7.5,57.5,58.0,27.0,-1300.0,810.0
2013-11-07,2013,baylor,oklahoma,41,12,1,14.0,17.0,7.5,72.0,75.0,35.5,-600.0,450.0
2013-11-07,2013,ullafayette,troy,41,36,1,13.0,14.0,7.5,67.0,67.5,36.5,-570.0,435.0
2013-11-07,2013,stanford,oregon,26,20,1,10.0,10.0,7.5,60.0,60.0,28.5,335.0,-420.0
2013-11-08,2013,connecticut,louisville,10,31,0,27.0,28.0,13.0,49.5,50.0,23.5,2875.0,-4625.0
2013-11-08,2013,newmexico,airforce,45,37,1,1.5,3.0,30.0,60.5,61.5,2.0,-155.0,135.0
2013-11-09,2013,purdue,iowa,14,38,0,14.5,16.0,7.0,45.0,44.0,21.5,540.0,-715.0
2013-11-09,2013,army,westernkentucky,17,21,0,5.0,5.5,1.5,57.5,57.0,25.5,185.0,-220.0
2013-11-09,2013,cincinnati,smu,28,25,1,7.0,7.0,3.0,64.0,67.0,33.0,-270.0,220.0
2013-11-09,2013,duke,ncstate,38,20,1,10.0,10.5,3.5,57.0,56.5,24.5,-410.0,330.0
2013-11-09,2013,eastcarolina,tulsa,58,24,1,14.0,16.0,7.0,51.5,54.0,27.0,-785.0,585.0
2013-11-09,2013,indiana,illinois,52,35,1,9.5,9.5,4.0,77.0,80.5,40.5,-395.0,315.0
2013-11-09,2013,iowastate,tcu,17,21,0,6.5,7.0,2.0,46.5,43.5,21.0,235.0,-285.0
2013-11-09,2013,wakeforest,floridastate,3,59,0,35.0,34.0,7.5,55.0,56.0,20.5,10025.0,-19475.0
2013-11-09,2013,marshall,uab,56,14,1,20.5,24.0,10.5,67.0,68.0,33.0,-2290.0,1440.0
2013-11-09,2013,miamiflorida,virginiatech,24,42,0,6.0,5.0,3.5,43.5,43.5,23.5,-210.0,180.0
2013-11-09,2013,minnesota,pennstate,24,10,1,1.5,3.0,24.0,53.0,47.5,0.0,-160.0,140.0
2013-11-09,2013,maryland,syracuse,3,20,0,3.0,6.0,3.5,53.5,54.0,26.0,-230.0,195.0
2013-11-09,2013,kentucky,missouri,17,48,0,13.5,14.0,6.0,57.0,54.5,24.5,455.0,-605.0
2013-11-09,2013,northcarolina,virginia,45,14,1,14.0,12.5,6.5,50.5,53.0,23.5,-510.0,385.0
2013-11-09,2013,florida,vanderbilt,17,34,0,7.5,12.0,7.0,43.0,41.0,22.0,-465.0,365.0
2013-11-09,2013,easternmichigan,westernmichigan,35,32,1,4.0,3.0,1.0,58.0,59.5,28.5,120.0,-140.0
2013-11-09,2013,texsanantonio,tulane,10,7,1,7.5,8.5,4.5,51.5,51.0,23.5,-345.0,275.0
2013-11-09,2013,wyoming,fresnostate,10,48,0,14.0,7.5,3.5,78.0,80.5,39.0,260.0,-320.0
2013-11-09,2013,texastech,kansasstate,26,49,0,2.5,2.5,2.5,59.5,63.0,31.0,-135.0,115.0
2013-11-09,2013,wisconsin,byu,27,17,1,7.5,9.0,3.0,55.5,55.0,24.5,-375.0,305.0
2013-11-09,2013,mississippi,arkansas,34,24,1,17.5,17.0,7.0,53.0,54.5,27.5,-725.0,550.0
2013-11-09,2013,coloradostate,nevada,38,17,1,7.5,9.0,5.5,63.5,66.0,31.0,-355.0,285.0
2013-11-09,2013,washington,colorado,59,7,1,26.0,30.0,11.5,61.5,63.0,28.5,-6400.0,3600.0
2013-11-09,2013,westvirginia,texas,40,47,0,8.0,6.5,5.0,56.0,55.0,27.0,210.0,-250.0
2013-11-09,2013,utah,arizonastate,19,20,0,7.0,7.5,4.5,65.0,63.0,28.0,250.0,-310.0
2013-11-09,2013,michigan,nebraska,13,17,0,6.5,6.0,4.0,63.0,55.5,24.0,-245.0,205.0
2013-11-09,2013,navy,hawaii,42,28,1,17.0,17.0,7.5,53.0,54.5,28.5,-725.0,550.0
2013-11-09,2013,northtexas,utep,41,7,1,24.0,27.0,11.5,56.0,54.0,23.5,-3238.0,2012.0
2013-11-09,2013,oklahomastate,kansas,42,6,1,32.0,31.5,11.5,53.0,56.0,24.0,-9100.0,4900.0
2013-11-09,2013,california,usc,28,62,0,17.0,19.0,7.5,54.5,57.0,27.5,670.0,-920.0
2013-11-09,2013,pittsburgh,notredame,28,21,1,3.5,4.5,0.5,51.0,51.0,24.5,170.0,-200.0
2013-11-09,2013,texasa&m,mississippistate,51,41,1,19.0,19.5,10.0,64.0,70.5,35.5,-1100.0,800.0
2013-11-09,2013,newmexicostate,bostoncollege,34,48,0,24.0,25.0,10.5,60.5,62.0,32.0,1350.0,-2350.0
2013-11-09,2013,unlv,utahstate,24,28,0,13.0,16.0,8.5,50.5,56.0,28.0,500.0,-650.0
2013-11-09,2013,midtennesseestate,floridaintl,48,0,1,17.0,19.5,7.5,48.0,49.0,22.5,-1055.0,755.0
2013-11-09,2013,ul-monroe,arkansasstate,14,42,0,3.5,3.0,2.5,55.0,55.0,28.5,-165.0,145.0
2013-11-09,2013,louisianatech,southernmiss,36,13,1,14.0,17.0,7.0,51.5,52.5,24.5,-735.0,560.0
2013-11-09,2013,tennessee,auburn,23,55,0,7.0,8.0,3.0,55.0,56.5,30.5,255.0,-315.0
2013-11-09,2013,centralflorida,houston,19,14,1,10.0,13.5,7.0,64.0,67.5,31.0,-520.0,395.0
2013-11-09,2013,arizona,ucla,26,31,0,55.5,1.5,1.0,2.5,60.0,29.5,-125.0,105.0
2013-11-09,2013,alabama,lsu,38,17,1,9.0,14.0,6.5,55.0,54.0,27.5,-565.0,440.0
2013-11-09,2013,sanjosestate,sandiegostate,30,34,0,6.5,6.5,0.0,56.0,59.0,28.5,-245.0,205.0
2013-11-09,2013,georgia,appalachianst,45,6,1,42.0,40.0,21.0,NaN,62.5,NaN,-60750.0,29250.0
2013-11-09,2013,memphis,tennesseemartin,21,6,1,14.0,13.5,NaN,NaN,47.0,NaN,-575.0,420.0
2013-11-09,2013,idaho,olddominion,38,59,0,14.0,14.0,7.5,NaN,71.0,37.0,420.0,-575.0
2013-11-12,2013,bowlinggreen,ohio,49,0,1,9.5,8.0,2.5,50.0,52.0,22.5,-325.0,275.0
2013-11-12,2013,toledo,buffalo,51,41,1,3.5,5.5,2.5,55.0,54.5,24.0,-230.0,190.0
2013-11-13,2013,noillinois,ballstate,48,27,1,5.5,8.0,4.0,72.5,73.0,38.0,-330.0,270.0
2013-11-13,2013,kentstate,miamiohio,24,6,1,18.5,19.5,8.5,48.5,50.0,23.5,-1015.0,715.0
2013-11-14,2013,clemson,georgiatech,55,31,1,10.0,10.5,3.5,58.5,61.5,28.5,-410.0,330.0
2013-11-14,2013,tulsa,marshall,34,45,0,12.5,13.0,6.5,61.0,63.0,32.5,385.0,-510.0
2013-11-15,2013,ucla,washingtonu,41,31,1,3.0,3.0,0.5,62.5,60.5,30.0,-150.0,130.0
2013-11-16,2013,duke,miamiflorida,48,30,1,3.0,3.5,0.0,61.5,64.0,34.0,150.0,-170.0
2013-11-16,2013,wisconsin,indiana,51,3,1,18.5,26.5,12.0,70.0,68.0,28.0,-4500.0,2250.0
2013-11-16,2013,vanderbilt,kentucky,22,6,1,13.5,12.0,3.5,54.0,51.5,23.5,-475.0,380.0
2013-11-16,2013,louisville,houstonu,20,13,1,16.5,17.0,10.0,57.5,60.5,28.5,-880.0,580.0
2013-11-16,2013,westernmichigan,centralmichigan,22,27,0,2.5,3.0,24.5,53.0,51.0,0.5,140.0,-160.0
2013-11-16,2013,virginiatech,maryland,24,27,0,13.5,14.5,9.5,42.0,44.5,22.5,-600.0,450.0
2013-11-16,2013,bostoncollege,ncstate,38,21,1,7.0,7.0,3.0,54.0,52.0,24.5,-300.0,250.0
2013-11-16,2013,rutgers,cincinnatiu,17,52,0,53.0,0.0,3.0,3.0,54.0,24.5,-117.0,-103.0
2013-11-16,2013,pittsburghu,northcarolina,27,34,0,0.0,1.0,2.5,52.0,53.5,23.5,-117.0,-103.0
2013-11-16,2013,temple,centralflorida,36,39,0,17.0,17.5,9.0,55.0,59.5,30.5,650.0,-1000.0
2013-11-16,2013,pennstate,purdue,45,21,1,20.5,21.5,9.0,46.0,48.0,24.0,-1700.0,1100.0
2013-11-16,2013,southcarolina,florida,19,14,1,11.0,16.0,11.0,44.0,42.0,21.5,-635.0,485.0
2013-11-16,2013,northwestern,michigan,19,27,0,52.5,2.5,0.5,1.0,48.5,22.5,-140.0,120.0
2013-11-16,2013,floridastate,syracuse,59,3,1,38.5,37.5,14.5,54.5,58.0,22.0,-37800.0,18200.0
2013-11-16,2013,southernmiss,floridaatlantic,7,41,0,14.0,17.5,7.0,49.5,50.5,21.5,645.0,-895.0
2013-11-16,2013,massachusetts,akron,13,14,0,7.0,7.0,3.0,45.0,50.0,23.5,230.0,-280.0
2013-11-16,2013,eastcarolina,uab,63,14,1,25.0,28.5,10.5,64.5,67.5,28.5,-6400.0,3600.0
2013-11-16,2013,smu,connecticut,38,21,1,13.5,14.5,6.5,59.0,56.0,27.5,-630.0,480.0
2013-11-16,2013,kansas,westvirginia,31,19,1,7.5,7.0,5.5,50.0,44.0,23.0,215.0,-265.0
2013-11-16,2013,georgiastate,ullafayette,21,35,0,21.0,20.5,10.0,59.5,59.5,29.0,900.0,-1300.0
2013-11-16,2013,colorado,california,41,24,1,1.0,1.0,33.5,67.0,66.5,1.5,-120.0,100.0
2013-11-16,2013,baylor,texastech,63,34,1,24.5,28.0,14.0,85.0,84.5,45.0,-5069.0,3056.0
2013-11-16,2013,boisestate,wyoming,48,7,1,20.0,24.0,10.0,69.5,70.5,32.5,-1835.0,1185.0
2013-11-16,2013,arizonastate,oregonstate,30,17,1,13.5,13.5,6.0,64.5,65.5,30.0,-535.0,410.0
2013-11-16,2013,auburn,georgia,43,38,1,3.0,3.0,31.5,62.5,65.5,0.5,-155.0,135.0
2013-11-16,2013,texas,oklahomastate,13,38,0,1.0,3.0,30.5,62.5,62.0,0.0,140.0,-160.0
2013-11-16,2013,oklahoma,iowastate,48,10,1,51.0,49.0,24.5,21.0,23.0,10.5,2875.0,1485.0
2013-11-16,2013,oregon,utah,44,21,1,25.0,28.0,13.0,64.0,63.5,29.5,-4625.0,2875.0
2013-11-16,2013,navy,southalabama,42,14,1,9.5,7.0,3.0,57.5,59.0,29.5,-285.0,235.0
2013-11-16,2013,nebraska,michiganstate,28,41,0,3.5,5.5,0.5,41.0,41.0,21.0,190.0,-225.0
2013-11-16,2013,illinois,ohiostate,35,60,0,32.0,34.0,14.0,65.0,67.5,31.5,8725.0,-16775.0
2013-11-16,2013,nevada,sanjosestate,38,16,1,7.0,6.5,6.5,65.5,67.0,34.5,210.0,-250.0
2013-11-16,2013,mississippist,alabama,7,20,0,24.5,23.5,10.5,52.0,53.5,24.0,1140.0,-2140.0
2013-11-16,2013,usc,stanford,20,17,1,3.0,4.0,3.5,46.0,45.0,23.5,160.0,-185.0
2013-11-16,2013,newmexico,coloradostate,42,66,0,4.0,6.5,2.0,64.5,62.0,32.0,220.0,-270.0
2013-11-16,2013,southflorida,memphis,10,23,0,2.5,1.5,18.5,40.0,40.0,0.5,105.0,-125.0
2013-11-16,2013,rice,louisianatech,52,14,1,15.0,14.5,5.5,49.5,51.0,23.0,-630.0,480.0
2013-11-16,2013,kansasstate,tcu,33,31,1,10.5,12.0,4.0,47.0,45.0,21.5,-450.0,360.0
2013-11-16,2013,mississippi,troy,51,21,1,28.0,28.0,12.5,68.0,69.5,32.0,-7306.0,4069.0
2013-11-16,2013,arkansasstate,texasstate,38,21,1,7.0,7.5,3.5,51.5,51.5,27.0,-305.0,245.0
2013-11-16,2013,utep,floridaintl,33,10,1,6.0,5.5,1.5,48.5,47.0,23.0,-225.0,190.0
2013-11-16,2013,arizonau,washingtonstate,17,24,0,12.5,11.0,4.0,65.0,63.0,31.0,-440.0,350.0
2013-11-16,2013,hawaii,sandiegostate,21,28,0,5.0,5.5,4.0,55.0,60.0,28.0,180.0,-210.0
2013-11-16,2013,byu,idahost,59,13,1,45.0,46.0,21.0,NaN,60.0,NaN,NaN,NaN
2013-11-19,2013,miamiohio,buffalou,7,44,0,25.0,24.5,10.5,49.0,48.5,21.5,1725.0,-2775.0
2013-11-19,2013,ohio,kentstate,13,44,0,5.5,7.0,1.5,52.0,53.5,27.5,-275.0,225.0
2013-11-20,2013,toledo,noillinois,17,35,0,3.0,1.0,33.5,72.5,73.0,0.0,105.0,-125.0
2013-11-21,2013,centralflorida,rutgers,41,17,1,14.5,19.5,7.5,57.5,59.5,28.0,-1060.0,760.0
2013-11-21,2013,uab,rice,34,37,0,14.0,17.0,7.5,63.5,63.5,28.5,650.0,-900.0
2013-11-21,2013,airforce,unlv,21,41,0,0.0,2.0,2.5,61.0,59.0,31.0,-125.0,105.0
2013-11-22,2013,sanjosestate,navy,52,58,0,3.0,1.0,30.0,57.0,60.5,0.5,-115.0,-105.0
2013-11-23,2013,pennstate,nebraska,20,23,0,50.5,50.5,0.0,2.5,0.0,23.5,-105.0,-115.0
2013-11-23,2013,purdue,illinois,16,20,0,6.0,7.0,4.0,56.0,55.0,28.0,210.0,-250.0
2013-11-23,2013,syracuse,pittsburghu,16,17,0,1.5,1.0,0.5,49.5,50.0,24.5,-105.0,-115.0
2013-11-23,2013,temple,connecticut,21,28,0,7.0,6.5,2.5,50.5,53.5,24.0,-245.0,205.0
2013-11-23,2013,ohiostate,indiana,42,14,1,31.5,32.5,13.5,81.0,79.5,33.0,-18125.0,9375.0
2013-11-23,2013,northwestern,michiganstate,6,30,0,7.0,7.0,2.5,42.5,41.0,21.0,215.0,-265.0
2013-11-23,2013,ncstate,eastcarolina,28,42,0,6.0,4.5,0.0,55.0,54.5,26.5,165.0,-190.0
2013-11-23,2013,floridastate,idaho,80,14,1,56.0,59.5,19.5,70.0,70.0,27.0,NaN,NaN
2013-11-23,2013,floridaintl,marshall,10,48,0,33.0,31.5,14.0,54.5,56.0,25.5,8000.0,-15000.0
2013-11-23,2013,georgia,kentucky,59,17,1,26.0,26.5,9.0,63.0,61.0,24.0,-3495.0,1495.0
2013-11-23,2013,iowastate,kansas,34,0,1,4.5,3.5,0.0,47.5,46.5,22.5,-180.0,155.0
2013-11-23,2013,wakeforest,duke,21,28,0,5.5,7.0,4.5,50.0,49.5,25.5,220.0,-270.0
2013-11-23,2013,maryland,bostoncollege,26,29,0,0.0,2.0,2.0,54.0,52.5,24.0,-130.0,110.0
2013-11-23,2013,minnesotau,wisconsin,7,20,0,14.5,15.5,7.0,50.0,51.0,23.5,550.0,-725.0
2013-11-23,2013,miamiflorida,virginia,45,26,1,19.5,20.5,9.5,58.0,58.0,28.0,-1165.0,815.0
2013-11-23,2013,houstonu,cincinnatiu,17,24,0,2.5,2.5,1.5,58.0,60.0,28.0,-130.0,110.0
2013-11-23,2013,louisville,memphis,24,17,1,22.5,23.0,7.5,43.0,44.0,20.0,-2158.0,1492.0
2013-11-23,2013,tennesseeu,vanderbilt,10,14,0,2.5,2.5,1.5,53.5,48.5,23.0,-140.0,120.0
2013-11-23,2013,centralmichigan,massachusetts,37,0,1,8.5,12.5,5.0,47.0,47.5,20.5,-520.0,395.0
2013-11-23,2013,easternmichigan,bowlinggreen,7,58,0,24.0,26.5,11.5,57.0,54.5,23.5,1550.0,-3050.0
2013-11-23,2013,wyoming,hawaii,59,56,1,6.5,5.5,3.0,62.5,63.0,36.5,-225.0,190.0
2013-11-23,2013,texasstate,westernkentucky,7,38,0,3.5,5.0,0.0,50.5,50.5,25.0,180.0,-210.0
2013-11-23,2013,iowa,michigan,24,21,1,3.5,6.0,6.0,48.0,46.5,23.0,-220.0,185.0
2013-11-23,2013,ucla,arizonastate,33,38,0,2.0,3.0,30.0,61.5,61.5,0.0,130.0,-150.0
2013-11-23,2013,utahstate,coloradostate,13,0,1,7.5,11.0,4.5,57.5,57.5,24.5,-410.0,330.0
2013-11-23,2013,colorado,usc,29,47,0,21.5,20.0,7.5,53.5,53.5,23.5,905.0,-1605.0
2013-11-23,2013,lsu,texasa&m,34,10,1,4.0,3.5,0.0,70.0,74.5,37.5,-170.0,150.0
2013-11-23,2013,arkansas,mississippist,17,24,0,3.0,2.5,2.5,50.5,49.5,24.5,105.0,-125.0
2013-11-23,2013,arizonau,oregon,42,16,1,17.5,19.5,7.0,67.0,69.5,36.5,755.0,-1055.0
2013-11-23,2013,tulane,utep,45,3,1,15.5,16.0,7.0,49.0,48.0,21.0,-725.0,550.0
2013-11-23,2013,stanford,california,63,13,1,28.5,31.5,11.5,56.0,59.0,27.5,-12300.0,6700.0
2013-11-23,2013,northtexas,texsanantonio,13,21,0,7.0,9.5,7.0,49.0,48.5,24.0,-365.0,295.0
2013-11-23,2013,notredame,byu,23,13,1,54.5,2.5,3.0,1.0,53.0,27.0,120.0,-140.0
2013-11-23,2013,oklahomastate,baylor,49,17,1,10.5,7.5,6.5,78.0,79.0,36.5,230.0,-280.0
2013-11-23,2013,southernmiss,middletennst,21,42,0,20.5,23.5,10.5,54.5,54.5,24.0,1492.0,-2158.0
2013-11-23,2013,arkansasstate,georgiastate,35,33,1,22.5,24.5,13.5,57.5,58.0,28.0,-1900.0,1250.0
2013-11-23,2013,oregonstate,washingtonu,27,69,0,62.5,2.5,2.5,2.5,59.5,27.0,-135.0,115.0
2013-11-23,2013,southalabama,ulmonroe,36,14,1,3.0,3.5,0.0,56.5,56.5,27.5,-160.0,140.0
2013-11-23,2013,southflorida,smu,6,16,0,5.5,6.0,1.0,55.5,55.5,24.0,190.0,-225.0
2013-11-23,2013,fresnostate,newmexico,69,28,1,31.0,34.5,14.0,65.0,68.0,28.5,-18125.0,9375.0
2013-11-23,2013,floridaatlantic,newmexicostate,55,10,1,21.0,23.5,10.0,55.0,57.5,27.0,-1700.0,1100.0
2013-11-23,2013,louisianatech,tulsa,14,24,0,3.5,2.5,0.5,53.0,53.5,24.5,115.0,-135.0
2013-11-23,2013,kansasstate,oklahoma,31,41,0,4.0,5.5,2.0,54.5,53.5,28.0,-205.0,175.0
2013-11-23,2013,mississippi,missouri,10,24,0,2.0,1.5,28.5,56.0,58.5,0.5,110.0,-130.0
2013-11-23,2013,washingtonstate,utah,49,37,1,1.0,2.0,28.0,53.5,52.0,1.0,-125.0,105.0
2013-11-23,2013,sandiegostate,boisestate,34,31,1,7.5,7.0,4.0,57.0,57.0,27.5,215.0,-265.0
2013-11-23,2013,alabama,tennchat,49,0,1,49.0,48.0,17.0,NaN,52.0,24.0,-875000.0,175000.0
2013-11-23,2013,clemson,thecitadel,52,6,1,39.5,40.5,14.5,NaN,70.0,NaN,-300000.0,60000.0
2013-11-23,2013,southcarolina,coastalcarolina,70,10,1,34.5,34.5,14.0,NaN,68.5,NaN,-24000.0,6000.0
2013-11-23,2013,florida,georgiasouthern,20,26,0,27.5,28.5,14.5,NaN,44.0,21.0,-24000.0,6000.0
2013-11-23,2013,georgiatech,alabamaa&m,66,7,1,51.5,52.5,14.5,NaN,58.0,26.5,-950000.0,190000.0
2013-11-23,2013,northcarolina,olddominion,80,20,1,17.0,17.0,0.0,NaN,78.0,NaN,-2000.0,1000.0
2013-11-26,2013,noillinois,westernmichigan,33,14,1,33.5,35.5,18.0,63.0,64.0,30.0,NaN,NaN
2013-11-28,2013,texas,texastech,41,16,1,5.5,6.0,1.5,66.0,68.0,33.0,-230.0,190.0
2013-11-28,2013,mississippist,mississippi,17,10,1,3.0,4.0,3.0,52.5,53.5,24.0,145.0,-165.0
2013-11-29,2013,nebraska,iowa,17,38,0,2.5,3.0,3.0,47.5,47.0,21.0,-155.0,135.0
2013-11-29,2013,akron,toledo,31,29,1,7.5,11.0,7.0,55.5,58.0,29.5,330.0,-410.0
2013-11-29,2013,ballstate,miamiohio,55,14,1,33.0,35.0,14.0,55.5,60.0,24.5,-22600.0,11400.0
2013-11-29,2013,centralmichigan,easternmichigan,42,10,1,19.0,17.5,7.0,57.5,58.0,27.0,-880.0,630.0
2013-11-29,2013,ohio,massachusetts,51,23,1,14.0,20.5,7.5,51.0,51.5,24.0,-1180.0,830.0
2013-11-29,2013,marshall,eastcarolina,59,28,1,1.5,3.5,0.5,66.0,70.5,34.5,-160.0,140.0
2013-11-29,2013,buffalou,bowlinggreen,7,24,0,1.0,3.5,3.0,52.0,51.5,24.0,145.0,-165.0
2013-11-29,2013,lsu,arkansas,31,27,1,24.5,28.0,14.0,54.5,54.5,28.5,-2950.0,1450.0
2013-11-29,2013,troy,texasstate,42,28,1,4.0,8.5,3.5,58.5,57.5,27.0,-320.0,260.0
2013-11-29,2013,floridaatlantic,floridaintl,21,6,1,28.0,28.0,11.5,42.0,45.0,21.0,-5513.0,3237.0
2013-11-29,2013,centralflorida,southflorida,23,20,1,25.0,27.0,14.0,49.5,50.5,24.5,-3700.0,2300.0
2013-11-29,2013,sanjosestate,fresnostate,62,52,1,8.5,11.0,6.5,71.0,72.5,42.5,330.0,-410.0
2013-11-29,2013,pittsburghu,miamiflorida,31,41,0,2.5,1.5,27.0,56.0,56.0,1.0,105.0,-125.0
2013-11-29,2013,washingtonu,washingtonstate,27,17,1,14.5,17.5,10.0,65.5,66.0,31.5,-785.0,585.0
2013-11-29,2013,houstonu,smu,34,0,1,10.0,9.0,3.0,64.0,64.0,28.0,-345.0,275.0
2013-11-29,2013,oregon,oregonstate,36,35,1,21.0,24.0,12.5,68.0,69.0,35.5,-1900.0,1100.0
2013-11-30,2013,michigan,ohiostate,41,42,0,14.0,17.0,8.0,58.0,57.0,30.5,570.0,-745.0
2013-11-30,2013,syracuse,bostoncollege,34,31,1,2.5,2.5,3.0,53.5,51.0,27.0,120.0,-140.0
2013-11-30,2013,ncstate,maryland,21,41,0,2.0,3.0,0.5,51.0,50.0,26.5,130.0,-150.0
2013-11-30,2013,vanderbilt,wakeforest,23,21,1,14.0,14.5,7.0,43.0,43.0,23.5,-580.0,455.0
2013-11-30,2013,northcarolina,duke,25,27,0,5.5,4.5,3.5,60.0,62.5,31.5,-190.0,165.0
2013-11-30,2013,westvirginia,iowastate,44,52,0,8.5,7.5,3.0,54.0,54.0,25.5,-340.0,270.0
2013-11-30,2013,illinois,northwestern,34,37,0,4.0,4.0,0.5,60.5,59.5,31.5,150.0,-170.0
2013-11-30,2013,indiana,purdue,56,36,1,21.0,20.0,7.5,67.0,66.5,31.0,-1050.0,750.0
2013-11-30,2013,connecticut,rutgers,28,17,1,4.0,2.5,1.0,49.0,47.0,23.5,110.0,-130.0
2013-11-30,2013,kentucky,tennesseeu,14,27,0,4.0,3.5,26.5,53.0,52.0,0.0,155.0,-175.0
2013-11-30,2013,michiganstate,minnesotau,14,3,1,14.5,17.0,7.5,41.0,42.5,20.0,-755.0,580.0
2013-11-30,2013,memphis,temple,21,41,0,7.0,8.5,6.0,47.0,49.5,24.5,-345.0,275.0
2013-11-30,2013,uab,southernmiss,27,62,0,13.5,14.5,7.0,61.5,63.0,31.0,-620.0,470.0
2013-11-30,2013,georgiastate,southalabama,17,38,0,10.0,7.5,3.5,61.0,59.5,27.5,260.0,-320.0
2013-11-30,2013,utahstate,wyoming,35,7,1,20.0,24.0,9.5,58.5,58.5,24.5,-2245.0,1245.0
2013-11-30,2013,utah,colorado,24,17,1,14.0,16.5,7.0,55.5,56.0,24.5,-665.0,515.0
2013-11-30,2013,nevada,byu,23,28,0,14.5,15.5,10.0,65.0,66.0,31.0,510.0,-660.0
2013-11-30,2013,rice,tulane,17,13,1,12.5,10.0,3.5,49.0,49.0,24.0,-390.0,310.0
2013-11-30,2013,georgiatech,georgia,34,41,0,3.0,2.5,3.0,57.0,58.5,28.0,125.0,-145.0
2013-11-30,2013,missouri,texasa&m,28,21,1,3.0,4.5,3.5,67.5,72.5,34.5,-185.0,160.0
2013-11-30,2013,virginia,virginiatech,6,16,0,13.0,11.0,3.5,41.0,41.0,21.0,350.0,-440.0
2013-11-30,2013,auburn,alabama,34,28,1,9.5,10.0,3.5,54.5,53.0,27.0,330.0,-420.0
2013-11-30,2013,boisestate,newmexico,45,17,1,35.0,37.5,16.5,64.0,70.0,31.0,-40500.0,19500.0
2013-11-30,2013,tcu,baylor,38,41,0,14.0,14.0,5.5,64.0,65.5,31.5,425.0,-550.0
2013-11-30,2013,florida,floridastate,7,37,0,26.0,28.0,14.0,44.0,51.0,22.5,2875.0,-4625.0
2013-11-30,2013,coloradostate,airforce,58,13,1,14.0,17.5,7.0,61.0,61.5,27.5,-855.0,605.0
2013-11-30,2013,kansas,kansasstate,10,31,0,16.5,18.0,7.5,51.5,51.5,24.5,635.0,-885.0
2013-11-30,2013,wisconsin,pennstate,24,31,0,23.5,25.5,13.5,49.5,49.5,26.5,-2150.0,1350.0
2013-11-30,2013,texsanantonio,louisianatech,30,10,1,14.0,16.0,6.5,53.5,52.5,25.5,-660.0,510.0
2013-11-30,2013,newmexicostate,idaho,24,16,1,4.5,3.0,0.5,63.0,64.5,30.5,-150.0,130.0
2013-11-30,2013,unlv,sandiegostate,45,19,1,3.0,3.5,2.5,53.5,54.0,24.5,150.0,-170.0
2013-11-30,2013,westernkentucky,arkansasstate,34,31,1,4.0,5.5,3.0,56.5,55.5,27.5,-225.0,190.0
2013-11-30,2013,tulsa,northtexas,10,42,0,3.0,4.0,1.0,48.5,49.5,24.5,170.0,-195.0
2013-11-30,2013,ullafayette,ulmonroe,28,31,0,13.0,18.0,7.5,56.0,56.5,28.0,-895.0,645.0
2013-11-30,2013,middletennst,utep,48,17,1,21.0,24.0,9.5,56.0,56.0,24.5,-1865.0,1215.0
2013-11-30,2013,southcarolina,clemson,31,17,1,6.0,2.5,0.5,58.0,62.0,30.5,-135.0,115.0
2013-11-30,2013,usc,ucla,14,35,0,3.5,4.0,3.0,51.0,53.0,25.5,-195.0,170.0
2013-11-30,2013,stanford,notredame,27,20,1,14.0,16.5,8.0,50.5,49.0,24.0,-730.0,520.0
2013-11-30,2013,arizonastate,arizonau,58,21,1,14.0,10.0,3.0,59.5,62.0,29.5,-405.0,325.0
2013-11-30,2013,hawaii,army,49,42,1,4.5,6.5,2.5,59.0,62.5,29.5,-215.0,185.0
2013-12-05,2013,cincinnatiu,louisville,24,31,0,3.5,3.0,0.5,51.0,48.5,23.0,130.0,-150.0
2013-12-06,2013,noillinois,bowlinggreen,27,47,0,3.0,3.0,6.0,57.5,58.5,31.0,-160.0,135.0
2013-12-07,2013,connecticut,memphis,45,10,1,43.0,1.5,1.5,0.0,41.5,20.5,100.0,-120.0
2013-12-07,2013,rutgers,southflorida,31,6,1,7.0,4.0,0.5,46.5,44.0,21.5,-175.0,155.0
2013-12-07,2013,baylor,texas,30,10,1,14.0,17.0,9.5,73.5,71.0,33.5,-780.0,580.0
2013-12-07,2013,southalabama,ullafayette,30,8,1,0.0,3.0,0.0,59.0,59.5,26.5,-150.0,130.0
2013-12-07,2013,smu,centralflorida,13,17,0,10.0,14.0,9.5,60.5,56.5,27.5,425.0,-550.0
2013-12-07,2013,oklahomastate,oklahoma,24,33,0,10.5,10.0,6.5,58.0,57.0,27.0,-385.0,305.0
2013-12-07,2013,rice,marshall,41,24,1,4.5,6.5,6.5,59.5,64.5,33.5,215.0,-265.0
2013-12-07,2013,arizonastate,stanford,14,38,0,3.0,3.0,4.0,55.5,52.5,27.0,-155.0,135.0
2013-12-07,2013,fresnostate,utahstate,24,17,1,3.5,2.5,0.0,59.5,61.5,28.0,-140.0,120.0
2013-12-14,2013,navy,army,34,7,1,10.0,13.5,6.5,55.0,50.0,21.0,-550.0,425.0
2013-12-21,2013,tulane,ullafayette,21,24,0,0.0,1.0,0.5,49.5,50.5,26.0,-115.0,-105.0
